Index,Index_list
109776,"[47258, 88353, 54730, 29734, 94371, 82668, 19894, 52778, 5332, 83368]"
109777,"[105353, 67136, 106992, 28204, 98313, 53862, 5906, 44042, 97426, 94927]"
109778,"[31137, 103177, 1455, 73695, 98603, 38098, 89511, 96854, 34689, 50126]"
109779,"[37568, 48556, 35290, 4566, 72850, 34652, 33630, 103603, 70377, 50655]"
109780,"[96443, 106819, 84688, 9305, 49239, 3221, 41948, 85141, 66795, 68308]"
109781,"[102931, 90249, 51049, 97538, 37835, 103815, 97797, 69175, 46344, 58815]"
109782,"[87823, 54184, 56862, 18186, 80772, 58012, 80052, 82203, 36462, 87025]"
109783,"[12766, 42607, 42740, 49936, 22443, 80403, 79150, 58438, 88508, 101323]"
109784,"[91316, 84520, 105943, 51951, 22105, 104820, 49360, 83415, 18822, 91073]"
109785,"[5944, 4042, 28256, 107130, 12082, 79813, 30499, 81059, 19538, 9247]"
109786,"[28447, 3040, 21983, 40971, 42519, 47911, 15735, 802, 2431, 41681]"
109787,"[8810, 19953, 64219, 19879, 104274, 74337, 89976, 29624, 81404, 61295]"
109788,"[17230, 98268, 53264, 102449, 35844, 28345, 99821, 18777, 53349, 66796]"
109789,"[8660, 40067, 17036, 89026, 100567, 86273, 47949, 16118, 47322, 5455]"
109790,"[13407, 39452, 1365, 25403, 80926, 22956, 29227, 88328, 49843, 57048]"
109791,"[55335, 31806, 74038, 30987, 61520, 64490, 80044, 33617, 19323, 18940]"
109792,"[31903, 27365, 80661, 64489, 44471, 57190, 26788, 103468, 46073, 47808]"
109793,"[109644, 52385, 4383, 21434, 82273, 8801, 68751, 42976, 16168, 18517]"
109794,"[4441, 14140, 57694, 91080, 45230, 93782, 3301, 35412, 26579, 88749]"
109795,"[15187, 16728, 80487, 52636, 18858, 96767, 2168, 43133, 73212, 18598]"
109796,"[43271, 6342, 28479, 52119, 17482, 19383, 82204, 19115, 14222, 30100]"
109797,"[94401, 68214, 15944, 108338, 7812, 34964, 78194, 86935, 38042, 84001]"
109798,"[70616, 69551, 108395, 109122, 53378, 77597, 70926, 97807, 5326, 56095]"
109799,"[60252, 80731, 53019, 67994, 96339, 5663, 17841, 26899, 90422, 82917]"
109800,"[46465, 27454, 26751, 2306, 50932, 97692, 46070, 57139, 37790, 70072]"
109801,"[100361, 74139, 85051, 90925, 10089, 29125, 28497, 6346, 27020, 33643]"
109802,"[38958, 36890, 84713, 29294, 26000, 90602, 83550, 92979, 18895, 63043]"
109803,"[57636, 77486, 30151, 103406, 76676, 83477, 8471, 16062, 72769, 31172]"
109804,"[31025, 61312, 91757, 52110, 96601, 87847, 12234, 107337, 41334, 51912]"
109805,"[5400, 44305, 20161, 23904, 33212, 44064, 74124, 74435, 17637, 32741]"
109806,"[108948, 46122, 42127, 9765, 92585, 73255, 33956, 590, 90665, 71614]"
109807,"[16587, 16387, 22276, 70528, 70296, 63910, 72575, 27659, 3887, 78771]"
109808,"[107829, 10343, 21192, 75390, 5758, 65598, 16492, 585, 54753, 26748]"
109809,"[56714, 69486, 46207, 27184, 93496, 31005, 28603, 24869, 62359, 71450]"
109810,"[16688, 83138, 95198, 27286, 9766, 36518, 98217, 14610, 107570, 61191]"
109811,"[108497, 61790, 89627, 45754, 56651, 107949, 89322, 31619, 80456, 1853]"
109812,"[71738, 103645, 36876, 71374, 2252, 70400, 9541, 87146, 49815, 11557]"
109813,"[84720, 82012, 88275, 30169, 19444, 24787, 10579, 69776, 80559, 19257]"
109814,"[108126, 46787, 65204, 48765, 75626, 64205, 2165, 11482, 43930, 39243]"
109815,"[65622, 41776, 101091, 52604, 48709, 31315, 101382, 27879, 81295, 60317]"
109816,"[69701, 17908, 63543, 308, 85274, 6239, 92690, 64382, 63738, 28628]"
109817,"[95107, 43556, 27451, 65329, 13833, 12077, 95202, 24736, 77570, 23102]"
109818,"[60389, 66348, 92275, 32134, 7726, 108003, 14602, 75368, 94915, 33474]"
109819,"[22473, 97032, 90983, 87273, 78890, 20480, 100933, 58666, 41884, 3960]"
109820,"[78980, 33284, 1493, 104946, 80602, 57369, 7573, 45795, 40670, 97355]"
109821,"[52763, 35474, 40662, 107150, 20553, 97269, 5371, 54170, 33098, 28489]"
109822,"[85889, 68921, 79226, 4377, 5490, 30030, 94923, 109658, 54956, 98318]"
109823,"[19383, 91059, 12595, 79448, 39434, 70273, 43942, 43271, 52119, 46069]"
109824,"[26438, 102042, 92575, 8453, 23253, 102780, 92449, 3122, 32444, 41460]"
109825,"[10589, 80509, 68908, 3343, 47653, 41240, 98059, 39193, 75053, 50673]"
109826,"[30745, 34289, 17993, 65587, 8408, 59965, 5114, 108848, 35820, 31849]"
109827,"[17024, 14364, 36767, 32800, 23591, 23740, 38085, 82444, 67570, 106833]"
109828,"[96879, 104755, 23273, 34065, 41300, 5064, 1862, 89284, 88578, 88535]"
109829,"[62848, 71430, 108742, 55961, 14106, 97403, 34322, 93327, 44282, 36673]"
109830,"[63875, 67879, 37566, 43565, 70168, 100881, 76743, 106530, 42584, 32622]"
109831,"[98544, 89877, 78038, 96007, 56870, 79295, 16652, 92397, 89431, 13482]"
109832,"[89632, 100179, 102381, 2921, 37575, 27364, 92202, 24734, 18546, 63597]"
109833,"[89764, 13676, 26747, 92613, 104106, 48884, 67379, 88917, 89989, 73442]"
109834,"[92885, 95558, 12038, 76053, 55326, 80332, 54613, 43073, 25685, 36402]"
109835,"[38323, 54543, 94740, 91750, 29348, 101185, 72293, 62741, 78825, 48563]"
109836,"[46937, 37776, 82682, 54023, 46271, 91688, 30505, 42125, 104064, 96534]"
109837,"[81523, 95753, 94190, 98385, 34839, 49955, 94837, 66826, 71998, 28999]"
109838,"[56692, 67503, 68787, 103272, 44621, 94244, 19389, 88576, 59447, 12584]"
109839,"[13548, 90062, 58586, 62486, 55561, 18442, 64131, 5573, 104174, 100800]"
109840,"[28903, 90153, 90137, 27220, 38301, 4488, 20073, 91105, 77549, 46228]"
109841,"[22676, 4506, 61552, 5360, 35475, 55162, 45582, 54038, 59181, 21730]"
109842,"[33690, 104712, 17765, 21084, 74729, 11622, 89328, 9181, 105929, 17336]"
109843,"[83216, 27012, 45354, 47442, 81833, 21889, 94219, 68068, 35714, 30243]"
109844,"[23610, 109331, 43170, 17111, 51300, 18322, 5831, 103631, 62172, 84672]"
109845,"[99743, 74981, 50836, 79553, 81425, 67666, 35811, 29832, 56843, 104400]"
109846,"[22645, 66415, 47755, 66745, 64849, 16549, 94917, 18565, 9453, 51689]"
109847,"[59316, 75760, 96484, 20800, 25381, 65453, 90520, 9787, 75160, 66022]"
109848,"[92508, 66917, 70342, 11829, 92914, 67532, 35058, 106990, 72169, 108901]"
109849,"[17608, 75747, 64843, 59707, 31275, 84284, 55545, 89994, 35399, 16479]"
109850,"[3765, 97157, 56994, 30070, 20729, 85696, 68270, 25588, 23515, 41674]"
109851,"[70686, 88604, 29563, 78759, 94545, 82477, 67284, 51350, 1227, 4812]"
109852,"[41219, 88398, 22515, 98484, 54706, 19527, 57539, 9073, 7834, 88241]"
109853,"[54222, 98531, 109283, 23062, 20443, 106859, 79682, 92338, 19236, 79930]"
109854,"[100548, 58718, 55241, 15891, 31229, 70046, 35358, 54508, 8906, 14509]"
109855,"[33751, 105176, 16047, 22203, 10319, 39040, 103713, 67111, 53230, 83757]"
109856,"[23754, 23546, 67681, 7340, 86327, 65320, 62432, 29813, 103118, 79854]"
109857,"[5586, 15125, 54142, 30620, 33371, 18715, 50493, 97234, 46112, 74177]"
109858,"[30299, 65543, 51450, 52332, 85262, 73606, 100228, 80414, 76148, 70034]"
109859,"[96052, 72296, 47946, 57232, 18505, 84606, 34205, 82531, 42749, 88727]"
109860,"[8488, 57646, 21117, 17767, 30546, 23221, 10927, 77067, 23449, 2063]"
109861,"[7114, 34933, 28794, 104893, 11645, 30305, 6717, 68282, 54104, 80958]"
109862,"[25232, 21615, 9769, 106272, 50469, 39686, 39212, 67768, 92266, 782]"
109863,"[82917, 35067, 55656, 97419, 79755, 82103, 13030, 96882, 91989, 55734]"
109864,"[10780, 34614, 38824, 909, 28277, 30602, 35939, 40262, 108453, 48376]"
109865,"[9795, 39986, 34235, 12713, 12600, 54901, 8121, 87807, 22335, 76731]"
109866,"[735, 101052, 109266, 28917, 87291, 101214, 212, 79766, 87757, 67287]"
109867,"[82480, 26977, 14043, 12544, 101741, 40095, 55406, 36447, 84265, 8438]"
109868,"[8556, 47669, 25326, 74747, 59820, 3968, 37812, 46530, 5128, 18441]"
109869,"[87766, 14415, 58868, 23746, 3302, 5207, 39878, 13586, 100843, 71446]"
109870,"[66334, 74709, 35553, 20901, 31910, 57271, 59402, 102674, 20014, 37100]"
109871,"[2901, 69563, 68127, 23414, 100415, 46844, 6376, 48459, 9100, 31608]"
109872,"[59247, 98546, 70257, 62833, 109535, 71471, 70772, 73567, 45603, 109108]"
109873,"[9295, 56503, 49614, 43978, 75349, 81939, 494, 47199, 58555, 72476]"
109874,"[50977, 66622, 29370, 88669, 45449, 81578, 28870, 55807, 4170, 68234]"
109875,"[69146, 88694, 49803, 87663, 74654, 37335, 76225, 109311, 43069, 68617]"
109876,"[20164, 61920, 38106, 75049, 29442, 24633, 22183, 36737, 46579, 94722]"
109877,"[105026, 33641, 95920, 41926, 24567, 24389, 56693, 2916, 88927, 76936]"
109878,"[63665, 23167, 40117, 58655, 95885, 97867, 14744, 23152, 108159, 46827]"
109879,"[76092, 75952, 35792, 77468, 54267, 39552, 93467, 3797, 85463, 61229]"
109880,"[17941, 63475, 104550, 35368, 32984, 42709, 46888, 50368, 61183, 101776]"
109881,"[71813, 49856, 42736, 12661, 34051, 16654, 75082, 84917, 102534, 90210]"
109882,"[10713, 48912, 99741, 58879, 91683, 82602, 37824, 32573, 18658, 43432]"
109883,"[99446, 48360, 33277, 61006, 74755, 17156, 65153, 57424, 21349, 2232]"
109884,"[64283, 1772, 109007, 91275, 56149, 105834, 52331, 28992, 42113, 58576]"
109885,"[23869, 42403, 41524, 92788, 61288, 48960, 16685, 12716, 61745, 79616]"
109886,"[108718, 56972, 22575, 102280, 1382, 95272, 37788, 90325, 52448, 7483]"
109887,"[101146, 23133, 90179, 17595, 49421, 101083, 68827, 45466, 66810, 52776]"
109888,"[84508, 34660, 50077, 88292, 47624, 65565, 96959, 70135, 14164, 38707]"
109889,"[100291, 40889, 73715, 89707, 28659, 22270, 56950, 68204, 107776, 54132]"
109890,"[36181, 90206, 27887, 66587, 79826, 32823, 104528, 66139, 56955, 35359]"
109891,"[65506, 68477, 10125, 21643, 80249, 92768, 70683, 99876, 107198, 61208]"
109892,"[68262, 65190, 77604, 70660, 66978, 89073, 70536, 64795, 94250, 46098]"
109893,"[77129, 6813, 55356, 82865, 15743, 95066, 82288, 32343, 53638, 47715]"
109894,"[106701, 62976, 31438, 78480, 37229, 93256, 53162, 96806, 11684, 104674]"
109895,"[18225, 65929, 107330, 35093, 103731, 52907, 22790, 96362, 3956, 94218]"
109896,"[109006, 9302, 45522, 74703, 85790, 86043, 23073, 105192, 46849, 60732]"
109897,"[29273, 103842, 45705, 24246, 96801, 12023, 48160, 62582, 1158, 47870]"
109898,"[40476, 49705, 22283, 16802, 36828, 99170, 85067, 16873, 10915, 55614]"
109899,"[23544, 15216, 53668, 76736, 66016, 41186, 88866, 59588, 34286, 74257]"
109900,"[46918, 97880, 70092, 69916, 6246, 20025, 98916, 48851, 98575, 92126]"
109901,"[98576, 51533, 27307, 22806, 328, 52144, 21415, 92214, 97781, 9954]"
109902,"[7883, 3522, 48137, 36451, 37832, 53149, 625, 83339, 38056, 101152]"
109903,"[37828, 33985, 10300, 17432, 93447, 5203, 50450, 20961, 2099, 40541]"
109904,"[55390, 36496, 89174, 92053, 62093, 55591, 97923, 34089, 90483, 31739]"
109905,"[50524, 101758, 61702, 68320, 12450, 36393, 100334, 82314, 99818, 97429]"
109906,"[91130, 78245, 76249, 55259, 17680, 20847, 57588, 106054, 65123, 59104]"
109907,"[21471, 49558, 15045, 38975, 64376, 89686, 18722, 3200, 34546, 18282]"
109908,"[1761, 17289, 84618, 54967, 67645, 26130, 89942, 45036, 93320, 10201]"
109909,"[70989, 22193, 62064, 4735, 39644, 40314, 42883, 36237, 99174, 42122]"
109910,"[22270, 100291, 28659, 29375, 102214, 68204, 56950, 92737, 50161, 86042]"
109911,"[92170, 74105, 71331, 39949, 40449, 50305, 59281, 24343, 16465, 107242]"
109912,"[79526, 34552, 33852, 47038, 50810, 5954, 86675, 80419, 90373, 56197]"
109913,"[95384, 102350, 44731, 82630, 44513, 86022, 98947, 98826, 44232, 40954]"
109914,"[61230, 61392, 53852, 81943, 36428, 26233, 3659, 31774, 38854, 106176]"
109915,"[109657, 21054, 101463, 99406, 98388, 90871, 80887, 21613, 70667, 43907]"
109916,"[93449, 12838, 1448, 96046, 46185, 97113, 74234, 10605, 37116, 14123]"
109917,"[39037, 85404, 57209, 74297, 8303, 68712, 60169, 29420, 71486, 49831]"
109918,"[89948, 30319, 98419, 52010, 101314, 22705, 109475, 3887, 35917, 83522]"
109919,"[108310, 27829, 69524, 52980, 13756, 60569, 63643, 86142, 27972, 5644]"
109920,"[105597, 64153, 59006, 86074, 15981, 16738, 107813, 106050, 71074, 105831]"
109921,"[31378, 90295, 36, 23228, 70644, 58311, 108602, 62611, 28121, 10921]"
109922,"[98992, 99749, 103269, 76762, 11910, 33791, 38139, 16164, 2097, 101671]"
109923,"[56767, 96252, 6830, 4686, 79912, 13936, 72249, 82231, 84940, 23887]"
109924,"[58758, 61749, 7026, 1857, 57840, 15746, 36761, 518, 61017, 17730]"
109925,"[36570, 81252, 96724, 50565, 51821, 37271, 6209, 11057, 52753, 59846]"
109926,"[567, 40491, 48077, 16310, 89876, 64045, 56719, 34837, 40687, 101318]"
109927,"[103098, 33679, 109497, 103507, 56948, 52726, 83717, 88213, 89021, 75424]"
109928,"[16756, 34774, 7331, 72748, 7566, 95293, 59806, 58323, 76098, 28074]"
109929,"[34026, 2, 87958, 4367, 31804, 55833, 7890, 9639, 100043, 32644]"
109930,"[104755, 34065, 41300, 5064, 96468, 96879, 15509, 21645, 73878, 57861]"
109931,"[107325, 3657, 4859, 86168, 66081, 94081, 8775, 50179, 38808, 43982]"
109932,"[33108, 83102, 97716, 87010, 4708, 11169, 55830, 24008, 76403, 57204]"
109933,"[76618, 88539, 22347, 95501, 94696, 98993, 18532, 16151, 80691, 4663]"
109934,"[66508, 105618, 71270, 48351, 72319, 12076, 76148, 16315, 16416, 107147]"
109935,"[66141, 59303, 17069, 59546, 24464, 481, 93895, 13282, 73183, 88043]"
109936,"[41714, 17683, 46463, 39813, 71708, 109356, 38382, 21433, 22793, 67607]"
109937,"[102189, 41012, 50716, 80784, 86921, 63166, 21592, 9432, 77071, 45211]"
109938,"[74241, 4255, 97171, 24158, 82517, 47997, 72329, 53263, 43807, 32231]"
109939,"[88354, 69005, 25212, 41591, 5141, 11306, 108239, 39251, 47696, 9974]"
109940,"[68351, 37653, 2170, 93887, 85455, 29173, 105892, 87805, 18717, 78809]"
109941,"[22452, 51749, 9506, 14458, 18683, 96190, 32886, 76386, 103138, 56891]"
109942,"[35100, 85628, 23358, 24501, 29257, 10990, 107788, 38331, 6753, 80861]"
109943,"[98165, 30701, 105162, 40475, 80138, 56014, 72068, 76602, 66497, 8056]"
109944,"[72240, 77855, 95265, 70828, 18105, 30712, 1014, 24540, 10940, 4529]"
109945,"[23365, 89498, 102899, 74591, 61234, 107538, 31226, 49330, 61170, 59671]"
109946,"[25008, 105007, 26289, 102684, 23847, 12854, 97492, 20378, 60617, 72291]"
109947,"[106617, 59666, 108874, 85267, 109238, 33497, 87098, 91289, 71995, 82293]"
109948,"[39906, 67549, 79010, 62042, 72457, 1220, 104958, 45989, 2742, 41992]"
109949,"[104247, 11246, 49019, 68748, 23632, 19366, 64975, 44793, 8492, 2493]"
109950,"[41023, 39475, 15206, 40451, 86401, 40964, 8095, 14367, 62399, 45672]"
109951,"[6517, 18646, 23048, 95451, 104807, 46632, 14081, 37469, 42062, 31061]"
109952,"[49173, 84515, 61189, 97262, 74617, 94586, 6303, 50224, 105871, 52065]"
109953,"[12512, 47421, 33080, 78507, 50976, 4751, 39469, 99439, 38310, 3962]"
109954,"[61350, 46862, 81275, 42599, 38294, 98515, 109396, 48877, 61371, 57481]"
109955,"[91347, 1120, 99373, 99111, 371, 95392, 105951, 34183, 33950, 106050]"
109956,"[18238, 53522, 97322, 102253, 10069, 12689, 10302, 94092, 11618, 79241]"
109957,"[83752, 69566, 64705, 101380, 109172, 86158, 90094, 81515, 97961, 72625]"
109958,"[53381, 72101, 39429, 21763, 95363, 99565, 44221, 50912, 23582, 21426]"
109959,"[70799, 98495, 100960, 23187, 75988, 59396, 46319, 12041, 39498, 64815]"
109960,"[25351, 5353, 66234, 87099, 4453, 26106, 52274, 98039, 11434, 57982]"
109961,"[20008, 34170, 15305, 81669, 27490, 95715, 73743, 66740, 72909, 12308]"
109962,"[104092, 68183, 75238, 82157, 57851, 83387, 84782, 106886, 75107, 66441]"
109963,"[71966, 29997, 104690, 96730, 26907, 79060, 3953, 36810, 5723, 13436]"
109964,"[36686, 29311, 54769, 38392, 99661, 15309, 82224, 20935, 11744, 18159]"
109965,"[38823, 14085, 86418, 3196, 63406, 95640, 17335, 61327, 62009, 100307]"
109966,"[79448, 19383, 13409, 12536, 12595, 30100, 91059, 70273, 43942, 43271]"
109967,"[19006, 109142, 46619, 29768, 12178, 98116, 89668, 79640, 14747, 44074]"
109968,"[26561, 92838, 6416, 69997, 91117, 70959, 14455, 27792, 108280, 68163]"
109969,"[100006, 109634, 98487, 32679, 104668, 56611, 80068, 84923, 32551, 5814]"
109970,"[21952, 97951, 19578, 80760, 102937, 2707, 60759, 24028, 96824, 75706]"
109971,"[29490, 18352, 66418, 99450, 99018, 49734, 33773, 6300, 18831, 96932]"
109972,"[31605, 107257, 82388, 54529, 95178, 102551, 57833, 74626, 49778, 90056]"
109973,"[26439, 20103, 12523, 22885, 6312, 45291, 90932, 74948, 97501, 74964]"
109974,"[78682, 15936, 9580, 39568, 109459, 71952, 17899, 77352, 54183, 14012]"
109975,"[36500, 108825, 43331, 18016, 97969, 55798, 33466, 3603, 57443, 3365]"
109976,"[75223, 2995, 38945, 43234, 76509, 65662, 6473, 11061, 85774, 2737]"
109977,"[102770, 93850, 63748, 100440, 43516, 88646, 6726, 54967, 7170, 72302]"
109978,"[34690, 81477, 57994, 37034, 17162, 64126, 74853, 50898, 80981, 28807]"
109979,"[29620, 41297, 48215, 54091, 49833, 44057, 99288, 73385, 42335, 3980]"
109980,"[73279, 105099, 88749, 1885, 81228, 96285, 17645, 50554, 103367, 9515]"
109981,"[13903, 61288, 41524, 16379, 21226, 10686, 60140, 84602, 84930, 43980]"
109982,"[48776, 25235, 72568, 19320, 42716, 43612, 62905, 18663, 8046, 18754]"
109983,"[39319, 45157, 96787, 59632, 97520, 62916, 91917, 39820, 61763, 98907]"
109984,"[89903, 25359, 4046, 22647, 49227, 62373, 325, 83615, 55448, 40251]"
109985,"[12432, 1513, 76628, 35865, 97514, 100051, 7306, 28745, 105720, 102850]"
109986,"[45977, 55500, 12700, 26554, 53143, 39474, 81025, 79631, 19373, 9654]"
109987,"[54994, 13321, 71947, 74045, 33559, 64119, 46851, 43241, 23982, 554]"
109988,"[21578, 24612, 27788, 68107, 67804, 106813, 43547, 89882, 85763, 50935]"
109989,"[70537, 96296, 17417, 8885, 61952, 13208, 82489, 58309, 62528, 76591]"
109990,"[9743, 34274, 21367, 20543, 85833, 93302, 11187, 102422, 58146, 80923]"
109991,"[48676, 8858, 108685, 97192, 29419, 102094, 4886, 8946, 35122, 40979]"
109992,"[25922, 9558, 87619, 64875, 33424, 16174, 9811, 23489, 25829, 37492]"
109993,"[80894, 73818, 65207, 84525, 26894, 72272, 7628, 92516, 57304, 7791]"
109994,"[101876, 2159, 88676, 61983, 8808, 78874, 42727, 273, 94494, 89584]"
109995,"[32508, 73163, 65693, 101712, 69722, 10734, 75731, 10271, 62222, 74290]"
109996,"[50575, 100183, 37631, 93072, 37752, 33970, 30898, 53638, 47715, 70678]"
109997,"[27766, 50671, 25866, 80556, 52986, 87575, 29111, 47205, 4049, 17704]"
109998,"[33467, 71231, 2384, 96146, 81664, 19846, 27094, 107428, 28510, 2079]"
109999,"[24790, 54601, 44480, 31535, 80506, 57225, 54530, 25115, 53819, 61891]"
110000,"[46832, 8576, 22302, 107136, 52966, 14133, 2254, 34780, 2076, 52201]"
110001,"[72647, 37581, 3694, 67250, 39066, 44041, 80102, 64166, 105290, 61587]"
110002,"[19982, 74228, 30085, 74745, 81916, 46922, 55165, 67067, 6954, 79505]"
110003,"[100557, 86572, 45382, 56448, 2412, 30591, 66507, 90762, 20631, 37952]"
110004,"[31913, 27125, 84284, 81929, 30901, 79577, 108691, 902, 1972, 26952]"
110005,"[44119, 57109, 103362, 93535, 56247, 78011, 90450, 64783, 30000, 82522]"
110006,"[98063, 32272, 63358, 65878, 1614, 94062, 39455, 16857, 91548, 10452]"
110007,"[68043, 35751, 82717, 25246, 1780, 75596, 97950, 73274, 4093, 4000]"
110008,"[78156, 82409, 54382, 61446, 64456, 108836, 45727, 42386, 77938, 54398]"
110009,"[48963, 22791, 67356, 42985, 34172, 50873, 96302, 5638, 61150, 56679]"
110010,"[42620, 90708, 68115, 69577, 69581, 42621, 56365, 31977, 16874, 82945]"
110011,"[18798, 55738, 6059, 38793, 47642, 109060, 17395, 107158, 107315, 71996]"
110012,"[22402, 38999, 30442, 93424, 30934, 54706, 72578, 4465, 61896, 64268]"
110013,"[96344, 45037, 92679, 101701, 8656, 51799, 93430, 41978, 47414, 12535]"
110014,"[15931, 26378, 81223, 54917, 43875, 60989, 43885, 74505, 48234, 49280]"
110015,"[32273, 67421, 105666, 35576, 30516, 37880, 84694, 55100, 96851, 100822]"
110016,"[94326, 6392, 15093, 28200, 69731, 18707, 66216, 88768, 54733, 14773]"
110017,"[24153, 27573, 90101, 98328, 9016, 9917, 99421, 30016, 1122, 64357]"
110018,"[106768, 19640, 69421, 42525, 92960, 6981, 40990, 58230, 107085, 14147]"
110019,"[47684, 77939, 89745, 99578, 35143, 38611, 95988, 71853, 61087, 43352]"
110020,"[59330, 93974, 24750, 29842, 101286, 86318, 86730, 32930, 83237, 11282]"
110021,"[13647, 77577, 89876, 28341, 98888, 34246, 79276, 69542, 101334, 39585]"
110022,"[82354, 103525, 70607, 85993, 49163, 818, 101567, 78169, 100176, 56088]"
110023,"[82962, 3930, 29416, 58720, 99663, 9846, 15525, 47524, 98950, 60820]"
110024,"[109069, 40461, 30030, 67756, 33652, 65155, 15036, 27747, 75073, 9015]"
110025,"[39315, 10272, 87539, 81646, 386, 97298, 31578, 38010, 47915, 49429]"
110026,"[46587, 69236, 49831, 41102, 37840, 68932, 39334, 80163, 74860, 29420]"
110027,"[43487, 24398, 58698, 73110, 64898, 45694, 51433, 105982, 48025, 73538]"
110028,"[29833, 86333, 13093, 100843, 14415, 5207, 3302, 13586, 39878, 87766]"
110029,"[68310, 82980, 39013, 41565, 63676, 64152, 25397, 88127, 33602, 82168]"
110030,"[70308, 106462, 10622, 51820, 1260, 92996, 89586, 62090, 102980, 32804]"
110031,"[74039, 60190, 105678, 4556, 32728, 54909, 95006, 58239, 55982, 16501]"
110032,"[58794, 50890, 24076, 92822, 237, 106332, 97351, 72576, 14305, 56034]"
110033,"[39048, 44371, 42623, 87973, 67642, 88606, 106229, 61758, 13532, 52671]"
110034,"[47364, 98157, 1211, 77128, 66262, 26125, 81905, 87542, 4848, 23194]"
110035,"[46948, 42190, 61482, 20548, 64746, 72593, 852, 74733, 100350, 11130]"
110036,"[59005, 65261, 54841, 80740, 50110, 73276, 27402, 33525, 6650, 47176]"
110037,"[50377, 97652, 104389, 46498, 89917, 101339, 97541, 13707, 105655, 83772]"
110038,"[108590, 2757, 28223, 79505, 20531, 65540, 23289, 108893, 91609, 55165]"
110039,"[101897, 39132, 23864, 26832, 68847, 60329, 44873, 78171, 48282, 107985]"
110040,"[255, 92916, 60107, 24448, 100490, 58658, 61947, 85616, 45894, 4957]"
110041,"[17008, 7885, 65099, 77274, 35573, 13270, 51610, 11392, 12852, 26202]"
110042,"[78403, 37849, 108421, 32045, 27438, 67899, 63510, 67032, 60839, 7419]"
110043,"[36498, 14997, 38403, 28641, 72770, 20381, 72404, 59236, 16684, 49221]"
110044,"[42689, 30493, 25329, 91622, 16438, 79245, 54948, 8636, 77412, 38588]"
110045,"[19517, 11215, 91025, 43971, 67467, 59648, 80830, 21387, 87480, 22577]"
110046,"[104890, 16679, 79683, 82936, 60950, 8441, 44186, 24395, 3052, 67303]"
110047,"[66816, 73762, 94538, 40076, 46800, 18356, 57712, 64812, 7037, 98223]"
110048,"[72603, 99187, 63743, 98480, 83559, 71014, 19016, 99973, 12218, 6524]"
110049,"[30541, 99845, 16668, 100000, 11962, 55634, 94018, 50336, 39731, 46569]"
110050,"[60967, 76257, 81322, 64367, 26137, 23179, 69092, 62779, 40217, 48946]"
110051,"[76126, 1477, 61574, 92654, 4220, 49842, 21141, 9911, 49688, 52125]"
110052,"[4541, 12458, 56840, 1514, 3009, 72398, 42750, 14748, 9613, 7518]"
110053,"[16977, 84442, 51558, 14000, 22674, 23793, 23552, 14435, 27641, 21534]"
110054,"[73114, 29256, 834, 94905, 39254, 29778, 63539, 18091, 86870, 44711]"
110055,"[10646, 20462, 87638, 57693, 72332, 60838, 92766, 73761, 66921, 103943]"
110056,"[20795, 64799, 20023, 53432, 77895, 98960, 7029, 44742, 21841, 48665]"
110057,"[19873, 101953, 55052, 21408, 15225, 82052, 8070, 72880, 16843, 12695]"
110058,"[47075, 30832, 24414, 64936, 83191, 6356, 43795, 37986, 9214, 102405]"
110059,"[25191, 81854, 89844, 29990, 79790, 5725, 24405, 47158, 47527, 31095]"
110060,"[90541, 85240, 9651, 75780, 2577, 2399, 28067, 85602, 80710, 28984]"
110061,"[56067, 25506, 27951, 4544, 31375, 50950, 36432, 7588, 11185, 40880]"
110062,"[25349, 101378, 74015, 13189, 96640, 15419, 6773, 40326, 101783, 85277]"
110063,"[31997, 46791, 46854, 20272, 13226, 34117, 19339, 41599, 26645, 58123]"
110064,"[39033, 14508, 8374, 93054, 3948, 28876, 3700, 98163, 20868, 101364]"
110065,"[58702, 83190, 59259, 50364, 20310, 76705, 73133, 8242, 36995, 97561]"
110066,"[16322, 47601, 63231, 1029, 1605, 71778, 35782, 41782, 43038, 87353]"
110067,"[12624, 87648, 12800, 15261, 69882, 690, 99976, 92497, 107043, 16900]"
110068,"[79047, 7505, 68417, 30121, 87807, 18506, 94086, 48326, 27807, 36178]"
110069,"[106511, 22279, 51623, 103724, 74844, 90865, 18685, 98845, 80622, 21522]"
110070,"[21632, 80328, 57950, 55152, 35449, 9476, 51402, 41344, 71189, 42237]"
110071,"[63593, 47986, 27970, 17615, 30809, 44833, 10700, 34791, 102344, 49548]"
110072,"[1662, 1878, 109533, 40755, 58449, 696, 31387, 61976, 15470, 13584]"
110073,"[63932, 56406, 81088, 42142, 76610, 79550, 42960, 40004, 9801, 7422]"
110074,"[48456, 79396, 69449, 5369, 62409, 61537, 43668, 38317, 102844, 56418]"
110075,"[52519, 3417, 18951, 93010, 57756, 15999, 105971, 56574, 14228, 32242]"
110076,"[43422, 64994, 1770, 26948, 83882, 39290, 13571, 72350, 983, 41320]"
110077,"[21005, 54118, 62583, 15793, 40609, 87033, 53911, 36517, 23484, 17490]"
110078,"[42397, 9790, 89812, 95154, 45262, 2587, 20479, 100937, 29253, 71212]"
110079,"[11145, 20000, 51376, 74843, 82026, 35430, 93541, 20211, 62510, 105513]"
110080,"[26200, 25356, 83020, 106412, 24986, 92802, 50432, 91016, 53789, 108974]"
110081,"[106632, 5527, 6339, 100627, 88744, 79934, 79874, 97760, 65681, 2951]"
110082,"[1991, 73699, 64987, 44296, 42472, 47975, 43169, 98282, 60036, 11988]"
110083,"[1084, 63312, 61642, 37643, 101185, 70481, 14002, 29436, 63331, 54543]"
110084,"[91414, 44701, 93011, 22548, 65034, 50453, 102989, 13361, 78995, 2642]"
110085,"[85002, 101535, 91372, 35621, 39888, 49389, 106653, 32342, 7371, 90991]"
110086,"[38980, 35979, 62124, 100368, 94660, 18350, 109074, 78898, 100130, 33121]"
110087,"[105674, 94471, 17879, 74874, 53099, 69315, 97262, 55667, 79130, 65784]"
110088,"[12397, 64161, 20693, 50889, 96417, 66673, 57426, 57623, 84204, 89436]"
110089,"[64565, 98609, 86631, 103441, 108505, 79012, 69390, 108753, 84240, 19173]"
110090,"[18035, 82395, 64617, 61603, 99770, 26191, 73672, 86976, 101096, 46321]"
110091,"[63886, 43176, 9932, 56206, 65228, 92280, 13480, 79786, 42036, 100400]"
110092,"[64818, 17758, 72216, 72410, 44916, 8804, 1058, 89008, 5549, 103630]"
110093,"[22310, 62612, 47242, 48221, 83679, 55429, 37282, 66270, 99745, 44926]"
110094,"[106100, 80396, 24791, 23045, 105080, 60821, 77096, 49340, 13063, 107788]"
110095,"[10180, 35352, 69663, 103799, 97461, 96733, 9695, 90918, 48490, 12328]"
110096,"[84817, 15191, 95867, 96489, 3504, 6561, 65003, 70735, 52208, 102683]"
110097,"[85049, 22871, 88386, 107737, 103923, 37354, 34121, 23139, 47847, 75579]"
110098,"[12979, 3478, 73109, 57286, 15331, 59662, 86697, 84551, 79193, 45753]"
110099,"[73539, 25327, 86661, 66558, 88004, 59916, 44787, 53464, 72597, 92551]"
110100,"[79490, 10268, 15956, 100912, 18373, 104510, 68574, 24048, 2158, 10175]"
110101,"[177, 26661, 8461, 93693, 99689, 45965, 94030, 93584, 10093, 93358]"
110102,"[59242, 86242, 87439, 1671, 56178, 59302, 67206, 34916, 3898, 102514]"
110103,"[35406, 85253, 70990, 30770, 19591, 18659, 66809, 58208, 49588, 87836]"
110104,"[57429, 102397, 375, 58557, 104973, 12835, 22305, 54626, 100111, 3112]"
110105,"[82643, 66578, 33719, 50425, 49889, 17935, 40956, 102837, 39712, 34393]"
110106,"[106780, 23371, 24913, 74705, 84520, 17725, 21685, 100275, 19265, 9490]"
110107,"[41193, 25687, 87996, 88982, 51272, 30531, 45192, 101466, 50282, 53282]"
110108,"[2282, 35810, 106130, 107076, 103872, 104079, 41641, 85351, 109027, 72174]"
110109,"[43702, 44669, 82692, 55947, 86458, 28714, 72734, 85467, 96719, 35268]"
110110,"[54477, 41917, 41440, 44807, 65269, 21143, 44334, 25, 11830, 17210]"
110111,"[2160, 85559, 29663, 108800, 14181, 98220, 17625, 14971, 8934, 1397]"
110112,"[1385, 8426, 19355, 33308, 52098, 17971, 82263, 69813, 12074, 43611]"
110113,"[10864, 37545, 40360, 37281, 106236, 52991, 63970, 95317, 17652, 9001]"
110114,"[40495, 8449, 51941, 56141, 107131, 50319, 6689, 107235, 38013, 1012]"
110115,"[66961, 49405, 105766, 37757, 18039, 29915, 6705, 25515, 600, 74623]"
110116,"[4766, 27761, 38787, 11730, 100512, 7429, 1988, 30189, 8818, 37848]"
110117,"[49368, 17166, 16245, 6662, 26756, 36192, 97924, 47620, 62964, 34679]"
110118,"[11743, 8124, 48966, 43484, 2057, 103281, 459, 61553, 85454, 95254]"
110119,"[100553, 24356, 36279, 36354, 3162, 47937, 19657, 102875, 43667, 76951]"
110120,"[52623, 53191, 4851, 36512, 54483, 13911, 56336, 83945, 57467, 92624]"
110121,"[73281, 34164, 105951, 36507, 22053, 35519, 78639, 34939, 2695, 83141]"
110122,"[76379, 76636, 36838, 44711, 35260, 63116, 87857, 55467, 43232, 33247]"
110123,"[46181, 86093, 90866, 59339, 88486, 103050, 52132, 14297, 39256, 23272]"
110124,"[38774, 62609, 91593, 13963, 24948, 109407, 18452, 34033, 107629, 96388]"
110125,"[94793, 89848, 9344, 19074, 26081, 7693, 56558, 2138, 4669, 70501]"
110126,"[51194, 102846, 81661, 88685, 65310, 56355, 106975, 68356, 108467, 57592]"
110127,"[103213, 18067, 66058, 96113, 89304, 20645, 67487, 98978, 80121, 72932]"
110128,"[67927, 60269, 22007, 18564, 85570, 32565, 49136, 29672, 99095, 73846]"
110129,"[66412, 47535, 103437, 35634, 42851, 29283, 75776, 90151, 97636, 3885]"
110130,"[36503, 7454, 72022, 101350, 17761, 54440, 94208, 3005, 94694, 42200]"
110131,"[47951, 41082, 88523, 28671, 106343, 55642, 68486, 30183, 88363, 32778]"
110132,"[15817, 16780, 18266, 36196, 79407, 77670, 85822, 41376, 15076, 63075]"
110133,"[34954, 28026, 23915, 31600, 104593, 47358, 100920, 6678, 26994, 52245]"
110134,"[2155, 97446, 12015, 33391, 46487, 20177, 7489, 11771, 5287, 33786]"
110135,"[61778, 63205, 46248, 60223, 6557, 27294, 90447, 16195, 45337, 17208]"
110136,"[67899, 26589, 37486, 11754, 89682, 62602, 41947, 42090, 107107, 85217]"
110137,"[13626, 31733, 17003, 2409, 67752, 59623, 16578, 7792, 17715, 5455]"
110138,"[54914, 4818, 54027, 8213, 59533, 89060, 49486, 54995, 84118, 94879]"
110139,"[61808, 36710, 28184, 697, 17324, 37803, 54727, 109045, 98655, 5111]"
110140,"[13790, 25803, 104565, 737, 42798, 45286, 23946, 41267, 99071, 103840]"
110141,"[30884, 5719, 8071, 107843, 40968, 76990, 37187, 49662, 105270, 77649]"
110142,"[84860, 102049, 102384, 47762, 20010, 58865, 46651, 99640, 63671, 101943]"
110143,"[5311, 103440, 87990, 34687, 105262, 65451, 93366, 34845, 98599, 97086]"
110144,"[25464, 74671, 77533, 87247, 13943, 65282, 38552, 35681, 38741, 7515]"
110145,"[16434, 28733, 5118, 3929, 107362, 80916, 76463, 46502, 71307, 63435]"
110146,"[83230, 51254, 99180, 66172, 53423, 82624, 33567, 99808, 12963, 9118]"
110147,"[89222, 62766, 73343, 88760, 41664, 30952, 34257, 104834, 76365, 104431]"
110148,"[44948, 38190, 81836, 28378, 42843, 86520, 52530, 12698, 98293, 84830]"
110149,"[76579, 28198, 31259, 26815, 76428, 32601, 63532, 85538, 12524, 71509]"
110150,"[64990, 25717, 3141, 96658, 18412, 82954, 51800, 32360, 62076, 82707]"
110151,"[87394, 57258, 107468, 11174, 35278, 78962, 105918, 25930, 63929, 18850]"
110152,"[86771, 61014, 101552, 59447, 68787, 8175, 26320, 103500, 38805, 69826]"
110153,"[29828, 89707, 56950, 42790, 83069, 100291, 5254, 107776, 77312, 69038]"
110154,"[39731, 52608, 53612, 42792, 50696, 63921, 106105, 6976, 24691, 27461]"
110155,"[103099, 69412, 85278, 47677, 81264, 62419, 108810, 89655, 106532, 16102]"
110156,"[31977, 56066, 107486, 95404, 61139, 68115, 37045, 31420, 92858, 66820]"
110157,"[26443, 46588, 30207, 77068, 85682, 81709, 58944, 50379, 10878, 46505]"
110158,"[30886, 104866, 26119, 85008, 88713, 22833, 20770, 32889, 108133, 48434]"
110159,"[107853, 105081, 59692, 57883, 524, 88107, 75497, 80341, 40849, 96722]"
110160,"[93229, 24858, 14638, 61080, 1025, 6399, 49617, 77193, 59580, 33159]"
110161,"[57505, 34699, 39477, 101312, 77752, 59811, 101277, 70785, 24198, 98650]"
110162,"[101166, 6408, 45312, 106697, 46644, 79315, 68745, 13621, 106984, 5209]"
110163,"[29309, 15914, 54384, 82334, 34275, 79957, 109647, 17114, 91969, 16289]"
110164,"[14384, 48530, 94048, 29574, 53080, 61490, 76992, 28044, 39065, 96106]"
110165,"[36235, 27705, 108597, 1126, 98943, 57551, 16546, 38176, 48037, 87064]"
110166,"[20202, 12100, 72159, 61838, 30297, 55089, 108362, 2968, 95815, 79774]"
110167,"[107583, 80352, 46137, 62581, 9468, 2022, 106801, 5435, 64539, 14471]"
110168,"[63450, 45814, 70434, 45107, 60233, 18074, 62405, 68378, 103254, 33842]"
110169,"[76621, 80967, 15369, 99246, 78023, 18645, 17586, 27916, 91082, 107856]"
110170,"[57835, 109559, 100725, 12540, 3349, 21649, 16859, 42386, 15084, 97266]"
110171,"[105912, 100411, 102517, 68656, 4407, 79708, 91897, 105012, 90813, 59543]"
110172,"[42236, 31940, 6933, 29382, 92952, 108073, 70491, 59040, 47140, 103970]"
110173,"[53897, 39309, 36928, 34004, 76313, 76961, 17252, 50884, 73599, 37491]"
110174,"[93914, 36383, 104693, 38090, 103265, 54031, 47980, 56083, 62353, 68155]"
110175,"[29371, 41220, 40590, 56940, 38160, 40350, 83060, 36883, 40357, 62769]"
110176,"[105038, 99978, 81261, 27285, 21921, 87945, 98052, 40919, 40567, 5564]"
110177,"[14809, 105615, 47339, 79189, 12115, 49198, 43813, 49184, 52699, 18257]"
110178,"[90095, 96479, 2393, 51003, 10673, 53446, 48406, 66856, 92529, 48043]"
110179,"[73742, 64481, 32182, 20915, 89973, 78392, 7701, 35770, 78255, 37141]"
110180,"[32941, 97407, 763, 56513, 91248, 83558, 72233, 32324, 60396, 61533]"
110181,"[27293, 12935, 80760, 102937, 10906, 51728, 44856, 14732, 77283, 77329]"
110182,"[46047, 12073, 89244, 31324, 25497, 64174, 90729, 34600, 42727, 101876]"
110183,"[100933, 17752, 103112, 61992, 41884, 25968, 10620, 56913, 23096, 16616]"
110184,"[60392, 51376, 75872, 66555, 65012, 20211, 62510, 16678, 50350, 80292]"
110185,"[31944, 70870, 34239, 17601, 4380, 18165, 2011, 63463, 19574, 65943]"
110186,"[73592, 78285, 44848, 87762, 54734, 92457, 42118, 313, 47241, 79745]"
110187,"[35537, 7918, 9211, 18540, 99436, 97162, 62014, 57939, 84913, 63714]"
110188,"[78922, 78066, 108983, 46182, 59595, 46745, 32797, 22128, 76857, 93431]"
110189,"[55177, 98671, 68020, 25908, 22350, 10256, 89386, 55751, 61141, 89228]"
110190,"[4304, 105993, 81438, 50469, 67768, 67465, 91147, 77688, 37617, 21324]"
110191,"[24407, 18525, 62819, 92640, 4177, 2452, 73269, 5772, 7884, 94708]"
110192,"[4161, 39396, 29147, 17247, 55658, 61514, 62619, 27932, 91708, 11852]"
110193,"[95945, 96499, 53451, 4418, 1093, 11675, 74674, 63390, 25105, 89556]"
110194,"[7938, 27182, 96559, 70721, 68188, 69810, 24902, 96424, 28995, 12519]"
110195,"[36686, 29311, 54769, 38392, 18708, 98286, 63482, 38481, 45812, 7729]"
110196,"[101803, 88598, 6138, 6576, 50069, 5853, 50174, 72739, 76468, 82074]"
110197,"[62601, 53316, 82905, 70549, 51736, 37661, 109439, 24276, 103810, 93414]"
110198,"[79074, 86486, 6040, 98962, 71914, 63125, 30125, 9488, 76317, 461]"
110199,"[81687, 81772, 71349, 102996, 68693, 45084, 29149, 33046, 97409, 1204]"
110200,"[26035, 94777, 17318, 32553, 8807, 52666, 24947, 76502, 7002, 24208]"
110201,"[69696, 39354, 107104, 69490, 99618, 96931, 32680, 78181, 40989, 66330]"
110202,"[43057, 11994, 35778, 78388, 70840, 33939, 6231, 35065, 4533, 15103]"
110203,"[57170, 69663, 35352, 9244, 99485, 48490, 12328, 7222, 17120, 38733]"
110204,"[103533, 106470, 65536, 68449, 88647, 23782, 101002, 28731, 27019, 10210]"
110205,"[100716, 39322, 107935, 86164, 308, 78372, 64034, 48311, 12865, 89516]"
110206,"[94761, 97549, 108683, 47486, 2674, 79368, 38998, 90023, 31528, 31340]"
110207,"[77187, 26064, 30206, 109334, 72502, 13159, 105781, 71620, 48049, 89232]"
110208,"[24060, 57039, 22609, 90155, 51371, 55115, 49750, 109260, 24557, 104861]"
110209,"[50150, 25769, 58972, 62180, 21898, 69605, 73335, 91448, 7804, 106396]"
110210,"[18098, 43964, 34027, 24548, 7682, 47963, 70458, 50249, 77567, 28061]"
110211,"[24582, 95441, 62637, 104910, 25372, 63801, 99090, 73380, 11633, 103601]"
110212,"[94019, 14164, 57316, 11574, 46227, 13713, 11190, 88682, 84508, 42807]"
110213,"[32845, 81679, 66801, 33353, 3304, 35768, 43294, 104129, 30322, 25826]"
110214,"[55734, 98156, 26429, 60252, 13030, 26899, 109679, 11050, 35275, 70530]"
110215,"[42855, 58689, 78532, 15473, 57610, 88879, 88705, 6497, 17605, 7932]"
110216,"[62730, 76735, 86161, 37896, 58243, 87695, 29376, 8385, 65939, 89037]"
110217,"[55276, 85174, 100332, 2557, 81447, 69583, 108695, 84104, 83133, 21776]"
110218,"[38760, 92912, 86717, 13854, 96892, 12683, 70713, 18763, 21604, 60398]"
110219,"[12640, 56844, 77138, 69347, 28624, 90508, 3056, 73106, 32265, 29986]"
110220,"[15949, 53827, 74699, 49916, 3376, 99979, 80000, 86725, 45143, 109226]"
110221,"[49744, 32726, 36975, 45252, 96317, 3462, 41622, 107754, 13351, 1147]"
110222,"[74564, 29165, 101900, 74806, 37416, 92558, 48024, 220, 28899, 76304]"
110223,"[12464, 79642, 65214, 80711, 15960, 49491, 83968, 106107, 21135, 25297]"
110224,"[46274, 14896, 30201, 32130, 71783, 70561, 89107, 78738, 83665, 30543]"
110225,"[98426, 13895, 41708, 109459, 77934, 42719, 41367, 4530, 39752, 63522]"
110226,"[20762, 45079, 2849, 49537, 67745, 2109, 4236, 92965, 53596, 46080]"
110227,"[75708, 22908, 1291, 104100, 26159, 87650, 79537, 59355, 65179, 35922]"
110228,"[61871, 55802, 108677, 69907, 32262, 18471, 39710, 17244, 98525, 55042]"
110229,"[70086, 88315, 4579, 60888, 18863, 27483, 3646, 7509, 76837, 89277]"
110230,"[35292, 9015, 105656, 30009, 6017, 86908, 89221, 109706, 55307, 69087]"
110231,"[57396, 97737, 26690, 97703, 70648, 15210, 69973, 108702, 20824, 6353]"
110232,"[12445, 87224, 6179, 3427, 89238, 99370, 83463, 25462, 2454, 41062]"
110233,"[53140, 81368, 102123, 45345, 34981, 58118, 71156, 5657, 14095, 81113]"
110234,"[4654, 58391, 102492, 57083, 68305, 52688, 39337, 43220, 103586, 105741]"
110235,"[37888, 9783, 56598, 91635, 8934, 42491, 26545, 47569, 65560, 26151]"
110236,"[40968, 37187, 56926, 21348, 4566, 5719, 8071, 77649, 105270, 36616]"
110237,"[63310, 35158, 71332, 98278, 78561, 80034, 16786, 30384, 38527, 66535]"
110238,"[58384, 78172, 34595, 25659, 100162, 29784, 84931, 74374, 39400, 71546]"
110239,"[92178, 37441, 3468, 65547, 88696, 21646, 33660, 84616, 102400, 16613]"
110240,"[107795, 107749, 86874, 43297, 4013, 32069, 20573, 75485, 65466, 58294]"
110241,"[91160, 39478, 3188, 14554, 33541, 84009, 13908, 87935, 99755, 105851]"
110242,"[85832, 101617, 91761, 57912, 41781, 11560, 99598, 8281, 87337, 54177]"
110243,"[13228, 89436, 12397, 97318, 21345, 65121, 57426, 67400, 57623, 84204]"
110244,"[81820, 107261, 106157, 82334, 80754, 3195, 101291, 32348, 5913, 101563]"
110245,"[109433, 68590, 50477, 23032, 47043, 42181, 54488, 108300, 22773, 44831]"
110246,"[73484, 96475, 90139, 20481, 67952, 100789, 90647, 57389, 14429, 88375]"
110247,"[62841, 40746, 58479, 108971, 54564, 8422, 67283, 93231, 19791, 22957]"
110248,"[53869, 32185, 95257, 17063, 92051, 98085, 36739, 4304, 47391, 60742]"
110249,"[24672, 40792, 100964, 90991, 7371, 32342, 19935, 80911, 81608, 85002]"
110250,"[79537, 26159, 65179, 17070, 2456, 22908, 1291, 104100, 30710, 64059]"
110251,"[57546, 102958, 100515, 37601, 71626, 34675, 79197, 44778, 9008, 92484]"
110252,"[49069, 92929, 7989, 100462, 28768, 83510, 76297, 27291, 48312, 23426]"
110253,"[85544, 23018, 85555, 46934, 80132, 41946, 26729, 12245, 57080, 65819]"
110254,"[10324, 61416, 40948, 33398, 95788, 25835, 100102, 27052, 34201, 61538]"
110255,"[83723, 41900, 3964, 22196, 86237, 160, 19755, 20046, 72506, 61114]"
110256,"[95159, 88687, 17677, 90848, 712, 59174, 43357, 36987, 93051, 46573]"
110257,"[20640, 107420, 41938, 86032, 77749, 97009, 72226, 70665, 4626, 23559]"
110258,"[37145, 69454, 69694, 57510, 2755, 31523, 87062, 83518, 59553, 56030]"
110259,"[43488, 11074, 61559, 61146, 49028, 77182, 100632, 33289, 1480, 79515]"
110260,"[94048, 53080, 95436, 61490, 76992, 28044, 96106, 39065, 14061, 34735]"
110261,"[26943, 17462, 66881, 44161, 50911, 100353, 26120, 19909, 81337, 69306]"
110262,"[5892, 46245, 47708, 89247, 93758, 99435, 97837, 106181, 61211, 34231]"
110263,"[48569, 40705, 102724, 91179, 15663, 12688, 32447, 38380, 105199, 57811]"
110264,"[69898, 2527, 107311, 32854, 50899, 31638, 79204, 22511, 346, 79038]"
110265,"[43678, 71510, 44942, 75895, 50491, 79028, 67997, 345, 82461, 14]"
110266,"[6977, 73115, 97107, 72383, 55577, 94157, 95727, 15210, 10416, 51282]"
110267,"[12012, 66575, 42486, 51637, 81488, 17584, 75139, 32975, 21044, 46336]"
110268,"[15275, 3287, 77290, 24464, 94948, 108592, 70996, 82037, 53051, 5969]"
110269,"[99757, 14084, 2658, 90396, 64025, 13722, 87848, 86022, 19096, 85146]"
110270,"[86948, 88296, 94017, 50313, 22772, 49586, 102753, 22095, 39253, 76066]"
110271,"[29236, 84468, 23797, 73675, 79188, 95249, 21145, 102869, 78284, 29712]"
110272,"[20810, 104196, 104017, 28608, 52794, 69881, 94325, 15938, 28732, 77718]"
110273,"[24897, 6774, 62225, 13567, 6452, 108759, 50083, 70029, 19811, 95724]"
110274,"[21172, 43215, 9236, 62021, 80949, 83259, 62439, 10029, 41069, 62373]"
110275,"[6461, 71158, 4729, 11094, 23129, 45288, 50882, 82971, 81827, 41922]"
110276,"[45954, 61444, 9696, 5870, 28213, 60848, 45683, 4860, 15667, 39857]"
110277,"[35233, 101757, 93454, 34080, 74366, 104743, 2833, 23499, 74498, 65600]"
110278,"[15062, 51932, 50708, 100244, 30060, 58889, 73842, 82399, 69880, 15595]"
110279,"[102094, 8858, 81942, 105986, 108685, 20569, 55541, 21402, 48676, 104135]"
110280,"[64432, 46132, 106613, 96358, 55158, 62323, 50486, 3333, 79858, 56648]"
110281,"[58558, 41471, 52873, 98316, 107476, 94913, 108163, 15266, 6310, 106857]"
110282,"[88042, 35950, 38151, 43857, 109729, 86735, 29527, 76929, 53688, 17519]"
110283,"[91997, 46414, 106071, 31583, 46253, 102313, 87818, 47225, 81501, 27677]"
110284,"[44347, 37878, 86449, 81691, 25248, 39674, 25502, 4646, 24852, 17187]"
110285,"[77918, 84319, 21516, 49709, 18339, 81694, 37637, 29226, 4003, 74404]"
110286,"[98602, 42010, 65224, 74868, 12723, 85772, 41157, 50881, 55600, 19596]"
110287,"[101276, 11907, 82923, 26390, 42092, 62229, 54921, 83210, 95586, 62707]"
110288,"[7014, 80993, 8630, 1473, 74977, 14399, 99933, 61824, 2929, 36872]"
110289,"[17632, 95551, 65056, 69445, 94965, 26873, 85519, 97967, 27415, 106496]"
110290,"[54931, 102437, 89990, 68419, 37494, 34596, 95361, 13025, 28504, 107290]"
110291,"[18003, 108629, 1339, 61518, 101193, 40849, 53499, 88107, 104375, 43981]"
110292,"[66658, 46120, 8776, 81106, 76772, 50177, 94704, 76693, 24348, 3460]"
110293,"[37689, 91585, 105402, 33068, 35408, 97137, 47582, 106309, 59036, 24026]"
110294,"[91552, 85843, 11595, 79792, 44417, 34240, 12318, 35700, 16186, 106203]"
110295,"[77747, 30579, 55411, 87729, 14031, 100463, 529, 32977, 63408, 104758]"
110296,"[66363, 83034, 97972, 1209, 25749, 49549, 73053, 20756, 5031, 28556]"
110297,"[83713, 34338, 54060, 77269, 8275, 32044, 20562, 46712, 11885, 52242]"
110298,"[85584, 5581, 304, 93421, 74840, 924, 70115, 8212, 81957, 22535]"
110299,"[14342, 36775, 103936, 47665, 48727, 15756, 55719, 13487, 34425, 43695]"
110300,"[74456, 61688, 105688, 97948, 65088, 65972, 80191, 46749, 61835, 90071]"
110301,"[90338, 51245, 91489, 57681, 45892, 64371, 88822, 38499, 85974, 79727]"
110302,"[54862, 21357, 47823, 102710, 26550, 69584, 99, 106736, 70994, 48441]"
110303,"[21606, 108300, 86642, 65681, 75599, 33381, 8446, 62393, 70150, 108856]"
110304,"[83666, 7987, 97562, 95207, 52438, 12490, 107644, 56010, 74367, 103137]"
110305,"[46549, 11456, 7111, 97490, 59267, 7981, 98816, 74185, 75992, 47384]"
110306,"[100563, 56132, 62145, 78178, 18807, 78739, 23051, 51172, 104914, 7143]"
110307,"[7500, 88835, 89125, 22021, 20872, 95488, 31083, 56151, 76045, 104067]"
110308,"[58253, 91986, 55062, 66157, 57260, 25219, 88960, 95118, 1204, 31582]"
110309,"[40104, 92726, 2146, 38324, 79625, 22135, 78037, 96119, 65566, 35883]"
110310,"[106668, 13252, 28600, 32656, 101400, 32977, 29648, 14340, 61, 75359]"
110311,"[54113, 36967, 49265, 40730, 58242, 7172, 87149, 65962, 67926, 82198]"
110312,"[33892, 65945, 103049, 49728, 65160, 80089, 13585, 105300, 92140, 78059]"
110313,"[18791, 8451, 65148, 39959, 66074, 98802, 64731, 9297, 9737, 64671]"
110314,"[91171, 10020, 17085, 57895, 15699, 80832, 81891, 20416, 24324, 55160]"
110315,"[43068, 43042, 64498, 45042, 106659, 43557, 102373, 107502, 35363, 37868]"
110316,"[85574, 80632, 84788, 92465, 51458, 63107, 53624, 54232, 50087, 29224]"
110317,"[81830, 42874, 62555, 80940, 65743, 45918, 107375, 66339, 14931, 64872]"
110318,"[51059, 106208, 5006, 53663, 84017, 3025, 21268, 23848, 84449, 60422]"
110319,"[22369, 109032, 62588, 95147, 16238, 74393, 21200, 91207, 30395, 67479]"
110320,"[9612, 10054, 26589, 23692, 82105, 41907, 12067, 75343, 44284, 61673]"
110321,"[59419, 23456, 94408, 11066, 15570, 14335, 2016, 80703, 74682, 34268]"
110322,"[75875, 70983, 29295, 103998, 15021, 95118, 102332, 24894, 18696, 37179]"
110323,"[8910, 79830, 11052, 100587, 97548, 72955, 20809, 52593, 71690, 3475]"
110324,"[77101, 106194, 869, 9222, 33355, 91180, 75779, 47465, 107590, 20007]"
110325,"[11173, 95149, 65357, 46707, 36142, 20455, 56437, 106832, 78923, 63797]"
110326,"[54771, 21401, 91057, 66415, 70328, 52769, 60015, 75793, 36084, 10449]"
110327,"[19348, 35568, 39208, 90346, 36317, 54088, 20412, 13077, 46813, 63059]"
110328,"[74371, 101485, 88115, 98632, 51733, 87950, 76258, 80033, 45304, 79179]"
110329,"[9563, 19567, 86705, 82139, 25970, 89083, 59522, 26075, 18381, 71364]"
110330,"[45598, 83233, 7222, 65753, 26370, 103799, 66818, 9695, 75154, 90918]"
110331,"[7577, 37407, 35730, 30665, 54339, 11503, 3942, 32848, 84426, 11956]"
110332,"[30566, 66648, 723, 54928, 73806, 22554, 50810, 6681, 108294, 85078]"
110333,"[20799, 49726, 28111, 91794, 107920, 65310, 88685, 77962, 15263, 22469]"
110334,"[72791, 7680, 52711, 99447, 7777, 4432, 21139, 64397, 75902, 18998]"
110335,"[14436, 72763, 108117, 13878, 15803, 31239, 93638, 90570, 70181, 90791]"
110336,"[71043, 84278, 65170, 73098, 87535, 92941, 44677, 83795, 98500, 109715]"
110337,"[28311, 75086, 30789, 57209, 8303, 99384, 39037, 76179, 63185, 51860]"
110338,"[75706, 109534, 103887, 57886, 105491, 39532, 61614, 83748, 104749, 88071]"
110339,"[67626, 105490, 97573, 83477, 94920, 16062, 87478, 14167, 71662, 40377]"
110340,"[6128, 33528, 75098, 48780, 89472, 40424, 53151, 83838, 5253, 107295]"
110341,"[62331, 10432, 91355, 41330, 109454, 75324, 12334, 37884, 63344, 24266]"
110342,"[19329, 75316, 980, 54697, 41027, 34433, 13193, 38007, 6630, 40103]"
110343,"[82707, 104679, 28962, 45530, 82954, 66422, 52212, 64990, 95287, 7255]"
110344,"[18556, 43851, 44857, 44818, 85650, 61881, 19515, 9986, 85349, 91431]"
110345,"[67444, 36990, 21083, 66163, 59438, 103, 30807, 24196, 66878, 59408]"
110346,"[101311, 1073, 67108, 89462, 69401, 59161, 99614, 71414, 38463, 45082]"
110347,"[67464, 33364, 49273, 20404, 23923, 14518, 46799, 33885, 67557, 7956]"
110348,"[86391, 13108, 79499, 36629, 93631, 108866, 89300, 80050, 48025, 73538]"
110349,"[93642, 53845, 12556, 107411, 39083, 365, 100346, 43417, 91211, 5969]"
110350,"[8166, 80586, 13202, 79222, 76477, 76608, 52599, 3539, 10680, 83835]"
110351,"[35384, 108641, 31272, 22434, 67026, 97079, 30040, 106006, 56422, 67606]"
110352,"[87931, 93452, 3335, 99584, 91957, 81584, 25736, 72849, 13671, 44728]"
110353,"[50505, 68969, 99748, 48209, 8761, 8571, 28351, 40609, 1064, 19024]"
110354,"[28795, 53503, 17695, 67768, 95257, 32903, 102825, 81438, 92051, 77688]"
110355,"[72062, 76370, 98312, 100940, 53995, 35911, 93522, 59555, 71371, 67172]"
110356,"[33377, 59848, 36926, 80877, 14659, 51707, 51220, 87770, 89571, 45916]"
110357,"[94279, 78148, 71847, 77554, 86831, 100955, 8869, 100280, 17620, 57943]"
110358,"[68824, 92678, 90809, 45234, 83473, 80314, 76361, 50891, 67630, 70533]"
110359,"[3007, 52293, 64240, 87790, 43244, 33437, 99215, 75759, 37355, 102929]"
110360,"[101059, 13571, 20519, 95909, 97373, 98566, 63470, 56200, 101900, 2353]"
110361,"[49592, 23708, 32619, 41492, 61674, 73977, 1339, 52250, 33884, 98493]"
110362,"[106498, 77647, 7031, 43947, 30350, 81507, 94273, 95117, 95630, 104957]"
110363,"[84688, 49239, 31485, 99030, 2533, 17035, 88093, 45275, 34649, 97070]"
110364,"[30275, 11445, 70951, 81004, 50733, 109381, 22240, 11904, 61963, 64866]"
110365,"[9709, 23247, 91310, 48208, 62465, 70947, 71549, 22039, 28209, 96480]"
110366,"[70297, 53008, 61695, 93357, 85337, 106917, 80954, 49896, 31937, 39197]"
110367,"[84839, 15447, 73533, 91581, 81874, 69022, 87640, 67159, 71681, 54363]"
110368,"[44226, 42957, 98006, 108482, 63572, 9761, 7367, 91040, 3961, 108309]"
110369,"[52180, 78229, 82592, 67170, 27243, 64959, 15020, 10553, 74644, 108892]"
110370,"[9957, 13618, 103171, 27958, 42272, 74715, 14010, 49517, 107914, 15208]"
110371,"[39682, 17251, 41467, 97377, 34398, 68466, 4240, 77051, 54138, 9835]"
110372,"[50238, 17152, 89634, 57644, 23717, 27146, 92392, 92807, 106553, 60620]"
110373,"[70891, 37178, 77777, 12072, 52269, 60158, 93663, 97482, 18600, 93703]"
110374,"[83714, 78407, 56524, 5021, 19256, 12274, 17963, 50709, 29333, 72921]"
110375,"[68267, 36367, 20342, 36467, 107798, 94203, 16471, 53040, 41812, 30676]"
110376,"[105358, 85705, 18724, 59399, 13333, 26677, 104761, 106658, 28131, 101056]"
110377,"[49532, 101987, 28977, 20379, 97997, 107534, 67220, 38339, 44481, 92424]"
110378,"[58614, 26543, 15679, 85829, 109240, 58164, 76267, 14683, 3532, 3829]"
110379,"[71972, 7264, 3553, 95304, 38535, 37522, 48686, 75750, 84294, 74234]"
110380,"[11426, 90532, 99644, 83028, 8361, 108291, 14197, 24064, 74942, 21188]"
110381,"[14457, 22616, 77417, 89972, 37989, 10650, 54048, 29615, 9255, 6297]"
110382,"[109748, 40091, 11519, 7224, 51627, 69894, 76762, 84031, 16019, 8894]"
110383,"[30306, 56051, 48686, 104060, 12719, 66272, 53872, 79626, 56169, 62942]"
110384,"[59442, 65083, 145, 73474, 89285, 89529, 8560, 46626, 92378, 4954]"
110385,"[103067, 54712, 46772, 38590, 72028, 56665, 100671, 21977, 53144, 45156]"
110386,"[78032, 97749, 79782, 31351, 45707, 80618, 31406, 7200, 104908, 76059]"
110387,"[48124, 56844, 20871, 79682, 87836, 19730, 96903, 67113, 76152, 96829]"
110388,"[28103, 29361, 101900, 6335, 22499, 58047, 31390, 64844, 97373, 29165]"
110389,"[18886, 94703, 37955, 81135, 18475, 38713, 6336, 74754, 83203, 34885]"
110390,"[5241, 83544, 44275, 59322, 64424, 46592, 26857, 68287, 106376, 57062]"
110391,"[19740, 15552, 89044, 31006, 87491, 85141, 104529, 7380, 107504, 23103]"
110392,"[61088, 64839, 25355, 58905, 106039, 18997, 61238, 47892, 45438, 59251]"
110393,"[97935, 905, 11411, 99997, 67115, 22825, 29185, 29881, 81810, 88812]"
110394,"[103190, 7198, 19513, 10743, 92674, 37326, 56285, 56449, 70955, 79269]"
110395,"[15415, 86291, 79079, 76369, 54188, 70472, 13465, 16408, 75699, 4645]"
110396,"[74670, 22532, 51501, 20253, 73151, 576, 93336, 95783, 70859, 69691]"
110397,"[68965, 76450, 11494, 56646, 91577, 103794, 5442, 76506, 1701, 108540]"
110398,"[7659, 21799, 13134, 37503, 35463, 34720, 52391, 24460, 37665, 20126]"
110399,"[63356, 57622, 87522, 46895, 37713, 34550, 43599, 87670, 25867, 72100]"
110400,"[78339, 58220, 40050, 7645, 77707, 34338, 30524, 22227, 84443, 18522]"
110401,"[6253, 47918, 50818, 96027, 71776, 40195, 60246, 5692, 24300, 106437]"
110402,"[70835, 107055, 103637, 38083, 18423, 24861, 29774, 27546, 40518, 74555]"
110403,"[102041, 26588, 68014, 15693, 64758, 35545, 78093, 42761, 109496, 57527]"
110404,"[30456, 50941, 67325, 46267, 106439, 74652, 68959, 75202, 71699, 56445]"
110405,"[88114, 81216, 29619, 16125, 35856, 66709, 102032, 12467, 79203, 106311]"
110406,"[60847, 99089, 53380, 79146, 59786, 80376, 104559, 7948, 34554, 77040]"
110407,"[87448, 74640, 107637, 85303, 79028, 77498, 105646, 66621, 34110, 85971]"
110408,"[41927, 78694, 76684, 33753, 55453, 48586, 26913, 39933, 50787, 38376]"
110409,"[22715, 10772, 48529, 37138, 68819, 14500, 100228, 21247, 77262, 9909]"
110410,"[23528, 103246, 58924, 39798, 3878, 18867, 106327, 105640, 72707, 74910]"
110411,"[30779, 95084, 94580, 95691, 95098, 91193, 65624, 34230, 74712, 29096]"
110412,"[46045, 81377, 88964, 70411, 52996, 97398, 46756, 16243, 37965, 44798]"
110413,"[8446, 68754, 86642, 61199, 70150, 40536, 21606, 30360, 28802, 74557]"
110414,"[2545, 29062, 69159, 41924, 38431, 51345, 95050, 35276, 3724, 53627]"
110415,"[79639, 79167, 64036, 14101, 84084, 46488, 99386, 54893, 109686, 92401]"
110416,"[20024, 28270, 20525, 709, 84277, 72759, 52830, 2629, 42104, 8828]"
110417,"[99390, 51804, 2594, 72154, 82667, 31800, 35915, 30556, 85856, 105842]"
110418,"[66532, 51154, 85304, 68545, 37386, 33023, 10116, 74805, 105557, 83259]"
110419,"[12431, 57132, 155, 3851, 102662, 58296, 83681, 73186, 84195, 85210]"
110420,"[34341, 98268, 46064, 108860, 45730, 56857, 28910, 27654, 67680, 37542]"
110421,"[26183, 95812, 106729, 30917, 22008, 81629, 24727, 93241, 36507, 73610]"
110422,"[93710, 46375, 89468, 47162, 4012, 87299, 75894, 42115, 102172, 84608]"
110423,"[60097, 108964, 83610, 43155, 37636, 55976, 4457, 55414, 94575, 5232]"
110424,"[61298, 79007, 44058, 97358, 7630, 55813, 27618, 52630, 73026, 87797]"
110425,"[53560, 65071, 39439, 105350, 42771, 15244, 70927, 29660, 59651, 390]"
110426,"[88443, 45321, 61193, 30062, 39730, 57598, 3054, 90420, 6173, 3150]"
110427,"[86058, 84955, 27569, 34743, 16326, 60146, 37552, 18855, 98717, 11873]"
110428,"[44106, 79438, 8793, 63437, 65423, 83803, 98085, 81438, 102540, 95837]"
110429,"[90279, 68019, 34755, 49646, 44951, 108627, 82450, 15734, 45589, 89284]"
110430,"[84808, 15980, 8351, 9437, 43737, 104634, 102053, 104168, 4111, 3018]"
110431,"[98506, 59100, 1128, 80892, 50271, 27994, 83988, 51710, 17213, 106791]"
110432,"[40830, 75879, 62774, 80203, 38770, 70307, 47177, 24082, 5233, 12689]"
110433,"[76539, 37389, 61924, 59898, 74327, 48697, 36522, 53909, 47013, 83082]"
110434,"[13891, 64917, 74348, 4425, 63973, 8025, 39461, 49188, 83449, 108029]"
110435,"[42896, 77616, 104971, 32035, 22370, 104368, 60874, 34456, 96492, 23126]"
110436,"[108360, 27054, 15610, 51836, 59538, 98611, 77913, 16341, 73295, 74923]"
110437,"[48116, 48688, 26426, 42190, 104465, 2415, 14792, 80074, 27850, 90911]"
110438,"[60590, 103439, 52813, 35098, 39671, 28689, 50914, 77536, 104692, 13143]"
110439,"[9494, 8546, 39030, 93966, 84297, 5623, 8300, 85677, 58776, 4100]"
110440,"[53833, 104728, 18326, 79995, 50593, 22222, 96158, 37369, 6923, 48229]"
110441,"[35547, 13800, 71844, 108498, 39399, 5426, 11996, 88587, 99248, 31181]"
110442,"[62675, 70322, 76691, 3043, 90202, 51767, 44007, 48126, 27164, 9433]"
110443,"[72035, 14894, 72481, 51118, 35906, 40869, 87591, 40967, 83968, 66989]"
110444,"[43765, 80284, 77509, 41617, 43604, 21607, 99987, 92569, 508, 13061]"
110445,"[24706, 37062, 72549, 82832, 5827, 28515, 4658, 78004, 38070, 86409]"
110446,"[24708, 31179, 93760, 42853, 77680, 40549, 35299, 31782, 101284, 70057]"
110447,"[61031, 73217, 43053, 105252, 39129, 46222, 20974, 1235, 75843, 43524]"
110448,"[93901, 26555, 18320, 44363, 11294, 2671, 87209, 22693, 84427, 9044]"
110449,"[50059, 64853, 912, 27462, 14236, 13449, 7137, 82044, 63176, 90211]"
110450,"[25688, 60784, 92975, 90010, 64298, 75335, 80834, 89380, 50522, 81645]"
110451,"[33972, 27374, 82417, 35184, 78837, 100068, 45547, 42322, 109227, 26730]"
110452,"[71923, 64735, 4296, 8066, 72739, 76468, 44316, 14637, 106899, 84819]"
110453,"[84235, 27116, 59651, 13349, 79281, 33245, 69479, 105155, 39618, 84686]"
110454,"[3483, 32280, 12370, 59062, 94960, 42650, 33128, 38441, 34979, 21111]"
110455,"[42216, 90700, 47303, 18536, 86260, 2677, 19954, 72483, 103430, 7448]"
110456,"[41751, 87116, 25804, 84944, 81226, 44072, 4140, 47849, 49962, 71226]"
110457,"[77489, 87911, 94773, 48265, 106040, 76356, 50194, 52959, 41727, 98239]"
110458,"[10882, 18169, 9388, 72043, 96923, 65439, 66004, 48847, 35666, 88846]"
110459,"[21624, 7447, 97940, 45445, 68609, 57736, 727, 97089, 95908, 66466]"
110460,"[11100, 48535, 18157, 67169, 16057, 41007, 57579, 7761, 56583, 22274]"
110461,"[109391, 6060, 33172, 20514, 9392, 7188, 5833, 35873, 14980, 23890]"
110462,"[63965, 45997, 84118, 4653, 103639, 24915, 32611, 8018, 59533, 74698]"
110463,"[18078, 33820, 21768, 45834, 6757, 98867, 41627, 61950, 24346, 94404]"
110464,"[78084, 77884, 75047, 1232, 822, 61945, 108798, 2584, 94000, 17678]"
110465,"[2757, 17339, 108590, 55165, 79505, 20531, 55217, 28223, 17065, 35097]"
110466,"[82048, 81935, 45782, 29917, 81063, 47334, 18164, 63178, 91735, 80670]"
110467,"[97681, 61413, 104637, 19601, 103075, 41162, 80576, 47442, 21905, 94801]"
110468,"[52054, 18026, 73817, 89135, 59796, 67306, 100473, 42225, 21350, 49166]"
110469,"[102123, 45345, 77990, 14095, 22533, 53140, 40600, 68527, 1441, 22118]"
110470,"[83523, 50843, 88210, 73823, 7181, 47888, 100466, 31457, 105594, 93279]"
110471,"[33116, 63024, 13365, 46618, 17723, 107279, 24800, 95063, 36257, 58465]"
110472,"[44946, 47417, 14734, 77764, 4774, 50194, 34920, 14055, 11658, 17901]"
110473,"[77397, 66195, 26178, 32774, 88208, 86573, 76637, 87270, 68230, 107404]"
110474,"[22877, 100790, 65857, 87677, 79546, 69212, 53841, 51163, 96631, 4008]"
110475,"[5686, 85905, 81652, 77025, 428, 57452, 95669, 15233, 10389, 2283]"
110476,"[47385, 68157, 8947, 23329, 8207, 52189, 37008, 105501, 15503, 91828]"
110477,"[10074, 95754, 31296, 51661, 88477, 69368, 75590, 17938, 18543, 83026]"
110478,"[64792, 42499, 90327, 41962, 42324, 74486, 33055, 74582, 25066, 4559]"
110479,"[84591, 35429, 46880, 15876, 83999, 67576, 31008, 70258, 95057, 79620]"
110480,"[1817, 8039, 40771, 85045, 46244, 34960, 22114, 59230, 99070, 98576]"
110481,"[26907, 95397, 36766, 36810, 31449, 82187, 64798, 75477, 99628, 80861]"
110482,"[26384, 39145, 69225, 73294, 6005, 49523, 12973, 54911, 106629, 67003]"
110483,"[88443, 76395, 45321, 30062, 59119, 89170, 60822, 3054, 3150, 6173]"
110484,"[23221, 10927, 21117, 57646, 17767, 8488, 81499, 67193, 13416, 20822]"
110485,"[7983, 56091, 44166, 95030, 93939, 29930, 101280, 28958, 93197, 31691]"
110486,"[66096, 103750, 57709, 31910, 5681, 49924, 61970, 41139, 69500, 3634]"
110487,"[79962, 60382, 58595, 35361, 33746, 19639, 51385, 47192, 96387, 100713]"
110488,"[33888, 23034, 55143, 4101, 43883, 26587, 62358, 54684, 47863, 5141]"
110489,"[49039, 77856, 57076, 73932, 60031, 34577, 104530, 74742, 65475, 3459]"
110490,"[16853, 60865, 98929, 107466, 35569, 4721, 105576, 35711, 95638, 86820]"
110491,"[94777, 74528, 92504, 87906, 32553, 8807, 44062, 52070, 76502, 17771]"
110492,"[29291, 34595, 96346, 41564, 99768, 1353, 33746, 46093, 78172, 97901]"
110493,"[67463, 213, 44065, 31587, 38428, 106818, 3439, 61180, 43166, 29661]"
110494,"[55058, 42068, 78024, 100039, 13978, 10478, 13704, 1210, 57633, 51554]"
110495,"[81572, 103506, 53471, 11501, 31393, 15594, 103503, 102518, 89071, 64341]"
110496,"[40181, 405, 105831, 108340, 3822, 87192, 67187, 67689, 83902, 88259]"
110497,"[24044, 73731, 21053, 15171, 24097, 108597, 38176, 75218, 87064, 67736]"
110498,"[35820, 32395, 80496, 22704, 52298, 174, 49130, 91239, 81732, 98018]"
110499,"[44589, 108559, 64745, 59345, 86959, 4948, 37470, 79235, 90604, 76436]"
110500,"[104022, 46814, 46846, 7559, 65023, 27409, 61171, 103242, 34785, 103355]"
110501,"[8614, 77646, 148, 78126, 85698, 49335, 5305, 86621, 61930, 21022]"
110502,"[48131, 42566, 71991, 72331, 37519, 4174, 49033, 26716, 92719, 69685]"
110503,"[30707, 1712, 21449, 62768, 58394, 37389, 1295, 35871, 94874, 53909]"
110504,"[2389, 82521, 77423, 97412, 57533, 49269, 93955, 19843, 50349, 11058]"
110505,"[9004, 79468, 4629, 54655, 36214, 93000, 16877, 3859, 104218, 14606]"
110506,"[58969, 34840, 80164, 1007, 18709, 82211, 47021, 99095, 36605, 38251]"
110507,"[98859, 59197, 96678, 60187, 88445, 17304, 22260, 8794, 53450, 14938]"
110508,"[16142, 81569, 11380, 25834, 3712, 43584, 37761, 54212, 41426, 19684]"
110509,"[78837, 82417, 43056, 35184, 52230, 45547, 72389, 33972, 22667, 23826]"
110510,"[61003, 35682, 44591, 54629, 31073, 31777, 20965, 37295, 18995, 76017]"
110511,"[49483, 68841, 16284, 51401, 10541, 73980, 71587, 12518, 26060, 18448]"
110512,"[106051, 95625, 57226, 43692, 62154, 95744, 95620, 38148, 88446, 16622]"
110513,"[19133, 28219, 15916, 30882, 106600, 63507, 94779, 36994, 103620, 13440]"
110514,"[67081, 36533, 103110, 38720, 75437, 93474, 45701, 57387, 57135, 96887]"
110515,"[27117, 70340, 22144, 84577, 43282, 17051, 11522, 69131, 69528, 16795]"
110516,"[79433, 65875, 101210, 31171, 19444, 33960, 95163, 57730, 14702, 8086]"
110517,"[72744, 42477, 101030, 56756, 1365, 88328, 38825, 49098, 45442, 39452]"
110518,"[49864, 103873, 6197, 50415, 20771, 54573, 66824, 5670, 73972, 106655]"
110519,"[74762, 90022, 85064, 67437, 44236, 29740, 28317, 103912, 60736, 95848]"
110520,"[55522, 11952, 18139, 80140, 4280, 75668, 9603, 18978, 15580, 57977]"
110521,"[12332, 10708, 80283, 19247, 34871, 9531, 104944, 48143, 59472, 35095]"
110522,"[52943, 19442, 35044, 71512, 105631, 90504, 45789, 61283, 100201, 17006]"
110523,"[58679, 8634, 104398, 54745, 54322, 92315, 77664, 11831, 46508, 95466]"
110524,"[76178, 66442, 62632, 38513, 103192, 87509, 24769, 52396, 66877, 99484]"
110525,"[8887, 15467, 82172, 42558, 61623, 4559, 90327, 61303, 64923, 9947]"
110526,"[69539, 27687, 28079, 81616, 62145, 4216, 29153, 102624, 74453, 103386]"
110527,"[97282, 33713, 57528, 89360, 10526, 41275, 38450, 38686, 29401, 30640]"
110528,"[80411, 32952, 100052, 84208, 86004, 39035, 103784, 89211, 19020, 22582]"
110529,"[100236, 781, 105035, 95597, 102929, 91242, 64471, 23354, 29489, 106508]"
110530,"[15694, 33402, 70841, 59459, 9747, 80416, 94529, 27097, 4178, 49070]"
110531,"[27410, 63937, 44738, 7842, 75, 66470, 44132, 44601, 97740, 78325]"
110532,"[29397, 3325, 38447, 70455, 33751, 16047, 60528, 22203, 67111, 10319]"
110533,"[53738, 102498, 81119, 44060, 106278, 70331, 81097, 11660, 45690, 50902]"
110534,"[62067, 47292, 65299, 29986, 32265, 93812, 27069, 52016, 11389, 20871]"
110535,"[94669, 76626, 93577, 39084, 92550, 54615, 2715, 83777, 31827, 36729]"
110536,"[100471, 106000, 54815, 36757, 104569, 73870, 59780, 7343, 9879, 18731]"
110537,"[41751, 84944, 81226, 44072, 47849, 49962, 87116, 38453, 71226, 4266]"
110538,"[36998, 22076, 72, 59297, 95648, 38099, 90181, 98757, 46184, 91417]"
110539,"[37347, 71195, 29628, 70378, 59618, 108905, 75377, 12697, 108109, 32541]"
110540,"[64332, 89747, 66106, 37343, 28147, 107499, 41191, 75685, 33619, 75487]"
110541,"[104808, 99715, 82063, 72391, 105931, 35827, 68008, 60287, 10091, 82768]"
110542,"[52167, 64723, 41761, 247, 100518, 22148, 101031, 1337, 100017, 45207]"
110543,"[31013, 66675, 71869, 65829, 103652, 48251, 58701, 13665, 35944, 56447]"
110544,"[35048, 55683, 1413, 8790, 14005, 78029, 69480, 61140, 99123, 43277]"
110545,"[51937, 64982, 60672, 16319, 38661, 99400, 81282, 18581, 106807, 11693]"
110546,"[29550, 97559, 61167, 69816, 39133, 99882, 72367, 20167, 68749, 51160]"
110547,"[63253, 96525, 90020, 86087, 75178, 34558, 82206, 71603, 41976, 104024]"
110548,"[64209, 10616, 104061, 97479, 16507, 6793, 13256, 68706, 65382, 60191]"
110549,"[20076, 75422, 78594, 66174, 31119, 107137, 42909, 9172, 67755, 76640]"
110550,"[91964, 19780, 104170, 65147, 50685, 49145, 15863, 56989, 70668, 103822]"
110551,"[45385, 11111, 84007, 88702, 108136, 68335, 63603, 20695, 81453, 109663]"
110552,"[86906, 65988, 97444, 77183, 76314, 57855, 62601, 32713, 89316, 23399]"
110553,"[99349, 706, 30736, 95040, 4798, 92995, 22630, 54268, 28811, 15462]"
110554,"[34251, 71482, 80465, 44101, 13029, 24263, 48672, 96714, 95324, 12211]"
110555,"[8718, 98964, 5732, 51279, 1580, 11604, 47203, 81964, 48251, 6125]"
110556,"[59696, 23463, 64455, 4134, 108171, 21374, 102888, 66544, 699, 32960]"
110557,"[4303, 81738, 27158, 81219, 89755, 34566, 48748, 108639, 69571, 107892]"
110558,"[41188, 39483, 64976, 1685, 33341, 36551, 106739, 79898, 1416, 95784]"
110559,"[98929, 107466, 35711, 104259, 31243, 15165, 36204, 22983, 42910, 99971]"
110560,"[56374, 49653, 60843, 8710, 16166, 64630, 102160, 50712, 34163, 26189]"
110561,"[55252, 19450, 107460, 80715, 21813, 55878, 55127, 89334, 74953, 60756]"
110562,"[50529, 52667, 71357, 83703, 74916, 107940, 77454, 42205, 25011, 18489]"
110563,"[67560, 20196, 39028, 68500, 53906, 23524, 62000, 11091, 34461, 65200]"
110564,"[101119, 93697, 93232, 13668, 10425, 9170, 92294, 14188, 88742, 85978]"
110565,"[3475, 69778, 36513, 16936, 8910, 97548, 108008, 22654, 17454, 13911]"
110566,"[74927, 96627, 30000, 64783, 48658, 78730, 29706, 97363, 40737, 14700]"
110567,"[84523, 61673, 8403, 12761, 96030, 37159, 57927, 962, 58923, 44440]"
110568,"[10445, 44028, 85210, 73414, 54642, 105027, 71345, 104348, 105809, 82900]"
110569,"[10256, 78926, 56603, 44263, 41823, 19352, 43044, 58787, 8971, 82937]"
110570,"[8551, 109086, 29661, 78131, 104731, 93767, 31587, 56606, 44065, 78585]"
110571,"[96986, 105139, 47710, 810, 3057, 31254, 11028, 69305, 89662, 31985]"
110572,"[94246, 99701, 89110, 45003, 77403, 52204, 32109, 102441, 11476, 40448]"
110573,"[2009, 53463, 47093, 40198, 100858, 66913, 51266, 97518, 31385, 86736]"
110574,"[31720, 1430, 24650, 71693, 31778, 38147, 104159, 71316, 53514, 77684]"
110575,"[38432, 107205, 59873, 49528, 77611, 88431, 63326, 13298, 43912, 90380]"
110576,"[49322, 10379, 39181, 65284, 4955, 48783, 8611, 44903, 103471, 14685]"
110577,"[15798, 53218, 57982, 80645, 2959, 76586, 43380, 12357, 3769, 34814]"
110578,"[75536, 67932, 73267, 49944, 25051, 76063, 81987, 65494, 46655, 29852]"
110579,"[101189, 89336, 94082, 79570, 79104, 51946, 98512, 21028, 108005, 35305]"
110580,"[41971, 76835, 68013, 87862, 25417, 82380, 49505, 30771, 2238, 51819]"
110581,"[8958, 40913, 34951, 49318, 94949, 7318, 54751, 73518, 38325, 107911]"
110582,"[27076, 99481, 79509, 13348, 70392, 62483, 26705, 9154, 101101, 87886]"
110583,"[71846, 104409, 60318, 86081, 74567, 79661, 100165, 36941, 103674, 76625]"
110584,"[96911, 37729, 66495, 89320, 76043, 47763, 84791, 10675, 25775, 5192]"
110585,"[91690, 65758, 106928, 39198, 2968, 16559, 42052, 24099, 24708, 69793]"
110586,"[34705, 62776, 86626, 20304, 69396, 38882, 16942, 101212, 67667, 90817]"
110587,"[38570, 20468, 17158, 73963, 104551, 22922, 22266, 98412, 31134, 4799]"
110588,"[58830, 41668, 34676, 19360, 95200, 76639, 88886, 28868, 103317, 27785]"
110589,"[50043, 44822, 1251, 106781, 102837, 25064, 35582, 57299, 106190, 40718]"
110590,"[53946, 7982, 47352, 96794, 52196, 84314, 52372, 9955, 52581, 11147]"
110591,"[63033, 14325, 82853, 109686, 80708, 64036, 11985, 6437, 36184, 35959]"
110592,"[40666, 1543, 23321, 47538, 72717, 49692, 94206, 42768, 24576, 13015]"
110593,"[15974, 102372, 1062, 44707, 3281, 86653, 67572, 59989, 88963, 21295]"
110594,"[48652, 48822, 101082, 56320, 42437, 86968, 57697, 44092, 23776, 38226]"
110595,"[103307, 77715, 106376, 12209, 26706, 9876, 37656, 57512, 10723, 27330]"
110596,"[7589, 52330, 83495, 79498, 66929, 39879, 80053, 74928, 99365, 97301]"
110597,"[5343, 66791, 68243, 90025, 102577, 109509, 20118, 43778, 75031, 22214]"
110598,"[83251, 104782, 12231, 24899, 94827, 17614, 72739, 76468, 67257, 52400]"
110599,"[78584, 6224, 69665, 22932, 77624, 87809, 49406, 6015, 95441, 7218]"
110600,"[104072, 43569, 52303, 8689, 80575, 22230, 32945, 64646, 37947, 7882]"
110601,"[17692, 7157, 37201, 107313, 91919, 31119, 45420, 19380, 20286, 8931]"
110602,"[93320, 56494, 91458, 70621, 109208, 58520, 53331, 19449, 96384, 102513]"
110603,"[99966, 37059, 31394, 98111, 61430, 72209, 2063, 13121, 45405, 61478]"
110604,"[90648, 45499, 101954, 86856, 72527, 76493, 38887, 32078, 102521, 18285]"
110605,"[53908, 82118, 13712, 92930, 89016, 62362, 23800, 9850, 105708, 64601]"
110606,"[80074, 24656, 35666, 14900, 22272, 51410, 76483, 106897, 80198, 12607]"
110607,"[52589, 98010, 66760, 91851, 106140, 57419, 16065, 55197, 37334, 77046]"
110608,"[16772, 58428, 99845, 76105, 41762, 30541, 94018, 50336, 2796, 46569]"
110609,"[10967, 45868, 34512, 72250, 70187, 20036, 60943, 26009, 97832, 64049]"
110610,"[59540, 194, 64032, 64193, 103883, 89611, 54330, 99108, 65976, 74419]"
110611,"[98346, 19238, 63768, 9528, 4190, 58266, 61883, 77122, 37281, 44588]"
110612,"[73904, 22589, 39959, 41070, 5337, 101915, 72678, 101062, 88554, 64757]"
110613,"[47293, 102256, 18026, 24863, 44605, 80942, 67306, 19193, 91015, 68033]"
110614,"[1503, 24145, 20805, 96608, 21930, 102054, 36972, 17721, 40908, 53406]"
110615,"[91670, 24296, 59709, 20715, 87747, 79527, 101289, 72714, 108012, 90031]"
110616,"[30430, 4088, 31784, 1723, 370, 8855, 89406, 33942, 14165, 62114]"
110617,"[70291, 36327, 5147, 16003, 31544, 79364, 653, 30124, 51684, 53846]"
110618,"[27076, 70392, 103874, 61506, 70453, 9154, 26705, 87886, 62483, 83365]"
110619,"[13487, 59973, 3556, 4016, 92151, 43695, 78824, 71979, 38029, 59835]"
110620,"[48104, 70939, 105701, 45026, 90702, 30927, 104032, 50486, 48488, 28015]"
110621,"[47211, 36296, 7913, 78443, 84078, 80798, 10400, 38239, 69967, 60748]"
110622,"[95687, 10611, 18198, 54446, 78185, 78104, 50428, 11769, 98648, 5049]"
110623,"[76048, 73236, 18054, 32959, 60944, 81537, 78363, 26912, 73972, 106655]"
110624,"[43853, 26234, 1998, 60342, 65871, 23091, 978, 36994, 85113, 9160]"
110625,"[30133, 30631, 46636, 99479, 86897, 41566, 78610, 66353, 46461, 36708]"
110626,"[41888, 77250, 85730, 87780, 10472, 79006, 82178, 44497, 15487, 105885]"
110627,"[37599, 91650, 3444, 87534, 93697, 9170, 87657, 6857, 56822, 18405]"
110628,"[19085, 86673, 69533, 11788, 74498, 23499, 95264, 49197, 65930, 43240]"
110629,"[18959, 104590, 19954, 91661, 44096, 3806, 7492, 15951, 83424, 47255]"
110630,"[54948, 66921, 10809, 29250, 42000, 57726, 79245, 77412, 54901, 7231]"
110631,"[68307, 28303, 16842, 15762, 70186, 49914, 11571, 74066, 56709, 70027]"
110632,"[60403, 10498, 78103, 6065, 817, 72931, 60652, 22190, 97606, 32658]"
110633,"[96558, 7440, 25544, 19246, 80517, 7578, 86193, 86962, 100441, 55747]"
110634,"[15712, 492, 2818, 18990, 2455, 71173, 20074, 99365, 68548, 76415]"
110635,"[62417, 50025, 24307, 104111, 67331, 71984, 32555, 107947, 89509, 5263]"
110636,"[30292, 59673, 79186, 3770, 9164, 47840, 39897, 49705, 10946, 102977]"
110637,"[71451, 74092, 91845, 17851, 108422, 105896, 59468, 19882, 8046, 8726]"
110638,"[18182, 38789, 59464, 16038, 7448, 43309, 59216, 75062, 22796, 31621]"
110639,"[48943, 20102, 41084, 73603, 57377, 22404, 5606, 10674, 83941, 35229]"
110640,"[7554, 4035, 36001, 3837, 88714, 721, 106732, 23646, 37052, 24207]"
110641,"[76743, 64963, 79544, 43565, 70168, 8047, 88342, 18280, 2462, 73357]"
110642,"[2192, 101594, 106855, 105585, 76302, 71864, 5033, 91620, 46053, 42752]"
110643,"[82276, 48115, 50010, 98, 23887, 79912, 75608, 35757, 46745, 94525]"
110644,"[1814, 9927, 88040, 45515, 18778, 10362, 105124, 13065, 66412, 45049]"
110645,"[25718, 46920, 24865, 51175, 15213, 70264, 6642, 49764, 80552, 3686]"
110646,"[12667, 15623, 52367, 24268, 101321, 26869, 18089, 30725, 11358, 108957]"
110647,"[49866, 80210, 69750, 92176, 33762, 16563, 51050, 36715, 80881, 92874]"
110648,"[104494, 3580, 106814, 59085, 34544, 20225, 99655, 29400, 25316, 51003]"
110649,"[68188, 96559, 27182, 69810, 12519, 67195, 19501, 55572, 7938, 100263]"
110650,"[33267, 48195, 54567, 47434, 67495, 40580, 35990, 43930, 63225, 108727]"
110651,"[92060, 64296, 89671, 71351, 77685, 8760, 65415, 93559, 47436, 74178]"
110652,"[90755, 45445, 75457, 97940, 97678, 37081, 21624, 86600, 77968, 38897]"
110653,"[21055, 7393, 54067, 59052, 1512, 79823, 32594, 54584, 25388, 12509]"
110654,"[25221, 64378, 71837, 3746, 75070, 105012, 105651, 887, 93709, 96520]"
110655,"[40780, 20406, 68703, 59288, 26156, 46769, 94637, 20152, 21520, 95093]"
110656,"[16434, 28733, 80916, 80758, 46502, 105959, 7073, 75998, 92267, 18500]"
110657,"[59067, 23847, 105007, 39975, 27088, 92275, 20378, 71753, 106572, 26910]"
110658,"[32927, 60704, 67887, 13001, 24210, 39314, 99930, 5662, 67174, 58839]"
110659,"[1931, 23205, 60671, 96541, 101911, 23725, 32602, 21628, 83534, 84844]"
110660,"[103632, 15987, 36802, 89742, 93528, 41911, 93482, 74385, 76522, 86702]"
110661,"[6770, 21998, 72495, 81522, 47444, 56330, 100289, 62570, 107188, 34267]"
110662,"[30421, 4208, 6578, 60030, 86911, 28444, 67727, 62066, 92132, 352]"
110663,"[49301, 63577, 36262, 93736, 35787, 48916, 7669, 41586, 91099, 73]"
110664,"[31271, 76103, 16846, 59634, 1764, 7572, 94592, 64928, 75585, 18962]"
110665,"[81914, 68962, 51312, 24222, 68646, 37889, 91954, 91205, 40238, 64460]"
110666,"[34008, 56800, 3234, 64804, 38234, 13879, 41738, 1022, 17150, 5548]"
110667,"[89386, 95292, 43052, 94276, 18271, 15865, 39510, 76027, 16852, 66991]"
110668,"[9294, 72977, 47242, 88587, 52275, 99248, 31107, 99453, 44392, 46538]"
110669,"[58929, 72287, 29054, 53990, 42184, 98702, 53190, 1214, 91639, 78150]"
110670,"[14535, 50961, 78347, 84422, 87771, 38827, 80019, 40666, 42175, 56761]"
110671,"[6631, 61098, 67790, 8117, 30244, 99228, 12961, 29786, 19768, 76681]"
110672,"[56769, 72757, 59903, 53927, 12545, 80987, 47376, 43631, 82668, 21079]"
110673,"[53741, 24628, 59828, 98621, 30979, 59571, 68511, 64038, 40739, 83849]"
110674,"[22135, 42379, 2146, 70495, 35347, 18893, 84703, 65566, 108185, 62125]"
110675,"[41853, 105937, 89750, 102785, 98366, 7703, 101127, 29118, 69748, 103612]"
110676,"[97809, 49227, 7204, 105309, 92141, 103218, 62054, 9998, 90658, 5383]"
110677,"[45004, 79313, 60746, 52921, 107955, 94691, 107762, 55153, 51054, 20441]"
110678,"[67432, 16979, 64579, 41525, 63137, 104173, 88670, 58886, 77253, 85511]"
110679,"[33843, 69289, 5211, 39007, 43563, 74001, 58770, 47056, 47880, 58669]"
110680,"[50185, 16901, 27672, 105837, 80815, 89803, 58642, 72828, 19560, 6039]"
110681,"[56157, 87312, 81412, 94185, 51150, 103912, 35239, 108443, 56220, 32767]"
110682,"[20581, 61616, 93058, 59645, 94502, 98518, 88422, 43046, 72605, 26430]"
110683,"[41027, 34433, 96560, 47922, 2953, 26606, 70401, 548, 22990, 51545]"
110684,"[99205, 87418, 17798, 4870, 35582, 61044, 49976, 50267, 14183, 69229]"
110685,"[30484, 64878, 71001, 87824, 41046, 15076, 27432, 25079, 42366, 84566]"
110686,"[42500, 1402, 6751, 24524, 28956, 100107, 10954, 48661, 53893, 9814]"
110687,"[72028, 103067, 71239, 76070, 78570, 21977, 77551, 33902, 54874, 54966]"
110688,"[63191, 58355, 99380, 32015, 7039, 35177, 95270, 95152, 71560, 14124]"
110689,"[61652, 102075, 47996, 95663, 59624, 34031, 3085, 11995, 6575, 73167]"
110690,"[1833, 33403, 106282, 82106, 72263, 46866, 4895, 75636, 23876, 61572]"
110691,"[22242, 100197, 49544, 17524, 105822, 23867, 23084, 88990, 92326, 7466]"
110692,"[54963, 46390, 34623, 100687, 60679, 80167, 20177, 45250, 57649, 26939]"
110693,"[60910, 4800, 77353, 44008, 95018, 6528, 100532, 28790, 67651, 46673]"
110694,"[9890, 108152, 29918, 72213, 97680, 10386, 96758, 52246, 90224, 32258]"
110695,"[98399, 62020, 20403, 104057, 20819, 40679, 84582, 109651, 7042, 44793]"
110696,"[74923, 50386, 98613, 104872, 6667, 73013, 69077, 95610, 31838, 47327]"
110697,"[1374, 97953, 109330, 23516, 35454, 43077, 59094, 96114, 75552, 28237]"
110698,"[31180, 88780, 61038, 94168, 86875, 2570, 36515, 95701, 79014, 32964]"
110699,"[71540, 2525, 102133, 33789, 106391, 89142, 25261, 21472, 20460, 16]"
110700,"[76509, 3760, 90159, 9360, 63028, 37728, 103698, 72343, 22994, 86898]"
110701,"[101903, 20314, 99863, 19153, 84571, 55582, 63818, 67111, 86678, 68383]"
110702,"[83292, 33523, 51271, 40460, 91861, 7265, 88287, 47409, 71773, 88914]"
110703,"[68048, 14520, 34841, 103915, 2856, 90076, 43777, 89369, 50737, 66475]"
110704,"[106765, 73627, 108805, 10394, 90097, 31033, 60415, 18161, 36703, 30257]"
110705,"[25262, 73367, 44771, 60623, 98810, 53139, 57233, 23589, 52851, 99570]"
110706,"[40263, 56444, 29626, 42490, 42516, 45634, 5575, 56440, 79356, 48694]"
110707,"[23442, 108444, 62673, 79868, 65169, 7006, 50874, 60578, 514, 61665]"
110708,"[4711, 818, 64225, 78169, 109057, 51394, 91162, 24896, 47350, 13730]"
110709,"[21661, 86173, 86062, 45155, 49542, 49776, 50140, 45906, 5876, 6859]"
110710,"[3410, 77255, 90171, 57134, 98695, 108877, 9553, 25401, 31845, 92137]"
110711,"[47032, 49439, 82915, 20035, 29969, 102193, 44783, 31459, 41178, 21808]"
110712,"[71527, 59805, 94369, 9978, 49093, 69962, 62110, 40722, 84312, 48651]"
110713,"[79676, 9094, 108191, 34890, 88294, 63265, 52680, 50050, 50500, 72133]"
110714,"[42944, 13308, 103015, 54208, 50795, 71192, 15449, 8196, 51846, 80614]"
110715,"[102588, 78654, 91913, 25569, 20740, 15572, 106772, 64250, 60217, 6181]"
110716,"[24756, 22730, 91101, 97197, 38942, 103093, 4667, 52094, 66617, 75633]"
110717,"[42881, 17820, 67352, 46284, 21278, 25118, 54923, 101325, 41734, 69213]"
110718,"[74846, 71383, 17730, 37394, 74444, 50793, 49657, 41913, 5268, 44855]"
110719,"[30986, 90186, 339, 99693, 53210, 78733, 48952, 94886, 3146, 26495]"
110720,"[25544, 99582, 7185, 97091, 95530, 8591, 7578, 86193, 17844, 55747]"
110721,"[40870, 7083, 107125, 72230, 107599, 105581, 83455, 87674, 25494, 100011]"
110722,"[90820, 102886, 105048, 89581, 78348, 63876, 103448, 64446, 83340, 87018]"
110723,"[86771, 61014, 106612, 101552, 77092, 12584, 26285, 32453, 4342, 108391]"
110724,"[28316, 90282, 71139, 44165, 11135, 52702, 75314, 20280, 28843, 58412]"
110725,"[34967, 36232, 104153, 92855, 26134, 20991, 100698, 44389, 498, 92446]"
110726,"[105592, 80924, 50470, 63633, 98028, 25980, 107921, 89032, 66781, 54018]"
110727,"[108896, 63267, 6358, 3100, 14865, 53388, 26295, 44384, 108922, 101655]"
110728,"[28077, 61492, 40828, 86468, 10888, 97216, 104643, 45612, 7330, 68903]"
110729,"[42573, 62854, 85649, 15636, 30472, 48262, 39079, 38634, 70630, 76239]"
110730,"[32614, 11516, 93764, 79925, 19682, 11576, 1576, 90637, 40584, 25245]"
110731,"[94400, 14306, 90574, 107391, 16493, 103249, 84226, 20442, 16175, 3142]"
110732,"[106266, 104000, 73981, 22880, 68197, 51250, 52731, 47825, 91039, 67004]"
110733,"[54446, 95301, 29649, 95687, 5791, 97069, 50918, 53976, 55011, 19375]"
110734,"[46887, 53306, 38348, 7038, 77031, 56673, 432, 23437, 26906, 106331]"
110735,"[9125, 107016, 29019, 54501, 9835, 92704, 79480, 13514, 52031, 25214]"
110736,"[97617, 28662, 25030, 29679, 80557, 1195, 28193, 41093, 12049, 4624]"
110737,"[91336, 30928, 63858, 42762, 64293, 8645, 76167, 16579, 68145, 16446]"
110738,"[45115, 73975, 102098, 91439, 8812, 52550, 98713, 13833, 19654, 29633]"
110739,"[35297, 38259, 91062, 58800, 63267, 108456, 37435, 24733, 58165, 3100]"
110740,"[77860, 4527, 77338, 75349, 43978, 108949, 51341, 32537, 59290, 2993]"
110741,"[10028, 57223, 89261, 93856, 38675, 50115, 73499, 15523, 18673, 60693]"
110742,"[24028, 68209, 35724, 11490, 77485, 25408, 2707, 60759, 6284, 21952]"
110743,"[76934, 64086, 11839, 11366, 5278, 64906, 86165, 89156, 108878, 31642]"
110744,"[96297, 65766, 97971, 74984, 102675, 13253, 83603, 30588, 98533, 93056]"
110745,"[58518, 57433, 53884, 98211, 2942, 37824, 73776, 64951, 17325, 63005]"
110746,"[40615, 94171, 64446, 33683, 102886, 78296, 6391, 78278, 29725, 57820]"
110747,"[53040, 20342, 94203, 30676, 94699, 7475, 82373, 61703, 36367, 46516]"
110748,"[80132, 25897, 8605, 53250, 4059, 3353, 69269, 60021, 10100, 26729]"
110749,"[74582, 42324, 33055, 64792, 61303, 41962, 74486, 25066, 42499, 94136]"
110750,"[70540, 72456, 101616, 80864, 76190, 109076, 28906, 28108, 48627, 56619]"
110751,"[84941, 26758, 90206, 29243, 100482, 46032, 100947, 55971, 105548, 48911]"
110752,"[57853, 41833, 103489, 44167, 57003, 72107, 34377, 55060, 35245, 77624]"
110753,"[89963, 38404, 28625, 113, 25081, 105216, 33618, 58791, 70498, 30058]"
110754,"[105650, 30987, 36580, 53200, 65393, 2834, 26498, 55053, 31806, 20651]"
110755,"[99540, 5110, 3693, 98266, 10793, 28865, 57965, 60601, 101841, 29859]"
110756,"[107232, 101823, 13787, 84774, 68522, 5139, 69130, 106154, 66601, 80100]"
110757,"[41814, 17451, 82814, 106454, 105221, 10612, 71042, 41199, 29044, 34861]"
110758,"[45003, 32109, 102441, 43246, 99954, 103373, 52204, 90552, 47264, 2230]"
110759,"[79817, 25028, 10018, 21540, 100458, 25935, 14707, 66078, 109720, 85731]"
110760,"[70085, 102487, 76895, 68642, 108929, 41692, 14669, 41848, 85817, 108909]"
110761,"[90384, 9791, 98927, 89835, 48445, 12204, 83021, 67417, 56846, 47481]"
110762,"[72089, 77342, 61610, 42237, 36638, 2965, 55633, 98769, 21632, 88506]"
110763,"[102188, 106386, 36188, 107808, 70165, 73315, 14723, 18613, 43483, 78153]"
110764,"[64007, 22533, 52558, 44004, 51599, 86871, 32153, 94540, 48782, 62112]"
110765,"[31815, 51601, 93615, 31661, 31811, 97267, 13540, 23012, 20515, 63392]"
110766,"[47974, 103561, 91337, 36274, 49291, 59520, 61916, 28775, 82928, 20784]"
110767,"[61701, 31986, 37784, 106896, 47055, 89125, 55615, 7500, 90844, 11639]"
110768,"[3541, 108076, 100255, 51907, 61480, 28096, 32787, 21500, 6665, 17094]"
110769,"[62791, 99495, 106106, 88394, 91995, 14446, 39818, 8266, 103989, 7067]"
110770,"[79998, 85230, 25010, 96950, 64790, 54858, 64672, 60714, 25527, 96625]"
110771,"[16657, 27314, 8131, 42194, 83598, 96954, 49585, 78206, 7734, 89239]"
110772,"[93087, 90522, 9606, 24050, 36127, 85924, 8424, 82979, 43187, 57345]"
110773,"[52530, 38190, 44948, 92191, 57943, 91937, 84830, 108614, 65982, 12698]"
110774,"[39571, 48961, 18826, 92308, 79281, 76580, 36186, 46746, 13496, 62530]"
110775,"[58702, 42023, 2508, 36995, 31358, 14858, 46797, 25362, 47776, 107438]"
110776,"[3531, 29084, 78324, 96966, 94252, 92871, 74830, 100292, 73036, 81818]"
110777,"[89597, 50782, 58215, 39522, 81946, 6930, 42074, 54563, 63836, 44316]"
110778,"[6061, 27557, 31278, 5887, 58730, 106301, 43550, 6739, 56855, 91468]"
110779,"[60250, 53405, 104904, 26464, 96605, 91582, 94440, 307, 56695, 106507]"
110780,"[101673, 19602, 894, 14116, 50454, 104823, 41766, 58812, 97404, 101573]"
110781,"[81803, 84615, 37402, 24765, 30221, 73560, 33176, 28145, 50457, 101955]"
110782,"[66518, 93019, 15936, 63522, 38973, 5982, 80762, 108976, 40030, 79838]"
110783,"[78577, 37633, 22770, 102957, 84696, 57669, 54471, 86754, 99363, 2798]"
110784,"[42558, 86274, 26428, 84583, 65794, 105428, 40571, 61041, 15067, 24124]"
110785,"[875, 22975, 29707, 57745, 60131, 101804, 73946, 62982, 68684, 42398]"
110786,"[1868, 101063, 22873, 2163, 36916, 107343, 84463, 95378, 91170, 14279]"
110787,"[28879, 6669, 109218, 40623, 57874, 28546, 77941, 97885, 107573, 19165]"
110788,"[106042, 77520, 34012, 62101, 52415, 10682, 51162, 9155, 69696, 66374]"
110789,"[7531, 84086, 46967, 42061, 5865, 91332, 92139, 9984, 6886, 46599]"
110790,"[16611, 69481, 6688, 32834, 7134, 48187, 35921, 14297, 88062, 52132]"
110791,"[86229, 66028, 52995, 92759, 102119, 20693, 53389, 19642, 35083, 63193]"
110792,"[25841, 79514, 52716, 58014, 48435, 8908, 5459, 107922, 73262, 68983]"
110793,"[38597, 94347, 12463, 85370, 37332, 36907, 16949, 41609, 59681, 22739]"
110794,"[63226, 27332, 71151, 79506, 83264, 94135, 18938, 14484, 28818, 25358]"
110795,"[18918, 83427, 1257, 45386, 46182, 9063, 65411, 9901, 98008, 45674]"
110796,"[2646, 105598, 35019, 54590, 23220, 64258, 80392, 758, 61058, 104312]"
110797,"[18671, 61216, 7757, 1967, 90409, 72092, 10307, 44058, 86769, 41843]"
110798,"[5653, 30559, 74352, 95401, 57468, 102812, 83476, 89794, 23386, 33327]"
110799,"[95616, 12146, 34368, 89373, 7833, 11272, 66275, 53487, 3072, 94098]"
110800,"[34025, 92756, 26623, 78060, 39323, 58399, 17519, 89537, 5220, 5457]"
110801,"[63202, 58594, 83536, 29201, 38689, 95831, 91374, 46200, 107170, 78185]"
110802,"[79317, 52798, 54300, 96422, 22385, 33967, 36755, 35159, 67188, 51933]"
110803,"[25608, 106199, 41918, 99544, 23074, 184, 26864, 78595, 8687, 1053]"
110804,"[51366, 98016, 79612, 30947, 25000, 89098, 16747, 63293, 60060, 93225]"
110805,"[6995, 95301, 96428, 46935, 77034, 1520, 48825, 31253, 83167, 86210]"
110806,"[51776, 13297, 5676, 23403, 55192, 8933, 10298, 68630, 38908, 9177]"
110807,"[54131, 25575, 64671, 98259, 48571, 108951, 22340, 101915, 67946, 102209]"
110808,"[70594, 107358, 100915, 37163, 68071, 50626, 75628, 79939, 53355, 94664]"
110809,"[28422, 7356, 55597, 108444, 46499, 1367, 44545, 54125, 72577, 21724]"
110810,"[19517, 22106, 103010, 3871, 23859, 25479, 80830, 22577, 84123, 13757]"
110811,"[23934, 101599, 101347, 34762, 4772, 52826, 60231, 26317, 80362, 107972]"
110812,"[69423, 36350, 30967, 23117, 44988, 41896, 95899, 89329, 22994, 29824]"
110813,"[101528, 15381, 102402, 70327, 37067, 42939, 59888, 87629, 76301, 89151]"
110814,"[20896, 108105, 52489, 1462, 50920, 396, 34036, 109530, 40130, 66879]"
110815,"[47846, 66728, 106671, 8313, 36617, 98563, 83382, 100642, 27131, 100190]"
110816,"[21462, 73491, 101760, 25768, 73152, 79357, 34243, 8378, 52124, 106507]"
110817,"[1116, 10157, 67792, 23407, 90038, 32916, 93980, 14149, 54370, 73879]"
110818,"[35755, 81531, 80853, 17789, 4079, 101784, 53361, 102584, 39748, 11012]"
110819,"[78278, 101257, 53340, 75964, 84656, 33683, 56507, 88939, 40615, 11089]"
110820,"[55540, 39105, 100040, 66763, 66342, 91352, 69847, 104842, 51691, 98083]"
110821,"[77621, 30253, 94646, 1120, 100943, 76666, 30301, 55021, 29803, 55136]"
110822,"[88348, 90979, 89493, 95346, 86125, 47720, 48004, 70913, 90661, 72367]"
110823,"[69669, 35367, 51880, 17301, 28906, 54021, 66055, 99702, 24347, 77500]"
110824,"[107591, 67103, 22839, 26781, 45024, 104274, 65142, 23806, 27685, 41961]"
110825,"[58476, 108157, 87237, 86332, 24562, 92213, 12617, 83883, 22353, 50819]"
110826,"[102141, 18190, 88616, 59911, 58062, 1046, 43847, 23177, 38723, 59778]"
110827,"[67522, 104641, 87009, 29549, 18462, 27174, 77585, 36005, 22339, 73156]"
110828,"[74826, 39224, 63037, 96425, 31852, 50336, 64292, 94018, 90204, 58428]"
110829,"[88773, 14830, 94900, 50303, 106241, 16550, 56099, 72389, 97382, 45534]"
110830,"[90982, 55928, 55389, 69751, 7654, 1386, 4135, 79265, 8455, 49316]"
110831,"[67539, 35201, 2873, 40177, 92549, 61210, 21280, 52180, 64636, 24736]"
110832,"[32720, 72832, 1878, 61942, 11626, 40755, 49442, 87769, 74834, 82252]"
110833,"[16484, 32676, 32686, 89273, 66472, 21017, 29217, 21868, 81525, 42079]"
110834,"[33808, 43768, 61670, 57567, 70445, 38104, 71998, 28870, 79415, 28760]"
110835,"[15234, 81596, 34435, 65732, 106279, 87733, 60503, 90416, 16779, 20747]"
110836,"[16514, 93836, 107499, 16403, 13562, 103918, 109321, 65243, 38487, 52150]"
110837,"[93065, 45487, 42288, 65904, 8140, 109154, 29534, 21270, 44624, 32913]"
110838,"[109765, 27063, 62389, 28970, 74388, 58133, 29518, 28032, 86453, 10344]"
110839,"[63764, 32364, 45241, 64408, 3297, 2852, 26620, 16340, 12134, 54253]"
110840,"[9083, 69811, 80626, 79144, 19715, 82641, 92035, 45899, 86248, 43177]"
110841,"[1394, 57008, 3611, 93217, 51706, 70374, 92586, 82228, 1841, 55246]"
110842,"[100871, 54084, 37994, 108643, 45485, 43274, 21087, 109676, 64065, 24773]"
110843,"[102634, 6720, 88138, 79451, 21831, 34912, 49394, 3837, 73777, 721]"
110844,"[92796, 17565, 63520, 104393, 19299, 51251, 72370, 13000, 58298, 87004]"
110845,"[26830, 55763, 11770, 32695, 101553, 68452, 12673, 43596, 4380, 51486]"
110846,"[12260, 18487, 48859, 22968, 28297, 103009, 27347, 86981, 104694, 83043]"
110847,"[53120, 36448, 6616, 73488, 44901, 23476, 7035, 99847, 69597, 52137]"
110848,"[92224, 101129, 45333, 20090, 95593, 17545, 69492, 63154, 84785, 84313]"
110849,"[82698, 5332, 99583, 105811, 63781, 56032, 82668, 28857, 33383, 25348]"
110850,"[76099, 83466, 83790, 35202, 60978, 34203, 19892, 22247, 75420, 39302]"
110851,"[54285, 87240, 80563, 54362, 26491, 65376, 678, 70831, 41138, 75084]"
110852,"[71427, 69757, 109525, 11631, 68655, 49896, 24007, 18740, 169, 92485]"
110853,"[39717, 100428, 95910, 55116, 31174, 63963, 56423, 26044, 81357, 45800]"
110854,"[95428, 3675, 103083, 65522, 42185, 2444, 47508, 27352, 87903, 19028]"
110855,"[99672, 38482, 46072, 64695, 92472, 10026, 81569, 4897, 66954, 48088]"
110856,"[74503, 68886, 22346, 42374, 93661, 22274, 51982, 4526, 57455, 58005]"
110857,"[92003, 109095, 97928, 4045, 90861, 88067, 51381, 40151, 79528, 41366]"
110858,"[49628, 12109, 53307, 41372, 62668, 99172, 28178, 30394, 96956, 106565]"
110859,"[7652, 64459, 302, 9362, 32189, 77573, 76667, 105316, 52790, 60278]"
110860,"[104815, 57306, 80498, 23598, 47883, 23250, 96424, 66062, 52542, 96559]"
110861,"[36597, 63888, 93922, 87609, 109300, 14573, 55733, 30881, 43727, 19455]"
110862,"[83810, 37311, 1807, 99119, 40235, 69725, 18680, 37358, 36590, 101916]"
110863,"[16118, 39645, 86273, 17036, 64245, 87618, 16992, 58845, 13467, 20189]"
110864,"[42682, 38500, 15661, 23377, 54966, 93085, 45156, 107836, 23502, 97017]"
110865,"[21552, 18353, 41498, 73367, 106751, 35962, 98677, 79042, 28102, 21453]"
110866,"[46464, 28575, 33635, 13624, 21418, 65636, 17118, 39095, 6506, 80590]"
110867,"[33246, 49266, 87492, 19573, 13116, 31488, 62363, 74885, 15928, 105342]"
110868,"[94348, 14100, 13615, 77800, 30710, 103217, 106794, 58711, 88822, 66383]"
110869,"[94682, 84264, 86043, 84803, 33805, 104197, 33204, 107607, 86325, 20787]"
110870,"[89802, 67589, 55176, 61278, 42278, 95738, 7961, 83779, 24241, 2532]"
110871,"[25880, 21511, 87837, 34466, 42091, 28912, 72669, 43344, 38107, 26018]"
110872,"[31173, 17675, 60546, 67484, 31362, 64493, 28260, 91784, 82434, 91576]"
110873,"[61528, 17046, 75362, 63479, 50080, 7287, 23884, 29883, 51042, 93998]"
110874,"[103325, 14908, 92597, 89106, 61812, 26667, 6329, 53522, 105535, 42227]"
110875,"[104282, 96860, 37560, 74007, 30291, 83697, 88808, 97749, 59457, 108447]"
110876,"[80504, 54954, 78431, 15038, 19448, 86428, 14791, 78650, 25895, 32450]"
110877,"[98465, 104325, 71037, 86391, 103707, 64897, 51, 97516, 100648, 93631]"
110878,"[67878, 68149, 40457, 15387, 82060, 28549, 71682, 81036, 21146, 48952]"
110879,"[85345, 82027, 81783, 40392, 22192, 88870, 61306, 71612, 56005, 107094]"
110880,"[63035, 93135, 33898, 17892, 83218, 87541, 35113, 25124, 74369, 101510]"
110881,"[98308, 59455, 29954, 104881, 39154, 34654, 9672, 81464, 26113, 94706]"
110882,"[60609, 93538, 70233, 91325, 19531, 47890, 55189, 98409, 30762, 61244]"
110883,"[1094, 39148, 66444, 104828, 94472, 61597, 77948, 74989, 61744, 47230]"
110884,"[93332, 32411, 99801, 80475, 109397, 68219, 102582, 71079, 40287, 71652]"
110885,"[1517, 51465, 35014, 99417, 86308, 75795, 108165, 36455, 76947, 78686]"
110886,"[41159, 67941, 65187, 29934, 67063, 3117, 41771, 90091, 65454, 106569]"
110887,"[96970, 60494, 30963, 34479, 80966, 72497, 96046, 101, 1756, 87470]"
110888,"[65154, 4369, 20052, 73701, 46382, 91743, 1581, 93500, 5820, 19794]"
110889,"[95923, 26856, 70418, 74076, 729, 74593, 53815, 92129, 57016, 23838]"
110890,"[103169, 67001, 36900, 4117, 62247, 2587, 52650, 42397, 74010, 56211]"
110891,"[48695, 94847, 19642, 59714, 24316, 66028, 63193, 57623, 51488, 21216]"
110892,"[24834, 88450, 56866, 29850, 18077, 27057, 85968, 19099, 60113, 99586]"
110893,"[13898, 104882, 2240, 27205, 15399, 77736, 38106, 75049, 35769, 29442]"
110894,"[7311, 44696, 78511, 2007, 23277, 83654, 74302, 34442, 33278, 36479]"
110895,"[74986, 21898, 107959, 48140, 43029, 8090, 77474, 60144, 59312, 85646]"
110896,"[72510, 102527, 101731, 44942, 66039, 34748, 63686, 104785, 42956, 73595]"
110897,"[21712, 61251, 44639, 81416, 63874, 43158, 87105, 3890, 93571, 30994]"
110898,"[94913, 87632, 8550, 39363, 62441, 82658, 108572, 77162, 17180, 87865]"
110899,"[73557, 24174, 17885, 10339, 60829, 106959, 77029, 2461, 40012, 25986]"
110900,"[8015, 48954, 25793, 45113, 10834, 99677, 4510, 52707, 47596, 107100]"
110901,"[30846, 77886, 51672, 35399, 24854, 84284, 55545, 74641, 89994, 438]"
110902,"[92174, 100974, 35492, 94483, 85899, 21475, 35203, 41034, 20392, 31066]"
110903,"[21595, 65924, 68581, 48184, 94927, 87118, 102711, 89642, 87249, 58573]"
110904,"[53484, 12790, 13270, 35573, 101337, 31070, 39931, 93047, 85998, 77274]"
110905,"[23838, 102108, 34787, 21517, 48061, 17994, 101427, 99194, 71425, 40669]"
110906,"[88267, 42594, 4470, 80208, 23193, 14534, 57671, 85842, 88639, 93030]"
110907,"[53411, 57051, 34734, 31556, 15390, 71143, 91498, 33957, 100207, 836]"
110908,"[26502, 48190, 95820, 62536, 72855, 34722, 8327, 9668, 9671, 18953]"
110909,"[21299, 13422, 9393, 32988, 33796, 90212, 76835, 82380, 62694, 23703]"
110910,"[19019, 76188, 101997, 44853, 59448, 60318, 10581, 36696, 88346, 67702]"
110911,"[57246, 38081, 37047, 10426, 27281, 9879, 18731, 10483, 3500, 79370]"
110912,"[108168, 87860, 84760, 75085, 68257, 107463, 71960, 68415, 10464, 2618]"
110913,"[87635, 108465, 59707, 74641, 7074, 995, 30901, 21672, 11182, 4068]"
110914,"[10582, 21823, 39948, 99952, 78407, 14565, 55515, 86643, 58894, 67232]"
110915,"[83462, 43109, 55697, 2703, 3560, 109428, 101597, 64475, 4144, 30504]"
110916,"[42959, 99210, 44593, 16208, 94702, 1834, 49991, 71849, 16700, 38893]"
110917,"[55930, 84353, 97942, 72930, 99442, 102950, 64945, 45222, 53932, 59012]"
110918,"[84152, 16396, 81784, 93729, 93849, 32789, 4409, 50762, 44582, 88840]"
110919,"[56218, 34604, 57128, 15475, 103957, 2546, 103966, 66569, 53963, 109567]"
110920,"[2147, 17830, 21690, 65296, 37690, 67265, 51492, 102548, 61253, 15088]"
110921,"[21888, 58317, 7872, 18899, 1704, 109704, 2346, 29982, 33165, 40340]"
110922,"[60542, 31371, 52628, 68075, 8796, 93862, 63499, 63068, 16622, 78550]"
110923,"[10451, 29862, 109171, 108435, 84196, 36299, 15178, 4426, 99131, 64426]"
110924,"[26051, 7707, 83326, 98269, 87883, 71553, 35816, 25614, 7760, 12374]"
110925,"[60163, 103486, 53944, 91497, 104078, 25784, 98187, 89039, 48228, 67383]"
110926,"[81535, 69191, 86446, 90914, 26634, 59665, 68146, 71473, 87, 19700]"
110927,"[95950, 56363, 21222, 84560, 72857, 26992, 40435, 71747, 82279, 39973]"
110928,"[73957, 39533, 12075, 73642, 98661, 73732, 75036, 89061, 100890, 81709]"
110929,"[27616, 104935, 94267, 58491, 83334, 92774, 29192, 53383, 83081, 39172]"
110930,"[16574, 84090, 31647, 41505, 49481, 25323, 107630, 2936, 36944, 61862]"
110931,"[100483, 78766, 59553, 69952, 14667, 45563, 40811, 31012, 77238, 76358]"
110932,"[92834, 99411, 73177, 27581, 68295, 95124, 34127, 78175, 53520, 37758]"
110933,"[30148, 4571, 11532, 6252, 36491, 40509, 33393, 27892, 36309, 3414]"
110934,"[59496, 48939, 29950, 28603, 100469, 19848, 20520, 53653, 76843, 17698]"
110935,"[91307, 45144, 100394, 84092, 60116, 97907, 97632, 1897, 11711, 102719]"
110936,"[104808, 105931, 72391, 99715, 82063, 68008, 60287, 8000, 86882, 27936]"
110937,"[109634, 104668, 32679, 5814, 48003, 56611, 100006, 62468, 98487, 4266]"
110938,"[7556, 56038, 78182, 48800, 10639, 15124, 3703, 24459, 71180, 62258]"
110939,"[37449, 91365, 31367, 90204, 106893, 72602, 25658, 100000, 76993, 79108]"
110940,"[57153, 109746, 31419, 66802, 92009, 68193, 57544, 69576, 36762, 96281]"
110941,"[103930, 19679, 95212, 56940, 78367, 55590, 102196, 91655, 24816, 108070]"
110942,"[6532, 74979, 47786, 30998, 54179, 48289, 5533, 44340, 52177, 84089]"
110943,"[9944, 66489, 98560, 105216, 33618, 81695, 6982, 28382, 62026, 55879]"
110944,"[109600, 101539, 45281, 50466, 11323, 37928, 10246, 94029, 60699, 10457]"
110945,"[105909, 67729, 10649, 26763, 25223, 64814, 29279, 108763, 20781, 38305]"
110946,"[94395, 83913, 52400, 37926, 67953, 94725, 9875, 75046, 55964, 99115]"
110947,"[17835, 49318, 105057, 77205, 88933, 39386, 72147, 63816, 76590, 28642]"
110948,"[72607, 79266, 15052, 59946, 59795, 55083, 99432, 102090, 63808, 31522]"
110949,"[25264, 58737, 69471, 54532, 86415, 76074, 109720, 79817, 85731, 86261]"
110950,"[100758, 16613, 85804, 66126, 92012, 105217, 109712, 102400, 23347, 38425]"
110951,"[40475, 3683, 92118, 10989, 27543, 72571, 82922, 20265, 31557, 55181]"
110952,"[80907, 90323, 38897, 35354, 68291, 73422, 35773, 9937, 58270, 95908]"
110953,"[96551, 69671, 43990, 60933, 39870, 17915, 96318, 59055, 55323, 57801]"
110954,"[97430, 87062, 45680, 95286, 96246, 63427, 16880, 83526, 39628, 78144]"
110955,"[17379, 84318, 31052, 84661, 66124, 109468, 4249, 29314, 69899, 96391]"
110956,"[102569, 30470, 53284, 108474, 97918, 91292, 41532, 72581, 59740, 102681]"
110957,"[103768, 32670, 60892, 2982, 45964, 45792, 59815, 109177, 56993, 57548]"
110958,"[103069, 10036, 59303, 83887, 44141, 80540, 59546, 15820, 89598, 65763]"
110959,"[44515, 35757, 75608, 71973, 94498, 84940, 26859, 22430, 9901, 75344]"
110960,"[13516, 68638, 45720, 81001, 74181, 668, 75721, 12618, 59818, 68900]"
110961,"[76806, 88409, 47789, 10382, 35171, 54032, 82455, 13762, 101206, 687]"
110962,"[46081, 75357, 74278, 108457, 12080, 40837, 94644, 58681, 38371, 32457]"
110963,"[76009, 46670, 20264, 94279, 77554, 86831, 50263, 4361, 76326, 105093]"
110964,"[56084, 49148, 97558, 41356, 58219, 99139, 2443, 27385, 24300, 53476]"
110965,"[106620, 3520, 13651, 76340, 78028, 20903, 63348, 37525, 6719, 33405]"
110966,"[36878, 60841, 69161, 7514, 59950, 12922, 81131, 73404, 45719, 30705]"
110967,"[99985, 53245, 94414, 11036, 72756, 11051, 106566, 36833, 10933, 100282]"
110968,"[96648, 15211, 39669, 96867, 259, 62256, 67515, 15287, 23971, 56163]"
110969,"[64614, 43960, 90307, 62753, 76613, 35529, 88817, 6486, 90784, 54457]"
110970,"[17405, 54505, 43323, 63307, 1967, 86769, 54961, 43933, 72054, 24621]"
110971,"[57865, 86108, 74827, 33793, 47861, 67960, 37836, 32380, 85226, 105747]"
110972,"[33799, 23236, 77027, 349, 88896, 80055, 32904, 34587, 81672, 109191]"
110973,"[81311, 85873, 104546, 39365, 97994, 82015, 57488, 55065, 78031, 11710]"
110974,"[106568, 11820, 81423, 90254, 41011, 92067, 79204, 176, 68967, 19777]"
110975,"[14915, 70857, 74009, 40359, 64986, 15711, 96160, 88223, 60934, 27866]"
110976,"[65576, 20560, 102320, 98534, 35329, 11836, 84128, 89088, 92592, 38062]"
110977,"[89486, 34331, 8533, 71952, 59969, 19712, 65460, 39568, 76810, 109459]"
110978,"[59658, 89007, 7636, 3400, 101479, 79580, 24556, 3671, 61562, 69802]"
110979,"[71789, 86825, 66726, 42872, 21314, 32474, 71647, 26744, 7889, 57537]"
110980,"[58466, 97656, 4183, 19649, 37264, 43190, 141, 41685, 54268, 71111]"
110981,"[108403, 35279, 1700, 78592, 107997, 20905, 97513, 63546, 78902, 108644]"
110982,"[92911, 72656, 100498, 65247, 82132, 37374, 57700, 51590, 39591, 37935]"
110983,"[47381, 79541, 72162, 21594, 21843, 105282, 48640, 61678, 33936, 51955]"
110984,"[86253, 46487, 62590, 19393, 80389, 87890, 59168, 93112, 96953, 68175]"
110985,"[23058, 31749, 25459, 38528, 1255, 3864, 92095, 74475, 96079, 5261]"
110986,"[70693, 11430, 84822, 16212, 84673, 54169, 107048, 89703, 68986, 45396]"
110987,"[83147, 31355, 74011, 73795, 63038, 57124, 65773, 28487, 97295, 90538]"
110988,"[34608, 82520, 25482, 69462, 32292, 50918, 94639, 31839, 18417, 95226]"
110989,"[40432, 83074, 66935, 52990, 88356, 40016, 92986, 57465, 71745, 99052]"
110990,"[30533, 69866, 90218, 10886, 104725, 76275, 86008, 103237, 62662, 59869]"
110991,"[14419, 100373, 4230, 60133, 80357, 42748, 83031, 8598, 88396, 103503]"
110992,"[15961, 40210, 67154, 103156, 97544, 69525, 102778, 89463, 83996, 64150]"
110993,"[58853, 67215, 18366, 17308, 14311, 42360, 89091, 16193, 47910, 73940]"
110994,"[86876, 36834, 66956, 26452, 56074, 43459, 63093, 35336, 27443, 109182]"
110995,"[1534, 32377, 51721, 79330, 18927, 95958, 24315, 94794, 74164, 21121]"
110996,"[70753, 81043, 68722, 14639, 102935, 53215, 90193, 63013, 85172, 108733]"
110997,"[36586, 103235, 85892, 81586, 108474, 77982, 90591, 32668, 84547, 68550]"
110998,"[50533, 109570, 13272, 35663, 40272, 81718, 35528, 25216, 1861, 4459]"
110999,"[58705, 51380, 108572, 89949, 55507, 71049, 8550, 90434, 46756, 22332]"
111000,"[87598, 87747, 78742, 90031, 46541, 82083, 104473, 97210, 40320, 58564]"
111001,"[90326, 21668, 57508, 52010, 32971, 16587, 53905, 63910, 101033, 72575]"
111002,"[2615, 8885, 40772, 11288, 27936, 60497, 46604, 64673, 101094, 70625]"
111003,"[23560, 65663, 47960, 107780, 44590, 36764, 38410, 8114, 75008, 100681]"
111004,"[6921, 54613, 20905, 26674, 78902, 108539, 25685, 47289, 94481, 3074]"
111005,"[76923, 31837, 103395, 47407, 53420, 43606, 70035, 109692, 3295, 104897]"
111006,"[45652, 5415, 27185, 4460, 92539, 27089, 73842, 18030, 71300, 72996]"
111007,"[10985, 74516, 97176, 98889, 76198, 22631, 65443, 3003, 99403, 45741]"
111008,"[25127, 52677, 41834, 36564, 93797, 91525, 21065, 47156, 58870, 101595]"
111009,"[29353, 47344, 2083, 88380, 102068, 101059, 81655, 6335, 64844, 31390]"
111010,"[99160, 90245, 11583, 87201, 73427, 78076, 82511, 85313, 64698, 44902]"
111011,"[37769, 93819, 90291, 20808, 57657, 2298, 3572, 19736, 64054, 43262]"
111012,"[78121, 22254, 43845, 35944, 50154, 47199, 100073, 53509, 106647, 61803]"
111013,"[25717, 3141, 39827, 96658, 30722, 76456, 82954, 64990, 51800, 32360]"
111014,"[1746, 33277, 29280, 102201, 81909, 66267, 38573, 17156, 5718, 21365]"
111015,"[21153, 30361, 72018, 24750, 66937, 14160, 86730, 32930, 4714, 61132]"
111016,"[37634, 26468, 47231, 72677, 61393, 70105, 98297, 2320, 64337, 27401]"
111017,"[75061, 28526, 66291, 74388, 97853, 85055, 24904, 28186, 84756, 90970]"
111018,"[92021, 76849, 51068, 44933, 9878, 102712, 16748, 4070, 25594, 50729]"
111019,"[61085, 49760, 79485, 46822, 59378, 48111, 58404, 50877, 102003, 54171]"
111020,"[90289, 64538, 3704, 25111, 29556, 95733, 50924, 109546, 14291, 76786]"
111021,"[106805, 93229, 88475, 103583, 37798, 35701, 59754, 32494, 7985, 48098]"
111022,"[88968, 104806, 107127, 42162, 54250, 14961, 29525, 94288, 66661, 62490]"
111023,"[32943, 69045, 49433, 80866, 29659, 976, 21253, 21936, 20496, 86385]"
111024,"[88550, 227, 11535, 1984, 59493, 45662, 89675, 64871, 37149, 13385]"
111025,"[75717, 106189, 6795, 97015, 108931, 49720, 27491, 102508, 69204, 9394]"
111026,"[75833, 25284, 109590, 29095, 75806, 22359, 97171, 43446, 65221, 26673]"
111027,"[49196, 105584, 27436, 68056, 7611, 30352, 17470, 84890, 2184, 82544]"
111028,"[69314, 20495, 73093, 74544, 53157, 71129, 70023, 93813, 5859, 44482]"
111029,"[66734, 104380, 84077, 2309, 27346, 107734, 55569, 82477, 42636, 82790]"
111030,"[91661, 28616, 18536, 10263, 74218, 89440, 63076, 80135, 47255, 13988]"
111031,"[78022, 75922, 54164, 93975, 39347, 38360, 35312, 66634, 65673, 76030]"
111032,"[32669, 17668, 86953, 12758, 26268, 72076, 41890, 8910, 52673, 97335]"
111033,"[71216, 75484, 4524, 97678, 68825, 78242, 240, 29756, 22554, 16857]"
111034,"[102248, 27818, 44549, 108027, 25752, 93257, 66830, 37750, 103207, 10501]"
111035,"[8891, 46326, 1054, 35786, 89054, 13453, 9663, 50304, 1296, 37598]"
111036,"[48351, 39387, 85736, 98222, 68601, 38092, 16315, 20472, 13764, 98697]"
111037,"[40822, 107760, 28182, 109335, 42208, 21965, 93903, 103376, 55210, 100578]"
111038,"[26131, 104332, 100301, 76600, 101542, 67125, 24156, 52963, 884, 278]"
111039,"[102800, 80634, 78411, 41781, 11560, 49954, 85716, 69477, 85213, 15908]"
111040,"[47388, 44022, 14344, 45545, 948, 34660, 19592, 33035, 96959, 97888]"
111041,"[4222, 105360, 19882, 18754, 66314, 29199, 91715, 75549, 13557, 72568]"
111042,"[91647, 6097, 4596, 21095, 79475, 76563, 84795, 84901, 12613, 89209]"
111043,"[41810, 87014, 21541, 78407, 19088, 72921, 76768, 63819, 97835, 5021]"
111044,"[68690, 44328, 24378, 78838, 10017, 34379, 37122, 83033, 108604, 70729]"
111045,"[83127, 62226, 51300, 9424, 70068, 100192, 54160, 57663, 27525, 30398]"
111046,"[73518, 8958, 100496, 18950, 38780, 40913, 94949, 7318, 49279, 54751]"
111047,"[94379, 108566, 41911, 9110, 102787, 45307, 92228, 62384, 89742, 43486]"
111048,"[27576, 2867, 23510, 73654, 94474, 103013, 21844, 23394, 40110, 93669]"
111049,"[52288, 27964, 68843, 85676, 91451, 38399, 41478, 80060, 59790, 33867]"
111050,"[109480, 105808, 41765, 77377, 91937, 97096, 52885, 65639, 61928, 95858]"
111051,"[51991, 35093, 28876, 39523, 86387, 41814, 20868, 54377, 28748, 17451]"
111052,"[9670, 75028, 72895, 87988, 33712, 10479, 54351, 25912, 82051, 73942]"
111053,"[71284, 90257, 63756, 109096, 20556, 48992, 73736, 100474, 43276, 41326]"
111054,"[57588, 43075, 59104, 8656, 63663, 96344, 63736, 17680, 39073, 91130]"
111055,"[105138, 25279, 90469, 48503, 2149, 22216, 48969, 11089, 98804, 11644]"
111056,"[56485, 93095, 64642, 21865, 72454, 85292, 65244, 86335, 30743, 61481]"
111057,"[32206, 23735, 23137, 36323, 33191, 102213, 55584, 10521, 96681, 95836]"
111058,"[22529, 23765, 54644, 101343, 99944, 24010, 102318, 102491, 71794, 53365]"
111059,"[71159, 36902, 11056, 87503, 36106, 105159, 51159, 35625, 20497, 61999]"
111060,"[80253, 80605, 52165, 41090, 98521, 66885, 9991, 46444, 66525, 53651]"
111061,"[54930, 106364, 78840, 28452, 83857, 97290, 41515, 60131, 22975, 71030]"
111062,"[82641, 89820, 4823, 68257, 92312, 12135, 2618, 69811, 23561, 66108]"
111063,"[101499, 85492, 39553, 108554, 70749, 63674, 13566, 2041, 28159, 99651]"
111064,"[107184, 16057, 53156, 79290, 22810, 4692, 18157, 63693, 43498, 37884]"
111065,"[40592, 43596, 4386, 21531, 17601, 85989, 2011, 52035, 35696, 3412]"
111066,"[47293, 66522, 33634, 24863, 67306, 18026, 87235, 107152, 97902, 8955]"
111067,"[109352, 45983, 41390, 104160, 41142, 20970, 98699, 51604, 73087, 84029]"
111068,"[63103, 44014, 99805, 89657, 18211, 80453, 58669, 36826, 30953, 89341]"
111069,"[20799, 6298, 88685, 77962, 104237, 49033, 22449, 52253, 20357, 91794]"
111070,"[77267, 27716, 65454, 46881, 55400, 100222, 11855, 109363, 60991, 65535]"
111071,"[99857, 44776, 3565, 80231, 37737, 16510, 56691, 29929, 19625, 79589]"
111072,"[85176, 92643, 65184, 54050, 94444, 56229, 108195, 30663, 90777, 63028]"
111073,"[88132, 106979, 89583, 36995, 100286, 5214, 40222, 8732, 8197, 5495]"
111074,"[95778, 12980, 38744, 40227, 97378, 15664, 79738, 55708, 72330, 62919]"
111075,"[1463, 27988, 102413, 77572, 30794, 69284, 25398, 21010, 103250, 43480]"
111076,"[79361, 65757, 11637, 7566, 94328, 54441, 105179, 61332, 45819, 103971]"
111077,"[73903, 56261, 96743, 56247, 92468, 63629, 79352, 44431, 26066, 109189]"
111078,"[18321, 18033, 34504, 94938, 82130, 32612, 97238, 58061, 11676, 15413]"
111079,"[51356, 98418, 50521, 32686, 92570, 22656, 4993, 88642, 75151, 92157]"
111080,"[9211, 2553, 86797, 18295, 22847, 34715, 38769, 47137, 6607, 46097]"
111081,"[87663, 33282, 43069, 91104, 57757, 92292, 1815, 104759, 13983, 106446]"
111082,"[55403, 77287, 101024, 21023, 97750, 65366, 73219, 75033, 48226, 1020]"
111083,"[71293, 102993, 17042, 77016, 56016, 97005, 18120, 45026, 35296, 53654]"
111084,"[76275, 37230, 15709, 79795, 83710, 6050, 100659, 73223, 30549, 62662]"
111085,"[95577, 11108, 61602, 54761, 74345, 50868, 57152, 40976, 43606, 31356]"
111086,"[81353, 66855, 28922, 49830, 35738, 61988, 84058, 69069, 19477, 82708]"
111087,"[5871, 97864, 60117, 20349, 54507, 8076, 62678, 35860, 77700, 11574]"
111088,"[29070, 45014, 61002, 45301, 46666, 70122, 38628, 65942, 12268, 16828]"
111089,"[58584, 21996, 47272, 97941, 80968, 8534, 32474, 42035, 50972, 21314]"
111090,"[81724, 52031, 84641, 75539, 2069, 44269, 27096, 25214, 13602, 96494]"
111091,"[76549, 53728, 82189, 24108, 67132, 22707, 39284, 24270, 21101, 68532]"
111092,"[63184, 61970, 35556, 74162, 32494, 3634, 14638, 20108, 96967, 93229]"
111093,"[32923, 982, 52600, 50413, 56832, 77497, 21782, 28744, 48096, 34801]"
111094,"[51324, 75588, 38292, 48409, 8000, 45627, 25757, 103848, 86493, 105020]"
111095,"[61301, 100511, 65409, 74631, 82809, 78146, 36785, 50501, 81024, 36713]"
111096,"[97999, 29797, 109562, 78071, 93156, 76319, 45089, 17999, 64449, 6638]"
111097,"[8391, 12652, 107811, 81861, 96902, 99718, 21394, 33432, 72218, 60244]"
111098,"[100741, 46898, 97800, 63346, 14059, 34342, 10847, 1363, 13576, 56474]"
111099,"[69790, 95438, 95173, 49528, 27455, 37014, 107205, 3957, 38432, 29895]"
111100,"[104490, 108886, 59043, 94070, 16234, 78584, 26232, 79389, 13691, 61319]"
111101,"[42029, 2559, 5884, 64664, 18816, 18954, 32852, 79380, 94980, 103283]"
111102,"[103457, 98839, 65936, 10688, 81206, 13205, 45567, 26000, 38132, 75735]"
111103,"[92484, 107998, 109546, 82845, 64656, 86738, 95733, 49072, 58483, 63556]"
111104,"[28267, 89902, 38171, 29073, 90275, 66811, 80560, 52730, 30045, 104284]"
111105,"[23719, 89458, 80377, 97498, 61855, 9792, 74109, 5075, 54660, 8719]"
111106,"[92630, 88036, 3443, 99621, 25610, 73821, 43544, 27351, 18423, 70835]"
111107,"[54147, 52597, 57675, 80006, 92309, 56772, 70684, 26116, 4677, 77134]"
111108,"[71391, 1286, 2035, 98890, 74780, 74512, 5733, 100786, 30862, 68968]"
111109,"[66905, 98495, 103723, 53750, 37196, 32568, 1117, 96431, 64196, 59396]"
111110,"[22848, 46195, 97641, 12703, 31423, 98670, 85686, 95730, 61137, 10638]"
111111,"[107489, 24455, 2076, 69611, 39221, 52966, 107136, 106268, 12217, 78632]"
111112,"[93618, 34688, 85703, 30535, 624, 65085, 86448, 14151, 83435, 68654]"
111113,"[104030, 42943, 108255, 79888, 75781, 73208, 26440, 68129, 72600, 18608]"
111114,"[84611, 15416, 85581, 8969, 85015, 83873, 73623, 57559, 3823, 33389]"
111115,"[35934, 89921, 101514, 61461, 63425, 34370, 72013, 60593, 94341, 67468]"
111116,"[60991, 46881, 65535, 30170, 27716, 24534, 11855, 109363, 77267, 96675]"
111117,"[45675, 57486, 68256, 62895, 48224, 102524, 53842, 36011, 85375, 71978]"
111118,"[30114, 70384, 102589, 56535, 82857, 73176, 15620, 14209, 77889, 102017]"
111119,"[4657, 76854, 19990, 107699, 12150, 27249, 359, 88148, 54398, 77938]"
111120,"[73427, 106194, 89830, 11583, 87201, 75779, 85313, 10877, 31635, 34376]"
111121,"[29930, 31078, 68441, 26551, 46374, 22576, 68494, 21092, 67949, 7692]"
111122,"[44493, 81845, 15859, 68243, 9081, 14909, 25738, 29558, 49316, 3433]"
111123,"[10939, 56117, 39165, 25170, 4812, 89954, 35344, 32259, 37114, 37699]"
111124,"[97675, 35460, 32776, 86884, 44246, 16384, 16059, 35966, 54918, 3050]"
111125,"[39412, 44509, 29784, 15237, 3590, 85949, 84931, 94361, 39400, 43337]"
111126,"[67817, 62187, 99316, 16472, 44087, 11396, 68510, 29991, 79398, 102467]"
111127,"[21102, 16567, 90860, 39507, 39718, 93589, 45521, 104112, 69318, 106309]"
111128,"[91613, 69884, 28250, 47743, 19091, 30408, 12634, 66780, 46360, 79535]"
111129,"[36435, 51858, 23153, 65074, 20237, 55938, 48774, 86433, 79354, 93314]"
111130,"[19751, 8019, 40669, 17529, 81408, 9247, 4261, 104943, 73056, 9297]"
111131,"[16755, 42852, 16412, 32391, 15691, 84133, 93962, 5962, 104377, 5880]"
111132,"[106851, 12959, 95281, 87653, 43457, 15752, 30044, 4215, 89642, 87249]"
111133,"[13497, 65416, 61852, 65078, 24716, 17757, 93038, 46216, 101238, 36811]"
111134,"[52252, 104222, 48429, 21538, 89217, 74268, 11345, 8583, 96839, 78933]"
111135,"[12355, 17206, 23178, 47214, 16555, 16744, 52693, 66410, 35865, 76628]"
111136,"[26153, 2568, 8232, 88470, 74484, 23999, 61380, 69565, 60309, 31233]"
111137,"[8279, 92278, 6438, 3467, 17420, 99657, 36753, 87361, 65062, 7626]"
111138,"[74013, 45139, 102423, 32112, 28148, 53377, 58299, 4855, 3962, 101627]"
111139,"[55287, 64846, 44100, 39416, 16034, 98392, 33472, 18790, 39049, 45659]"
111140,"[3687, 93920, 41141, 89822, 55989, 19697, 33337, 72493, 55540, 25540]"
111141,"[43981, 96065, 18003, 106999, 74272, 27587, 32315, 20055, 103746, 60598]"
111142,"[83447, 82537, 71260, 22241, 77949, 68982, 39067, 42012, 82251, 29222]"
111143,"[47529, 30924, 49932, 29369, 65595, 105969, 84834, 59179, 12920, 83741]"
111144,"[97525, 51342, 61554, 19328, 97539, 85203, 17347, 47871, 107874, 87257]"
111145,"[78466, 28207, 73547, 90038, 19172, 75701, 58112, 21140, 38966, 86149]"
111146,"[102268, 27350, 58047, 2640, 104441, 44689, 47123, 6335, 22252, 95388]"
111147,"[3899, 33377, 84178, 67638, 20964, 44724, 38953, 36269, 44838, 56477]"
111148,"[99210, 43679, 18284, 64861, 102895, 24804, 9537, 29141, 25247, 100303]"
111149,"[18376, 79345, 64243, 32429, 104734, 44297, 93162, 79651, 55405, 73696]"
111150,"[55913, 69234, 85746, 49928, 51132, 69285, 61613, 42539, 56392, 69758]"
111151,"[19294, 98145, 35463, 43552, 11148, 94176, 41580, 71081, 52391, 29538]"
111152,"[1827, 43607, 74717, 62464, 51929, 1940, 31600, 95157, 79609, 89442]"
111153,"[106796, 50585, 24698, 49580, 21141, 29378, 92758, 90692, 76191, 99209]"
111154,"[48490, 12328, 84275, 100086, 96733, 35352, 69663, 18702, 97461, 9244]"
111155,"[95454, 42545, 53193, 70717, 8004, 36521, 92519, 62244, 37913, 79043]"
111156,"[51569, 8224, 59894, 72363, 98174, 5154, 44158, 108383, 15558, 89136]"
111157,"[103762, 24917, 42158, 30708, 62815, 40212, 31616, 70581, 14178, 42150]"
111158,"[102384, 73725, 20255, 84455, 99970, 12874, 22461, 46868, 102148, 102049]"
111159,"[19555, 78784, 10812, 44693, 9063, 107552, 80792, 91237, 26229, 45386]"
111160,"[83450, 44258, 34890, 97432, 2172, 57077, 48878, 71781, 47416, 24572]"
111161,"[29808, 60007, 103864, 48334, 71253, 81381, 77185, 108653, 60540, 91197]"
111162,"[39860, 5521, 76518, 13122, 53327, 71210, 86997, 60976, 69196, 95842]"
111163,"[27855, 57833, 84908, 40708, 97414, 48016, 49778, 90056, 102551, 82388]"
111164,"[60743, 26598, 101120, 99463, 88012, 4892, 105115, 25050, 95366, 24320]"
111165,"[56780, 95775, 48093, 57115, 64948, 75329, 20297, 38367, 65862, 16636]"
111166,"[40181, 23059, 70250, 105831, 108340, 87192, 67187, 106679, 23650, 67689]"
111167,"[6009, 89204, 637, 8241, 64082, 103685, 67929, 19207, 94486, 49551]"
111168,"[13748, 72188, 36557, 4621, 64443, 63869, 56985, 9394, 30667, 51908]"
111169,"[7017, 6652, 17550, 13388, 68845, 23605, 72956, 82041, 54834, 3493]"
111170,"[108831, 66762, 39495, 79039, 97753, 41606, 97456, 81264, 75944, 20692]"
111171,"[47417, 61258, 78126, 79283, 85151, 85698, 49335, 38763, 48348, 13565]"
111172,"[61354, 42501, 87841, 104420, 46985, 104328, 101280, 78015, 83645, 1591]"
111173,"[22950, 14791, 12701, 84021, 80504, 64279, 54954, 19523, 19448, 94383]"
111174,"[15036, 82108, 89221, 71556, 827, 55245, 248, 105177, 90014, 30030]"
111175,"[72931, 60403, 32658, 22612, 78103, 6065, 22190, 31291, 63654, 70438]"
111176,"[90607, 29755, 79453, 2700, 93290, 4976, 42001, 73968, 10462, 75240]"
111177,"[44117, 27911, 27311, 64038, 7375, 44463, 55313, 88919, 105382, 31298]"
111178,"[5771, 47504, 64181, 75167, 97465, 108548, 40836, 72232, 74397, 1690]"
111179,"[35836, 19585, 82015, 80160, 85873, 30649, 106845, 61139, 60619, 62375]"
111180,"[62058, 14429, 54908, 35112, 23464, 49280, 20481, 60953, 58902, 34252]"
111181,"[75430, 39130, 61375, 3868, 101764, 3763, 16336, 77719, 34858, 41466]"
111182,"[98380, 102559, 80657, 68989, 80003, 89311, 6119, 93367, 6917, 64769]"
111183,"[56942, 29980, 1495, 56551, 55156, 60999, 3772, 70293, 44512, 51076]"
111184,"[17280, 67864, 59810, 109420, 100580, 48129, 46856, 27880, 107888, 93321]"
111185,"[72110, 15106, 51600, 66408, 77196, 71068, 80862, 6844, 54594, 10718]"
111186,"[53288, 29899, 74285, 63866, 71814, 64266, 106843, 64810, 24636, 39915]"
111187,"[80530, 60706, 86166, 16682, 79942, 3237, 77587, 53856, 16619, 49225]"
111188,"[82737, 4121, 58684, 58639, 84619, 89038, 49627, 107185, 11362, 18015]"
111189,"[29138, 106098, 13961, 74820, 108717, 27948, 49696, 4084, 36685, 11109]"
111190,"[34154, 74647, 59765, 78317, 73813, 27579, 87142, 52388, 29267, 10724]"
111191,"[74364, 94944, 94785, 41290, 38091, 61981, 61014, 86771, 74675, 20075]"
111192,"[78425, 88229, 77218, 38483, 75886, 46707, 67153, 75186, 34560, 7755]"
111193,"[60801, 82912, 46675, 59071, 59523, 9578, 104832, 98483, 3249, 38352]"
111194,"[109612, 108053, 27327, 63354, 63338, 60157, 105255, 3091, 75357, 46081]"
111195,"[67587, 16527, 57500, 91351, 100436, 3658, 2464, 26103, 101005, 16800]"
111196,"[83951, 62158, 13866, 51575, 860, 19344, 23662, 1852, 53223, 51433]"
111197,"[9237, 5963, 12026, 96261, 48026, 87324, 36920, 102565, 102466, 69179]"
111198,"[32942, 90346, 61861, 67623, 80492, 56189, 58919, 80067, 97323, 67070]"
111199,"[55930, 35162, 84353, 97942, 106602, 33940, 102950, 72930, 99442, 64945]"
111200,"[15201, 88856, 60608, 31872, 102262, 65893, 109227, 62993, 11454, 94718]"
111201,"[86213, 43801, 18658, 16138, 98946, 33094, 27607, 94120, 103638, 41415]"
111202,"[92231, 92919, 47758, 38672, 22115, 62223, 71631, 46447, 76665, 41607]"
111203,"[65666, 7485, 73312, 12050, 22549, 74668, 79387, 97239, 37294, 79532]"
111204,"[17157, 2827, 27371, 8669, 32842, 16770, 99883, 83553, 99589, 26901]"
111205,"[30877, 3380, 46894, 56981, 46809, 78827, 68810, 29581, 34233, 20813]"
111206,"[59674, 16761, 54902, 45771, 14910, 32745, 14958, 30648, 80548, 92199]"
111207,"[73065, 45970, 77669, 61712, 30711, 63798, 54602, 10092, 57571, 27540]"
111208,"[2635, 22062, 104229, 83999, 60313, 67576, 31008, 33318, 70258, 84591]"
111209,"[60743, 33997, 95366, 101941, 26598, 107364, 88785, 24665, 4892, 16155]"
111210,"[90770, 3101, 101076, 46344, 58815, 3668, 71699, 89275, 59433, 102362]"
111211,"[98573, 76164, 81614, 11568, 100836, 86041, 92647, 10454, 19661, 7054]"
111212,"[49512, 60735, 63556, 64903, 18753, 61296, 71626, 67653, 65419, 57546]"
111213,"[74880, 21682, 107771, 22980, 92960, 47365, 55017, 39341, 88599, 41862]"
111214,"[85560, 55282, 77323, 34773, 27813, 78941, 107600, 29619, 80894, 7137]"
111215,"[50689, 35543, 10144, 100433, 30751, 23255, 29575, 78090, 9438, 105329]"
111216,"[105872, 86193, 59125, 57235, 97883, 68558, 99098, 40302, 19286, 25544]"
111217,"[18602, 35642, 48066, 30898, 33970, 26312, 40572, 88944, 8950, 43992]"
111218,"[82135, 39190, 1735, 64965, 96174, 96217, 7752, 40602, 35501, 101467]"
111219,"[14402, 49550, 18233, 52137, 22958, 104231, 17588, 63539, 57238, 95537]"
111220,"[107416, 71075, 29622, 67520, 86755, 53622, 38952, 38790, 61387, 11309]"
111221,"[84247, 14582, 43393, 84761, 70405, 22541, 103322, 22799, 20048, 70385]"
111222,"[91851, 16065, 100571, 55882, 96365, 62269, 61859, 10739, 71521, 24163]"
111223,"[26888, 21374, 102888, 69460, 42538, 80739, 63805, 29465, 58644, 80329]"
111224,"[82388, 105339, 23694, 5430, 25780, 100944, 28711, 102551, 49778, 90056]"
111225,"[97045, 86057, 95764, 102360, 64794, 23365, 25156, 6079, 65080, 83025]"
111226,"[27428, 17346, 68056, 30724, 68692, 54979, 81585, 66415, 1628, 11958]"
111227,"[23102, 11860, 18431, 25015, 24736, 47604, 27451, 43556, 95107, 82924]"
111228,"[76360, 10775, 91305, 24728, 16661, 6579, 108375, 41895, 58455, 95611]"
111229,"[34423, 83815, 71406, 47411, 37708, 56480, 3818, 96839, 16989, 16431]"
111230,"[16434, 5118, 28733, 80916, 98648, 12609, 46502, 68242, 80758, 95687]"
111231,"[14931, 107375, 85461, 45918, 2304, 106613, 8188, 81830, 86344, 48107]"
111232,"[40332, 57557, 55618, 51923, 105477, 108815, 101510, 96528, 57030, 31445]"
111233,"[77704, 15246, 98140, 73993, 41699, 10160, 47696, 9974, 43939, 105635]"
111234,"[85301, 45781, 85813, 75135, 83349, 65273, 86588, 102299, 82328, 28222]"
111235,"[107482, 22033, 8500, 109616, 47365, 46256, 106415, 83811, 39646, 81147]"
111236,"[87124, 92428, 18135, 59364, 6185, 60100, 52704, 62548, 104075, 33072]"
111237,"[82239, 75859, 34166, 24903, 39344, 5470, 108080, 15267, 69639, 51698]"
111238,"[74287, 97580, 27514, 87870, 89528, 11449, 19858, 9403, 107331, 103219]"
111239,"[91781, 62795, 18323, 65187, 93269, 90091, 65454, 41771, 88689, 33608]"
111240,"[33407, 55986, 43864, 2408, 1631, 103019, 4974, 19405, 26713, 13258]"
111241,"[12857, 81344, 10142, 66357, 84483, 64780, 70889, 58435, 25315, 80217]"
111242,"[3022, 91482, 81336, 47590, 43372, 69970, 38627, 57297, 65980, 106230]"
111243,"[91008, 63145, 95533, 40964, 102328, 52279, 103006, 105075, 24683, 98075]"
111244,"[91416, 56929, 534, 79139, 51876, 71454, 24395, 2588, 60950, 29618]"
111245,"[28973, 69068, 27499, 101416, 38297, 66476, 87677, 30618, 100134, 41365]"
111246,"[10382, 88409, 64457, 57479, 687, 47789, 25774, 64020, 101630, 25669]"
111247,"[60444, 23763, 109772, 93325, 96796, 98491, 47881, 21205, 77132, 22026]"
111248,"[22663, 96452, 84492, 21221, 35885, 93062, 18857, 106966, 34733, 103357]"
111249,"[81692, 2793, 3346, 71379, 7907, 109546, 79197, 3704, 63389, 97558]"
111250,"[67500, 92874, 21693, 59489, 29721, 62724, 47272, 12535, 47414, 100982]"
111251,"[63539, 29778, 44711, 28620, 28423, 105746, 5361, 34542, 54972, 29256]"
111252,"[35990, 48765, 34992, 64430, 23488, 48071, 71858, 96622, 47591, 48195]"
111253,"[103073, 93297, 43762, 88527, 53702, 80290, 26778, 103527, 64951, 101857]"
111254,"[14737, 33968, 16724, 65882, 92228, 62384, 45803, 77394, 82677, 60728]"
111255,"[76298, 33877, 12887, 33366, 41773, 28838, 94489, 40419, 103029, 5540]"
111256,"[48896, 64993, 101765, 18716, 55831, 36718, 14660, 97717, 109451, 13212]"
111257,"[105602, 50311, 18363, 92645, 51253, 21550, 51000, 22599, 14577, 87139]"
111258,"[34665, 16015, 21995, 54971, 86998, 23243, 43072, 74622, 34840, 39895]"
111259,"[49020, 6649, 38469, 55779, 82712, 104776, 68488, 40379, 25559, 57140]"
111260,"[52877, 85881, 92724, 53167, 109763, 85377, 40437, 62265, 78697, 33071]"
111261,"[2815, 74823, 95884, 55370, 28933, 76867, 49444, 5874, 71114, 47570]"
111262,"[12677, 93632, 37061, 86866, 42674, 98676, 83445, 50883, 59093, 57213]"
111263,"[107864, 92716, 40997, 42504, 101384, 44128, 18610, 72910, 82121, 77002]"
111264,"[12929, 54001, 4660, 65397, 72029, 5753, 91496, 63589, 54364, 91474]"
111265,"[80259, 57494, 21551, 67519, 98719, 64112, 87308, 16603, 54786, 65790]"
111266,"[63024, 46618, 38456, 51339, 82586, 76444, 41770, 48505, 74581, 68375]"
111267,"[17247, 107035, 62521, 10316, 53486, 19960, 17495, 4161, 89142, 25261]"
111268,"[18450, 17251, 85142, 39682, 49575, 34398, 34340, 57301, 38143, 77051]"
111269,"[55565, 81247, 66472, 16484, 47238, 72518, 89273, 99688, 48439, 51902]"
111270,"[2935, 37045, 61139, 60182, 80160, 99266, 58575, 45703, 62375, 106845]"
111271,"[20004, 82889, 87132, 91603, 31074, 12997, 96152, 49036, 100901, 87292]"
111272,"[26243, 4970, 85349, 99217, 3130, 37708, 23796, 4390, 42707, 69672]"
111273,"[42953, 21814, 58022, 90685, 26129, 8196, 15449, 108464, 18750, 31765]"
111274,"[108738, 51580, 46714, 83310, 106008, 347, 65339, 5176, 93827, 78023]"
111275,"[13179, 59715, 7954, 106256, 7248, 52141, 35687, 32394, 49982, 41729]"
111276,"[8753, 37808, 30668, 43168, 14714, 1273, 80896, 30090, 53679, 67147]"
111277,"[21073, 9189, 107578, 33326, 48207, 29499, 10609, 76292, 559, 62599]"
111278,"[17957, 17663, 19693, 83696, 72131, 65474, 69171, 42978, 51239, 94986]"
111279,"[83247, 88479, 67354, 52886, 11489, 42355, 10945, 87061, 104366, 27617]"
111280,"[60590, 44398, 103439, 4548, 40249, 52813, 35098, 54777, 106142, 39671]"
111281,"[12096, 52867, 100111, 2059, 101483, 86564, 76263, 95023, 22698, 39287]"
111282,"[65359, 83017, 91377, 61277, 40000, 37602, 79706, 15701, 37097, 49068]"
111283,"[55031, 25213, 96813, 87275, 5367, 98613, 35691, 28397, 1814, 41202]"
111284,"[42317, 108891, 61697, 48540, 55693, 53950, 45273, 69708, 51803, 20417]"
111285,"[58089, 69885, 70404, 61292, 97078, 104062, 64689, 68343, 76924, 81896]"
111286,"[31262, 68043, 105118, 95162, 21436, 71199, 75596, 82717, 97060, 97950]"
111287,"[39883, 10232, 103608, 51435, 53488, 7982, 58719, 47352, 81233, 90936]"
111288,"[1700, 22127, 107997, 35279, 92784, 6921, 97513, 20905, 77199, 79798]"
111289,"[33524, 42962, 102592, 76117, 46085, 46288, 11921, 2605, 23149, 18933]"
111290,"[82577, 15521, 96833, 102477, 106292, 34847, 18558, 81006, 84993, 85564]"
111291,"[42479, 85608, 11503, 40531, 35730, 37407, 45025, 11243, 86468, 63367]"
111292,"[27937, 48296, 30759, 36902, 20146, 92977, 20497, 1097, 97489, 60585]"
111293,"[90277, 3959, 37060, 39730, 13115, 83204, 52260, 104858, 84766, 88839]"
111294,"[50894, 24884, 99477, 19468, 46160, 16442, 46027, 82034, 66098, 24484]"
111295,"[97722, 58971, 63220, 9485, 65277, 78337, 50326, 109771, 43426, 61106]"
111296,"[3496, 4455, 92210, 80264, 17061, 22655, 22954, 107523, 63476, 75316]"
111297,"[86981, 56950, 83069, 99554, 27347, 58059, 94275, 12260, 18487, 27274]"
111298,"[48357, 37385, 27741, 23389, 91933, 98921, 30, 89252, 32768, 37512]"
111299,"[17062, 96374, 94131, 18175, 222, 15044, 11041, 103947, 37544, 61653]"
111300,"[21985, 11672, 16697, 78620, 98031, 92427, 39001, 54317, 78453, 39032]"
111301,"[15906, 36902, 47037, 27183, 70681, 11056, 87503, 30759, 35635, 56152]"
111302,"[44366, 108994, 87817, 42653, 69525, 103156, 97544, 67154, 73449, 106482]"
111303,"[102447, 39536, 46940, 14681, 53019, 63618, 95487, 25816, 45670, 40787]"
111304,"[51501, 22532, 74670, 46069, 50294, 69691, 95783, 2278, 12301, 3084]"
111305,"[92892, 64405, 18380, 94949, 53106, 35447, 38003, 10523, 7957, 1687]"
111306,"[101975, 25589, 59273, 75938, 12437, 34505, 76666, 89146, 41577, 93593]"
111307,"[65062, 87718, 44089, 84600, 102198, 8279, 92278, 66955, 19483, 58264]"
111308,"[26530, 81246, 25568, 49868, 35614, 55280, 97246, 34969, 88153, 89512]"
111309,"[17799, 31547, 46194, 82332, 28175, 76754, 100490, 78509, 27337, 25491]"
111310,"[92061, 35591, 11571, 94310, 52482, 49914, 64563, 4415, 61177, 1357]"
111311,"[100374, 3123, 87937, 60960, 85816, 93999, 49559, 46558, 62592, 19892]"
111312,"[35517, 53952, 7749, 34387, 31705, 91426, 24695, 84085, 31595, 77349]"
111313,"[45861, 24669, 99320, 83641, 93953, 5926, 97693, 14687, 49229, 85123]"
111314,"[38704, 83769, 22447, 73836, 29334, 101655, 3100, 72954, 54780, 91998]"
111315,"[64970, 8112, 84413, 107045, 7857, 54798, 52913, 55123, 66023, 34698]"
111316,"[95104, 91995, 32080, 73146, 14446, 8266, 103989, 84764, 18627, 30419]"
111317,"[3731, 11767, 76734, 95891, 107718, 72537, 39321, 61329, 72010, 103341]"
111318,"[2181, 100660, 44758, 79018, 1757, 25285, 93739, 44326, 64522, 60888]"
111319,"[33528, 6128, 89472, 75098, 70543, 88981, 48780, 40424, 78781, 53151]"
111320,"[34442, 44526, 49606, 74302, 57788, 32606, 22351, 83654, 89086, 87683]"
111321,"[45891, 95229, 7259, 59170, 27868, 1141, 12224, 12696, 40526, 22293]"
111322,"[45516, 7502, 70445, 92303, 10085, 57295, 58536, 48092, 8519, 56872]"
111323,"[86231, 47202, 98177, 10297, 58202, 29755, 71650, 81968, 39826, 76235]"
111324,"[28577, 108427, 26219, 9352, 88243, 95417, 51807, 80245, 51702, 53018]"
111325,"[60408, 92545, 76091, 109025, 88861, 37962, 53205, 94014, 2920, 63590]"
111326,"[11200, 35014, 15141, 90826, 74433, 11815, 100685, 57107, 85670, 43290]"
111327,"[11871, 81904, 9705, 99041, 64360, 15472, 75725, 30256, 11285, 79539]"
111328,"[25677, 24641, 24695, 95626, 36962, 25249, 75292, 105880, 81629, 98656]"
111329,"[9071, 74832, 81171, 28778, 94006, 40831, 47143, 1835, 38434, 16519]"
111330,"[93595, 28696, 59071, 31573, 58326, 100640, 106645, 75904, 3249, 51968]"
111331,"[101486, 47487, 66768, 23649, 76342, 85457, 19717, 82612, 62820, 42110]"
111332,"[99469, 78983, 87359, 90336, 79085, 80582, 28940, 96199, 92321, 10439]"
111333,"[67311, 89179, 87897, 28500, 96823, 74663, 52931, 70941, 40857, 26825]"
111334,"[102907, 94631, 81289, 66790, 30618, 69212, 45032, 39208, 35568, 35995]"
111335,"[7213, 91454, 15922, 106182, 71565, 78344, 25120, 81640, 1114, 61304]"
111336,"[52187, 23340, 107742, 63422, 326, 47222, 13515, 101453, 19247, 15029]"
111337,"[61914, 28369, 36943, 37214, 82811, 14018, 13564, 32724, 61818, 53500]"
111338,"[21057, 109434, 52473, 68801, 50883, 52318, 88775, 30416, 84436, 10196]"
111339,"[67522, 89558, 18462, 27174, 77585, 87009, 13981, 54847, 29549, 36005]"
111340,"[77417, 14457, 92154, 104261, 62736, 66118, 22616, 104314, 10779, 89972]"
111341,"[93507, 10817, 17669, 13541, 8355, 29736, 68723, 91935, 14503, 54320]"
111342,"[59776, 50480, 956, 107919, 103357, 108405, 63409, 62753, 83593, 85039]"
111343,"[45765, 106346, 31274, 10477, 46958, 102185, 85747, 59115, 4396, 30939]"
111344,"[34695, 21068, 28193, 27435, 12049, 101602, 73584, 4624, 56640, 69706]"
111345,"[104348, 73414, 12809, 16991, 71345, 12431, 42274, 155, 62422, 100250]"
111346,"[24593, 2209, 97185, 103076, 10674, 106043, 6648, 72406, 12876, 18786]"
111347,"[102801, 779, 77716, 50548, 83238, 39722, 85589, 13807, 106935, 97794]"
111348,"[65884, 88181, 87642, 7695, 20658, 90349, 107308, 18649, 45305, 90467]"
111349,"[94466, 24251, 64702, 98587, 9623, 85087, 20208, 50592, 78877, 96254]"
111350,"[3297, 42175, 12636, 63764, 29837, 32364, 106821, 98747, 26724, 73369]"
111351,"[94900, 52230, 35695, 23064, 72389, 22667, 78837, 48328, 34740, 106241]"
111352,"[24474, 73044, 59210, 54782, 37031, 92677, 88722, 2317, 49747, 14523]"
111353,"[5898, 7167, 23169, 101106, 51134, 65899, 20139, 86767, 28102, 25541]"
111354,"[62587, 70607, 7631, 33280, 46960, 99793, 50426, 33769, 44396, 48515]"
111355,"[66748, 33423, 64501, 41877, 66860, 39003, 90687, 30280, 103741, 72980]"
111356,"[69259, 13962, 10791, 42488, 28629, 33058, 47539, 25899, 104985, 97364]"
111357,"[90718, 48666, 51932, 82399, 17926, 15595, 46109, 107705, 18598, 73700]"
111358,"[97916, 31542, 106379, 39721, 28431, 1473, 82964, 99724, 81600, 103628]"
111359,"[91006, 91899, 108368, 108813, 39584, 83226, 101363, 58344, 107440, 60553]"
111360,"[107496, 63936, 101841, 32526, 89053, 82179, 43896, 66340, 77689, 44049]"
111361,"[86300, 90356, 85608, 30918, 27278, 98555, 67998, 106595, 11447, 68255]"
111362,"[80048, 57205, 13136, 93798, 96212, 32460, 84134, 15732, 30107, 87785]"
111363,"[42555, 59506, 4765, 33092, 77439, 102948, 52163, 18442, 52660, 93274]"
111364,"[25582, 84554, 20343, 60294, 29122, 51886, 55691, 109735, 24118, 68207]"
111365,"[105926, 44579, 37641, 11387, 52101, 1082, 34394, 60183, 94900, 85852]"
111366,"[23295, 71873, 5272, 24670, 4945, 94563, 80951, 86539, 14855, 59561]"
111367,"[67644, 6862, 56473, 13823, 19262, 54562, 84707, 62578, 32257, 104377]"
111368,"[52426, 24552, 33831, 6490, 36047, 12388, 31089, 44185, 12493, 69078]"
111369,"[90112, 81926, 1419, 57168, 101866, 17267, 26649, 9093, 98411, 67202]"
111370,"[8735, 90523, 48240, 70771, 82218, 81634, 61268, 32580, 34277, 43502]"
111371,"[78691, 5680, 16773, 41623, 97855, 71475, 46435, 17472, 45453, 34346]"
111372,"[72037, 59437, 37624, 47800, 97780, 76535, 67477, 58659, 99202, 13842]"
111373,"[95964, 73380, 3583, 101844, 1426, 4988, 107660, 82569, 40334, 15724]"
111374,"[41077, 84255, 103330, 56274, 61762, 52244, 105906, 81971, 50167, 15692]"
111375,"[7355, 102084, 53498, 93093, 60498, 1069, 78513, 105462, 13903, 6695]"
111376,"[10834, 25529, 105253, 57499, 4510, 52707, 107100, 80941, 108297, 56317]"
111377,"[99611, 56403, 2998, 105144, 105106, 80454, 40859, 53605, 31460, 36985]"
111378,"[84655, 12862, 84480, 94101, 88725, 51475, 47571, 73485, 5083, 38530]"
111379,"[91124, 57615, 104070, 89079, 76356, 65306, 86682, 95928, 27536, 34775]"
111380,"[21055, 77987, 7393, 59052, 44448, 19701, 98586, 82503, 32594, 79823]"
111381,"[7547, 18772, 29043, 13579, 78688, 65206, 3282, 40867, 65877, 103904]"
111382,"[38673, 38794, 103469, 37559, 106457, 8691, 99943, 137, 56233, 87170]"
111383,"[78155, 42881, 25118, 41734, 21278, 38694, 17820, 43020, 69108, 79068]"
111384,"[293, 90012, 83282, 77228, 74428, 65280, 90130, 33800, 42639, 77104]"
111385,"[3043, 39098, 103842, 29273, 41048, 12023, 29296, 94024, 105769, 93945]"
111386,"[88429, 4886, 94953, 47507, 109022, 37691, 8858, 79847, 67611, 75441]"
111387,"[67933, 87916, 11517, 75464, 29928, 21015, 58050, 9538, 76425, 22024]"
111388,"[88240, 55594, 69484, 109299, 94099, 23728, 42832, 80287, 101352, 5426]"
111389,"[9068, 92793, 72040, 97737, 103237, 16503, 31131, 33974, 8418, 19821]"
111390,"[20763, 42031, 68313, 17659, 14524, 95743, 66382, 45193, 108130, 93689]"
111391,"[85303, 107637, 77498, 95043, 46984, 87623, 38176, 108088, 50996, 98943]"
111392,"[6859, 6371, 49776, 15319, 108090, 73964, 31911, 71112, 45844, 45155]"
111393,"[11652, 49415, 23641, 40614, 1899, 103520, 70935, 90055, 102636, 57896]"
111394,"[41647, 41427, 57996, 98813, 104425, 18181, 61368, 7359, 65422, 2984]"
111395,"[32178, 9226, 9287, 85792, 20471, 77255, 40999, 79834, 28539, 35961]"
111396,"[665, 67378, 18938, 35645, 31050, 38097, 60584, 20899, 106961, 1804]"
111397,"[2192, 56241, 47979, 43384, 42660, 106855, 101594, 109366, 2154, 43501]"
111398,"[79607, 31959, 17038, 28570, 106519, 63749, 89740, 106493, 8371, 17027]"
111399,"[42586, 21535, 77389, 100438, 894, 22061, 70194, 28094, 103214, 52300]"
111400,"[15239, 25473, 42152, 21209, 106438, 24265, 8477, 95299, 78019, 95687]"
111401,"[80428, 104409, 55315, 12511, 19127, 48729, 105203, 49513, 35196, 7034]"
111402,"[57021, 52029, 46281, 65319, 27628, 82722, 62546, 97124, 68103, 36567]"
111403,"[3255, 38933, 71400, 93600, 456, 13659, 84506, 40301, 14481, 83394]"
111404,"[105923, 88701, 78107, 21230, 79446, 51906, 27464, 59700, 68566, 93952]"
111405,"[89447, 71064, 59237, 97010, 69126, 87982, 72817, 91677, 21563, 36248]"
111406,"[77139, 95562, 71862, 4791, 14414, 13933, 23841, 100870, 97488, 109501]"
111407,"[16299, 33637, 5550, 34525, 48127, 70475, 3772, 57041, 7653, 36936]"
111408,"[34515, 49867, 50991, 99865, 88055, 89394, 22847, 95564, 20272, 4673]"
111409,"[6865, 17411, 34080, 74880, 40943, 81748, 13556, 105604, 50989, 20504]"
111410,"[68668, 89523, 88997, 44914, 36674, 27322, 48534, 75021, 63377, 103381]"
111411,"[4116, 4841, 35957, 72610, 34851, 51796, 83763, 107238, 65977, 13141]"
111412,"[21194, 30046, 59535, 87518, 80628, 77028, 59381, 36960, 78465, 98038]"
111413,"[50612, 24116, 28282, 19906, 78056, 33883, 25927, 54627, 57956, 93691]"
111414,"[1737, 63290, 78814, 36228, 25065, 65240, 103787, 21486, 75559, 31828]"
111415,"[74614, 106607, 68664, 37244, 70208, 12790, 78189, 92019, 29834, 35508]"
111416,"[26157, 31181, 64088, 31823, 69108, 28882, 81051, 16820, 25118, 86044]"
111417,"[29516, 71164, 428, 9682, 8721, 90951, 37675, 97896, 47939, 51877]"
111418,"[25752, 31658, 103207, 10501, 93257, 66830, 63793, 39766, 27818, 67084]"
111419,"[83811, 101562, 2808, 107482, 8500, 46256, 39646, 100630, 49903, 23712]"
111420,"[11523, 84106, 59269, 69377, 92820, 77369, 109627, 58142, 14845, 78219]"
111421,"[68662, 4553, 59901, 18739, 28913, 47219, 68985, 46436, 24490, 7197]"
111422,"[24957, 42332, 57033, 65886, 89715, 86337, 105463, 25048, 68232, 27760]"
111423,"[63445, 83338, 49369, 78682, 38950, 7551, 39752, 84638, 99424, 72044]"
111424,"[109739, 79203, 72272, 12467, 72466, 86722, 107903, 51024, 26894, 46339]"
111425,"[85767, 41719, 42117, 42576, 32399, 36892, 29471, 62241, 85983, 89881]"
111426,"[11071, 10673, 10843, 78831, 5296, 21993, 89021, 103507, 102822, 75424]"
111427,"[22610, 33466, 8111, 99973, 19016, 102132, 14006, 68955, 73437, 36278]"
111428,"[6566, 54050, 108195, 56229, 90777, 54821, 43234, 64881, 31490, 94868]"
111429,"[36810, 80861, 35374, 52535, 47135, 79060, 58374, 61363, 84631, 71966]"
111430,"[96135, 90774, 25792, 18400, 45834, 98654, 63623, 73536, 75616, 50692]"
111431,"[26007, 22952, 11752, 59165, 98430, 99278, 107803, 40764, 44893, 21149]"
111432,"[23532, 47617, 57729, 75429, 383, 45073, 47000, 101328, 49452, 29553]"
111433,"[33850, 79093, 107726, 90799, 97364, 40165, 52819, 69551, 34042, 13962]"
111434,"[3044, 98740, 74845, 81829, 107511, 90634, 60035, 87876, 14987, 65993]"
111435,"[77765, 99344, 86375, 68766, 43680, 12551, 16202, 15070, 53466, 48094]"
111436,"[93420, 97467, 69726, 16896, 88860, 89936, 101523, 40663, 43130, 37743]"
111437,"[35350, 52105, 84534, 97804, 6139, 29020, 81970, 22750, 98606, 21760]"
111438,"[4713, 107658, 42684, 38718, 13535, 50355, 95749, 13700, 53851, 20632]"
111439,"[67555, 40316, 72073, 80203, 1874, 40830, 9693, 70307, 28567, 47177]"
111440,"[49033, 38080, 4638, 3963, 71991, 77962, 48131, 72331, 42566, 15263]"
111441,"[14396, 42368, 38450, 16376, 34806, 106848, 77029, 87767, 2461, 40012]"
111442,"[6124, 50823, 5506, 56908, 97642, 72384, 45663, 43065, 70938, 52532]"
111443,"[6356, 30832, 102405, 47075, 97188, 9214, 49393, 20690, 25595, 28056]"
111444,"[69042, 78188, 14618, 81638, 28983, 50647, 11384, 22878, 61851, 72781]"
111445,"[83793, 46501, 81056, 69797, 52535, 31672, 107141, 46707, 807, 47135]"
111446,"[53203, 45653, 106826, 3618, 88179, 41448, 82172, 69890, 26533, 107119]"
111447,"[52904, 5626, 43837, 107248, 58401, 82087, 19056, 47924, 8567, 31218]"
111448,"[68332, 54039, 101666, 26951, 32207, 47597, 41897, 54447, 1250, 3457]"
111449,"[42039, 41963, 71546, 49724, 101331, 95751, 26391, 66112, 12052, 3274]"
111450,"[1523, 66333, 89707, 59083, 11286, 29828, 42790, 71091, 96881, 66564]"
111451,"[69464, 12574, 39429, 86404, 99120, 35457, 21058, 54316, 75084, 23000]"
111452,"[55535, 73144, 107568, 54302, 62608, 92213, 78920, 22353, 13942, 88193]"
111453,"[107499, 33619, 75685, 74395, 64332, 106690, 89747, 41191, 38487, 75508]"
111454,"[93824, 33028, 30842, 91284, 14702, 22185, 95329, 385, 65875, 23835]"
111455,"[91687, 4665, 11864, 39681, 14021, 3742, 88136, 26300, 100714, 67057]"
111456,"[102815, 59966, 43355, 32001, 71911, 106166, 9589, 3310, 8737, 2292]"
111457,"[107495, 104337, 34329, 71765, 68862, 55026, 98362, 30645, 50911, 105708]"
111458,"[83229, 105556, 48707, 3627, 33930, 24692, 47456, 78355, 95478, 68885]"
111459,"[36751, 15997, 21680, 86138, 96872, 33919, 16544, 3550, 95587, 82549]"
111460,"[71847, 40840, 30994, 57797, 41982, 35315, 75610, 100280, 44639, 16662]"
111461,"[34451, 61529, 84961, 70375, 98310, 54215, 12493, 98510, 83958, 87620]"
111462,"[91501, 12456, 70110, 67854, 58781, 15113, 59161, 48553, 40611, 41673]"
111463,"[39253, 57456, 100365, 54637, 70173, 91934, 76066, 102753, 32197, 41801]"
111464,"[98480, 71014, 63743, 2816, 4233, 99187, 82901, 46780, 31599, 15666]"
111465,"[8296, 49199, 109101, 100896, 94124, 49215, 41758, 15308, 21160, 719]"
111466,"[63503, 54182, 58955, 79680, 54499, 77657, 50380, 53517, 45459, 9605]"
111467,"[71850, 18194, 64644, 6093, 86318, 59330, 91858, 72496, 43090, 50038]"
111468,"[56257, 99874, 97372, 105131, 97500, 109747, 22513, 49725, 63929, 49484]"
111469,"[49091, 46817, 63456, 107340, 77120, 106262, 20169, 7417, 106002, 77855]"
111470,"[64910, 87930, 95233, 31790, 90250, 109123, 55941, 5496, 10203, 74667]"
111471,"[62506, 16536, 105671, 21305, 100497, 44757, 97535, 25390, 2472, 17960]"
111472,"[23462, 79223, 13673, 39757, 14469, 74313, 75051, 40063, 72200, 13002]"
111473,"[34431, 83692, 37560, 76059, 96938, 54304, 67268, 1373, 39324, 9418]"
111474,"[48182, 27625, 95070, 100656, 30916, 87116, 73245, 21698, 69608, 84954]"
111475,"[62350, 99483, 19690, 61399, 78361, 10993, 37495, 51838, 99753, 17904]"
111476,"[56601, 90316, 25709, 76892, 78625, 107980, 92796, 86079, 40738, 1352]"
111477,"[70297, 61695, 14831, 53008, 93357, 15655, 29190, 47228, 62832, 80954]"
111478,"[61233, 59846, 70559, 103703, 61962, 76529, 106381, 103535, 36570, 93886]"
111479,"[30275, 1303, 9449, 62333, 7767, 85053, 33040, 35395, 15862, 38619]"
111480,"[9914, 63703, 26254, 80867, 80302, 104145, 18184, 61254, 20493, 73966]"
111481,"[5038, 61716, 82804, 75281, 36525, 17168, 62934, 75014, 17373, 95694]"
111482,"[82698, 5332, 90425, 22294, 77928, 105811, 63781, 66642, 82496, 33383]"
111483,"[61940, 18817, 81183, 13453, 102387, 31592, 11120, 47116, 12426, 27996]"
111484,"[32699, 101952, 59128, 45322, 31851, 56753, 61380, 10807, 67634, 2417]"
111485,"[4266, 30621, 32551, 65613, 64899, 64977, 19931, 53085, 12782, 93520]"
111486,"[35898, 100100, 80462, 18820, 44578, 51140, 74006, 106115, 68475, 25598]"
111487,"[30736, 22630, 62022, 39194, 72140, 12879, 42135, 49494, 88423, 108862]"
111488,"[38898, 35771, 101825, 27172, 34078, 100665, 62853, 109478, 106779, 36815]"
111489,"[87371, 7846, 8974, 44536, 18839, 96957, 41537, 16809, 69695, 75899]"
111490,"[17094, 63463, 85778, 90415, 9585, 37928, 57449, 99836, 104530, 80986]"
111491,"[68675, 9010, 88759, 41544, 34207, 94509, 79608, 24770, 38532, 51397]"
111492,"[89434, 109545, 15441, 23272, 95353, 102682, 44572, 23089, 70314, 33103]"
111493,"[67890, 27912, 36546, 30156, 84619, 108920, 107185, 36416, 22508, 12896]"
111494,"[82922, 40475, 99641, 5294, 10989, 74671, 72571, 20265, 31557, 64700]"
111495,"[16343, 54208, 42953, 30324, 7650, 72630, 75842, 49226, 65343, 96216]"
111496,"[90345, 38747, 56540, 40793, 63928, 51243, 53820, 86703, 86575, 95612]"
111497,"[2497, 53800, 70868, 98939, 49891, 49379, 54479, 76120, 52211, 18600]"
111498,"[83733, 98391, 47979, 5033, 2678, 15461, 45176, 74625, 93674, 106855]"
111499,"[73856, 9969, 76930, 7969, 39401, 75794, 59584, 59212, 74272, 23689]"
111500,"[101899, 108771, 35623, 36858, 58771, 4964, 62053, 96066, 44615, 94585]"
111501,"[79083, 84850, 26158, 62518, 103751, 11721, 85018, 108928, 27495, 25174]"
111502,"[97738, 56402, 42241, 91838, 35944, 35000, 28174, 47749, 17925, 58701]"
111503,"[72412, 37507, 74990, 66365, 7557, 32962, 85518, 21790, 81078, 91993]"
111504,"[29896, 24942, 96888, 1953, 99197, 24512, 51982, 100081, 28346, 50021]"
111505,"[83130, 93652, 25010, 44885, 26316, 95787, 91748, 79998, 23191, 51550]"
111506,"[103804, 85821, 77330, 92095, 5656, 74274, 72974, 88257, 106477, 30400]"
111507,"[103519, 39480, 48580, 100829, 73052, 10902, 93994, 74018, 33943, 49783]"
111508,"[52781, 32511, 16517, 17028, 63776, 94969, 18333, 96458, 12904, 106492]"
111509,"[10349, 94955, 18704, 42912, 67411, 96461, 30297, 7506, 66237, 92794]"
111510,"[38878, 81186, 40808, 89404, 91222, 52909, 18046, 45013, 89099, 40750]"
111511,"[93491, 98790, 5611, 27947, 37185, 73520, 107056, 65227, 93603, 64960]"
111512,"[46187, 46729, 21592, 69295, 52328, 10053, 72718, 45211, 26485, 53831]"
111513,"[91131, 52902, 61501, 47997, 104188, 5868, 87995, 91249, 82517, 43940]"
111514,"[59075, 21244, 32944, 62568, 73661, 19009, 70853, 70042, 109392, 59177]"
111515,"[85013, 45608, 70464, 36891, 57307, 83379, 18076, 20676, 106839, 13905]"
111516,"[95002, 34396, 81349, 62900, 66539, 24135, 45288, 34502, 53690, 43708]"
111517,"[46109, 99620, 26922, 27458, 82399, 61707, 51932, 15595, 88549, 24747]"
111518,"[18458, 66310, 106562, 17856, 68794, 91037, 74726, 96319, 64418, 13692]"
111519,"[70915, 11580, 74919, 95688, 80294, 42177, 52397, 98418, 56120, 38178]"
111520,"[66716, 21949, 21696, 100345, 29903, 21060, 10911, 57647, 6348, 73689]"
111521,"[36503, 54440, 38032, 56852, 52703, 59455, 22342, 7454, 17761, 13324]"
111522,"[2477, 83337, 9452, 19871, 79725, 82271, 6780, 71651, 26055, 59582]"
111523,"[77635, 90045, 17246, 8775, 50179, 38960, 38808, 26123, 107372, 20544]"
111524,"[103675, 51181, 2585, 76352, 20584, 3618, 89201, 84503, 26533, 3232]"
111525,"[83333, 27278, 60640, 107762, 38558, 96969, 64862, 62665, 75434, 106595]"
111526,"[35104, 88432, 51596, 44160, 18681, 102042, 62320, 46302, 93335, 2133]"
111527,"[49316, 3681, 7654, 99014, 3433, 8455, 9081, 60235, 90982, 7444]"
111528,"[82884, 28003, 105479, 54539, 86112, 100329, 30727, 90867, 106783, 46125]"
111529,"[79850, 56517, 79144, 41400, 86248, 85786, 88284, 69221, 16746, 103670]"
111530,"[13548, 89582, 58586, 63228, 56245, 54932, 89440, 18442, 44157, 5573]"
111531,"[50247, 83994, 104007, 54102, 97058, 27768, 60903, 89871, 1483, 96673]"
111532,"[50506, 13618, 15157, 14010, 101391, 26281, 97735, 8696, 9957, 24195]"
111533,"[75949, 40777, 29947, 29484, 43932, 104437, 74368, 51827, 94454, 14127]"
111534,"[77481, 97464, 12831, 53880, 88041, 76536, 87091, 102414, 22382, 58926]"
111535,"[65615, 81074, 61052, 63853, 4726, 93174, 89345, 15083, 12903, 25420]"
111536,"[37627, 85377, 32198, 33071, 62265, 36673, 44282, 48684, 64094, 54817]"
111537,"[89339, 80817, 1198, 3033, 45278, 77089, 67501, 49523, 72716, 83320]"
111538,"[45590, 45314, 34996, 14130, 82964, 42015, 12117, 41483, 60122, 37657]"
111539,"[18553, 77971, 103081, 28191, 35987, 23794, 12080, 47748, 22065, 49156]"
111540,"[101480, 57755, 64050, 25513, 50667, 88196, 68073, 70623, 103136, 45379]"
111541,"[3269, 98612, 30710, 60455, 13615, 92410, 71592, 79537, 34241, 106794]"
111542,"[42440, 96325, 81631, 102514, 56178, 49930, 81055, 26665, 68958, 29395]"
111543,"[36842, 24455, 100480, 103475, 56887, 98775, 78622, 8693, 34780, 73492]"
111544,"[105601, 57953, 20858, 57879, 34907, 2869, 78638, 70806, 74239, 22776]"
111545,"[86968, 44092, 23776, 38226, 48652, 48822, 101082, 24215, 9338, 88048]"
111546,"[79124, 79250, 73747, 54292, 95251, 4292, 5511, 11420, 21091, 4944]"
111547,"[89063, 95891, 109203, 10408, 25477, 3731, 70054, 72537, 39321, 78607]"
111548,"[88365, 25664, 20482, 102807, 77261, 11021, 67059, 65128, 11321, 34144]"
111549,"[93415, 40949, 43009, 74131, 4401, 70843, 4354, 39316, 3715, 22665]"
111550,"[16203, 17327, 53953, 31884, 41907, 109549, 97853, 46057, 62602, 34099]"
111551,"[45682, 57623, 84204, 21345, 47063, 84664, 97318, 32757, 7869, 56689]"
111552,"[95884, 76867, 28933, 5874, 74823, 75632, 53644, 60622, 65637, 61841]"
111553,"[85332, 19968, 14886, 91789, 82604, 76039, 97892, 54481, 50004, 54883]"
111554,"[1561, 11160, 95318, 61663, 87824, 41046, 44364, 81033, 105105, 16112]"
111555,"[88944, 30898, 33970, 75494, 80846, 18602, 35642, 48066, 27219, 31770]"
111556,"[52228, 26824, 95364, 3548, 85149, 59743, 90745, 7922, 31180, 64187]"
111557,"[39990, 70253, 99451, 58183, 109618, 49216, 19472, 58350, 101482, 42478]"
111558,"[68580, 62387, 86367, 84080, 36086, 55724, 74786, 91902, 74600, 76685]"
111559,"[7317, 89105, 36468, 77907, 107861, 57215, 61908, 87107, 66427, 79996]"
111560,"[93147, 57006, 10289, 28882, 89344, 28680, 64178, 16820, 100226, 61993]"
111561,"[60557, 83765, 11105, 105507, 37633, 35894, 93719, 19613, 99363, 8653]"
111562,"[15275, 24464, 100669, 66141, 3287, 93657, 94948, 108592, 70996, 825]"
111563,"[3170, 48713, 63834, 26919, 99969, 38821, 12009, 107867, 56975, 22074]"
111564,"[24843, 54244, 25956, 26267, 70754, 95169, 65937, 43769, 75057, 36385]"
111565,"[93327, 93203, 63390, 93532, 37820, 7100, 97874, 37293, 45402, 55961]"
111566,"[54183, 76810, 34419, 26903, 36292, 3334, 99817, 43295, 70979, 69404]"
111567,"[8647, 45366, 14068, 92393, 18290, 84581, 85973, 27042, 40388, 1710]"
111568,"[73157, 70871, 40078, 27315, 96976, 20624, 108585, 53691, 9385, 60540]"
111569,"[54211, 15111, 78510, 82331, 52379, 14804, 44110, 17959, 32065, 20258]"
111570,"[79702, 51241, 76419, 50897, 42813, 101218, 6456, 5093, 78676, 43111]"
111571,"[25844, 68314, 14039, 18856, 69873, 62245, 45009, 68085, 50722, 86706]"
111572,"[1079, 41572, 68165, 37226, 57566, 31818, 24312, 50567, 85464, 62503]"
111573,"[91337, 28775, 49291, 36274, 81544, 38923, 79556, 103561, 10279, 82928]"
111574,"[69482, 39167, 89293, 91172, 82227, 69179, 20049, 102466, 102565, 68137]"
111575,"[44356, 78768, 58620, 28824, 42715, 73031, 26641, 68323, 73224, 23138]"
111576,"[88832, 44063, 8071, 24241, 50702, 105270, 77649, 61973, 4973, 49471]"
111577,"[33670, 89307, 84906, 4209, 48053, 44395, 43851, 59486, 82885, 30163]"
111578,"[84224, 80105, 37929, 10802, 105645, 103832, 45278, 18395, 80077, 49523]"
111579,"[77942, 39645, 101755, 1867, 58319, 63489, 9681, 24868, 34590, 20009]"
111580,"[24333, 52507, 48508, 29330, 80041, 412, 813, 92806, 84269, 67395]"
111581,"[86836, 18593, 43787, 61215, 88480, 87441, 101626, 45876, 58530, 53969]"
111582,"[73024, 97389, 38355, 107103, 27619, 70917, 32240, 92467, 96994, 31475]"
111583,"[53548, 65653, 11350, 59451, 45378, 99272, 30772, 78332, 14854, 94891]"
111584,"[97296, 92582, 85436, 34058, 7800, 13177, 84668, 53594, 19274, 107801]"
111585,"[72879, 90927, 83049, 65546, 35872, 58057, 77058, 15136, 75059, 19082]"
111586,"[102198, 103850, 3194, 17067, 67234, 37565, 104703, 65787, 12680, 74548]"
111587,"[12388, 47931, 10119, 11496, 98352, 75853, 24725, 58831, 79353, 90969]"
111588,"[46144, 55576, 79409, 36874, 62783, 78148, 47010, 17620, 21721, 26358]"
111589,"[18814, 52560, 55142, 58664, 4702, 95977, 65631, 82151, 66594, 19049]"
111590,"[89981, 105438, 11927, 59184, 98143, 6088, 14437, 73803, 8504, 60594]"
111591,"[38740, 1902, 23106, 2168, 579, 71865, 84749, 9815, 96334, 54489]"
111592,"[87806, 40173, 74792, 43327, 40340, 64678, 22753, 76272, 28515, 16209]"
111593,"[12292, 1340, 72448, 18758, 36016, 60470, 30536, 71973, 72249, 8198]"
111594,"[90334, 33234, 59025, 58289, 27465, 10480, 90806, 33419, 83788, 36033]"
111595,"[85276, 28983, 82180, 81080, 17857, 84607, 7965, 83224, 48554, 26928]"
111596,"[103869, 85093, 27470, 26318, 52733, 63604, 22970, 31413, 85722, 50251]"
111597,"[67422, 95694, 61716, 101394, 6226, 103917, 35761, 82718, 68660, 6457]"
111598,"[4760, 85233, 8366, 33765, 88495, 74432, 98155, 16875, 93558, 66571]"
111599,"[46312, 90931, 39633, 50534, 4053, 78601, 28582, 7663, 47492, 87117]"
111600,"[94962, 74551, 14144, 87802, 71888, 19933, 71329, 77644, 24709, 15897]"
111601,"[34001, 67008, 27239, 81254, 58961, 40458, 73154, 106274, 16285, 91212]"
111602,"[62362, 9850, 13712, 104757, 27470, 93842, 78593, 81337, 30836, 53908]"
111603,"[42202, 64637, 107915, 85999, 106767, 45348, 88723, 28229, 28543, 37242]"
111604,"[61771, 108718, 56073, 93848, 24836, 54497, 28614, 99391, 95903, 45201]"
111605,"[16802, 99170, 85067, 88939, 36828, 82364, 40476, 51989, 21525, 57897]"
111606,"[1071, 61847, 63197, 26392, 67852, 97899, 14562, 19573, 13116, 91214]"
111607,"[327, 92477, 69518, 79206, 74767, 51003, 97497, 10934, 69201, 88213]"
111608,"[70243, 5649, 40339, 96463, 59598, 54111, 84590, 55575, 9419, 16562]"
111609,"[45577, 86120, 12969, 99315, 94730, 101132, 66931, 89391, 75334, 81677]"
111610,"[38403, 14997, 36498, 28641, 20381, 72404, 24508, 59236, 72770, 74623]"
111611,"[103812, 68453, 25621, 66185, 29601, 80964, 76873, 51737, 28946, 99840]"
111612,"[42562, 46572, 17824, 47713, 88219, 78790, 67490, 79566, 102402, 93307]"
111613,"[14593, 13773, 28020, 43310, 78988, 8742, 961, 87288, 42282, 64112]"
111614,"[1178, 11401, 45295, 18073, 80370, 72183, 17275, 71530, 6466, 4140]"
111615,"[17177, 76981, 91086, 70712, 38600, 18152, 84547, 103015, 84467, 31765]"
111616,"[27631, 83782, 101107, 16276, 75085, 7724, 13456, 58733, 9179, 96183]"
111617,"[70116, 29022, 94219, 39333, 9877, 50409, 30101, 66657, 103075, 86663]"
111618,"[59425, 434, 31590, 47747, 42743, 27591, 14976, 62472, 21587, 109143]"
111619,"[103651, 7503, 68136, 0, 58207, 62293, 52628, 99301, 96144, 35084]"
111620,"[45224, 101951, 1098, 99282, 47717, 8580, 13760, 89922, 22951, 52779]"
111621,"[15949, 38836, 42775, 86725, 27021, 19743, 11011, 99979, 71019, 8425]"
111622,"[96669, 41446, 87234, 14421, 41816, 13009, 60009, 103455, 106273, 17657]"
111623,"[65575, 14723, 94223, 95039, 86445, 92424, 95073, 107808, 31227, 78153]"
111624,"[72717, 49692, 13015, 105845, 79831, 72952, 16340, 87771, 38827, 57733]"
111625,"[9293, 39526, 33883, 42975, 19906, 31966, 58324, 48509, 82323, 60994]"
111626,"[54803, 6608, 11539, 5472, 49685, 8102, 62594, 96883, 30973, 6850]"
111627,"[1920, 42823, 98184, 32698, 14578, 98897, 50935, 2410, 7491, 88504]"
111628,"[3929, 71307, 16433, 93113, 61419, 63435, 46782, 66205, 48382, 46770]"
111629,"[19952, 3999, 21539, 66722, 58310, 93057, 77868, 6140, 69244, 27473]"
111630,"[58243, 62730, 95439, 37896, 73419, 5703, 89037, 76244, 29376, 20064]"
111631,"[3154, 55170, 38423, 34990, 11221, 1642, 47616, 3145, 17256, 84654]"
111632,"[8420, 55673, 12847, 100167, 60070, 59149, 104335, 73079, 79781, 14357]"
111633,"[23236, 77027, 349, 88896, 65839, 109191, 55813, 7450, 93381, 16844]"
111634,"[27661, 99661, 96738, 20935, 11744, 18159, 36686, 10363, 92976, 76570]"
111635,"[49234, 77763, 103382, 60657, 10116, 74805, 41190, 88582, 64836, 33691]"
111636,"[56936, 57133, 15509, 68026, 32555, 108627, 36392, 75228, 25745, 97944]"
111637,"[68350, 76110, 18125, 77634, 57826, 28660, 86571, 13137, 21269, 21286]"
111638,"[35319, 97128, 96377, 63333, 108241, 27861, 104052, 81519, 93990, 65918]"
111639,"[35687, 87174, 26126, 57095, 106256, 11441, 74045, 71581, 27760, 25048]"
111640,"[33849, 5022, 17211, 53577, 67186, 47894, 51576, 78812, 75436, 18359]"
111641,"[47543, 26300, 4665, 66331, 26321, 90194, 100714, 29655, 67057, 11864]"
111642,"[65126, 72146, 52486, 27593, 151, 93847, 37877, 23463, 70309, 94229]"
111643,"[85753, 60886, 58403, 107264, 76560, 26252, 34072, 92906, 30837, 91087]"
111644,"[64974, 92085, 57438, 61483, 16377, 82370, 29715, 43700, 12405, 12243]"
111645,"[34665, 16015, 5347, 86998, 39074, 48256, 54971, 83601, 31572, 28464]"
111646,"[74802, 55582, 63818, 48715, 72919, 84571, 80903, 61543, 68383, 69836]"
111647,"[17892, 103521, 11468, 35631, 37341, 84267, 56672, 68261, 65347, 35649]"
111648,"[24310, 103693, 15971, 70641, 27066, 70731, 109173, 45797, 65905, 68607]"
111649,"[94181, 85627, 55283, 95812, 105857, 26183, 93241, 24727, 4326, 102940]"
111650,"[12633, 13887, 51654, 25580, 101013, 58161, 55381, 35930, 30272, 27629]"
111651,"[59498, 78477, 14843, 10081, 13179, 8837, 77656, 11429, 7601, 91074]"
111652,"[104391, 5094, 81829, 74845, 83353, 29044, 10933, 100282, 41199, 31304]"
111653,"[77411, 52894, 85853, 81194, 62889, 7277, 108001, 81091, 17012, 50600]"
111654,"[79365, 101970, 90052, 55811, 68835, 93135, 28375, 52883, 11301, 11772]"
111655,"[107049, 32810, 49488, 23863, 59921, 27280, 42446, 71558, 96659, 49270]"
111656,"[100675, 58127, 35129, 867, 44907, 90162, 41132, 75962, 10473, 102601]"
111657,"[66394, 56052, 75433, 96532, 18038, 59260, 63396, 31418, 40886, 40593]"
111658,"[90436, 56847, 30210, 86142, 97596, 102476, 32036, 99214, 92951, 82168]"
111659,"[100232, 103875, 107508, 87907, 91637, 13094, 1644, 36699, 38574, 100313]"
111660,"[57751, 93313, 7850, 15019, 41512, 9213, 28757, 13708, 24898, 64172]"
111661,"[91761, 22154, 87337, 54177, 94624, 76842, 90048, 101762, 58347, 16072]"
111662,"[31958, 14537, 62767, 77753, 39334, 74860, 37840, 19175, 91214, 50964]"
111663,"[8093, 64591, 101829, 16652, 57375, 38100, 61459, 15675, 105756, 96143]"
111664,"[42546, 23189, 1740, 46038, 10745, 82078, 64041, 24732, 85441, 35617]"
111665,"[100906, 78733, 50656, 70984, 77053, 18121, 28421, 75473, 75224, 103172]"
111666,"[108274, 78906, 103867, 66778, 61423, 47446, 49126, 20234, 96194, 60075]"
111667,"[42873, 35899, 9201, 17198, 45992, 10200, 95191, 52479, 108231, 70554]"
111668,"[49669, 81541, 11685, 10549, 22803, 44947, 6212, 42630, 29363, 79435]"
111669,"[88902, 83061, 106787, 33356, 33283, 30654, 85589, 107756, 81037, 10072]"
111670,"[73015, 28859, 55655, 40641, 69957, 29566, 24851, 19905, 62082, 28590]"
111671,"[41086, 87483, 92884, 107507, 19161, 43332, 91160, 12165, 81842, 42418]"
111672,"[45728, 34570, 5973, 74103, 82729, 18761, 24655, 66701, 100532, 86513]"
111673,"[74507, 30923, 1823, 77318, 93667, 15411, 19596, 53442, 14806, 43579]"
111674,"[69146, 74654, 88694, 49803, 46520, 76225, 55362, 65199, 2932, 12850]"
111675,"[87871, 85281, 43254, 77972, 71958, 98279, 49976, 61967, 95398, 37863]"
111676,"[81132, 45206, 84589, 51496, 68230, 62649, 66805, 38516, 66168, 26022]"
111677,"[19657, 89399, 72360, 21435, 90749, 94699, 35220, 88224, 24356, 21719]"
111678,"[101430, 15660, 57854, 50367, 40753, 56650, 104387, 98499, 81720, 8783]"
111679,"[27965, 55128, 45639, 26045, 108860, 67521, 28485, 38337, 68743, 38822]"
111680,"[90216, 54026, 45349, 62379, 38613, 36723, 15000, 81824, 57496, 68125]"
111681,"[63753, 13141, 49192, 47954, 73614, 44742, 34851, 53336, 4841, 1415]"
111682,"[29473, 65411, 65970, 103311, 50690, 42429, 63758, 102062, 83427, 72493]"
111683,"[21842, 53057, 36887, 84016, 76582, 107309, 11969, 26938, 40123, 91896]"
111684,"[21790, 7557, 45920, 2061, 23375, 33881, 33052, 37619, 30409, 50370]"
111685,"[106996, 2797, 81094, 74476, 45827, 80334, 68077, 69872, 71034, 109044]"
111686,"[128, 91758, 94155, 85994, 13874, 53244, 66829, 78113, 23541, 76159]"
111687,"[81064, 47245, 48689, 43737, 68170, 39085, 19468, 19899, 45085, 71749]"
111688,"[56502, 25539, 82613, 22799, 20048, 70385, 75600, 99662, 22541, 84925]"
111689,"[47251, 63454, 8832, 11355, 59949, 37182, 2726, 16066, 91881, 38883]"
111690,"[53150, 18199, 6949, 72184, 91189, 107767, 57156, 93828, 74892, 12856]"
111691,"[8322, 38237, 38150, 18836, 34676, 83050, 97747, 36974, 6790, 73232]"
111692,"[52237, 58338, 16340, 29984, 64702, 41095, 22657, 71809, 24000, 62049]"
111693,"[67586, 3275, 1197, 18754, 24515, 18718, 76060, 79315, 98059, 103764]"
111694,"[99477, 33426, 56177, 25060, 80287, 11090, 83679, 9629, 39399, 55429]"
111695,"[3606, 15683, 104467, 49129, 10468, 107547, 98742, 51676, 6287, 18379]"
111696,"[14795, 85026, 145, 70170, 88887, 8601, 50382, 11854, 39002, 95338]"
111697,"[40093, 36031, 70763, 103624, 100792, 21282, 56139, 32509, 97603, 70364]"
111698,"[81052, 53882, 48444, 95857, 49463, 108355, 96164, 6986, 38183, 17220]"
111699,"[80634, 102800, 30940, 59987, 11560, 41781, 49954, 85716, 69477, 85213]"
111700,"[40808, 89404, 38878, 81186, 91222, 37202, 4976, 62183, 18046, 74357]"
111701,"[10606, 60844, 21804, 22710, 100266, 53211, 103128, 10611, 18198, 106438]"
111702,"[104616, 73003, 58366, 1697, 49425, 33825, 32657, 24937, 62023, 81193]"
111703,"[61336, 24840, 23773, 27373, 14753, 31708, 99383, 99855, 12226, 65154]"
111704,"[5044, 59723, 99234, 82926, 102375, 107509, 86172, 51872, 41898, 30050]"
111705,"[99082, 95269, 30576, 79369, 3614, 55244, 43444, 104571, 28339, 46431]"
111706,"[97078, 106689, 82739, 51552, 81896, 61292, 83359, 68343, 108984, 9462]"
111707,"[103395, 47185, 60885, 63169, 70035, 104374, 26305, 15963, 56778, 12124]"
111708,"[98570, 54301, 78880, 79037, 18960, 80292, 73947, 25711, 411, 52911]"
111709,"[81455, 55471, 77404, 58804, 18024, 100167, 99096, 1736, 59948, 53626]"
111710,"[62232, 13784, 86278, 40138, 74742, 26954, 39932, 56621, 17288, 23563]"
111711,"[83855, 55589, 91125, 68890, 14369, 30266, 4105, 93907, 106075, 13760]"
111712,"[83037, 106660, 33128, 41656, 12018, 108790, 54000, 88098, 70178, 28781]"
111713,"[10560, 31105, 100210, 22511, 107156, 84474, 1906, 68967, 88746, 45654]"
111714,"[67485, 51625, 9938, 28162, 75487, 67305, 94311, 48161, 19199, 100573]"
111715,"[87382, 2205, 70285, 3547, 87472, 90301, 33033, 105844, 67266, 74472]"
111716,"[22835, 24282, 36420, 25334, 96544, 97341, 72341, 10772, 43986, 60466]"
111717,"[19184, 56565, 8613, 92150, 27336, 70796, 8440, 58589, 12644, 34262]"
111718,"[44128, 58641, 109184, 72741, 108851, 91828, 77002, 74773, 17190, 95193]"
111719,"[77313, 52198, 89133, 108918, 11944, 85502, 42517, 84384, 66612, 24265]"
111720,"[54923, 53743, 31543, 40116, 81519, 63333, 48337, 55182, 105607, 32285]"
111721,"[75574, 48316, 55643, 96775, 65957, 80451, 12572, 3273, 50028, 84250]"
111722,"[103840, 65101, 45286, 25803, 104565, 23946, 13790, 51025, 73442, 12768]"
111723,"[91165, 68336, 82340, 27932, 55658, 36009, 46453, 12, 58291, 39620]"
111724,"[45333, 3919, 84313, 26721, 106683, 108471, 102807, 92224, 20090, 90403]"
111725,"[53207, 26460, 105810, 82193, 107215, 87893, 74106, 13058, 76174, 92671]"
111726,"[38922, 2064, 19860, 81805, 83092, 19876, 25137, 68407, 33870, 59841]"
111727,"[3887, 63910, 89948, 52010, 101314, 109475, 35917, 29159, 83522, 47227]"
111728,"[57675, 52597, 5698, 70684, 105365, 4884, 33481, 90611, 77706, 51152]"
111729,"[79979, 42135, 106146, 102052, 38685, 101810, 8685, 53353, 29269, 26814]"
111730,"[50941, 29557, 25443, 74652, 102746, 22292, 55801, 48008, 76656, 30456]"
111731,"[95719, 49833, 87190, 87812, 12061, 54091, 7223, 89872, 81414, 79237]"
111732,"[28475, 10381, 66851, 54593, 39370, 806, 82968, 34465, 19209, 78136]"
111733,"[80187, 75215, 63902, 83897, 57219, 30367, 97348, 109168, 37207, 51400]"
111734,"[107262, 96513, 34177, 43048, 61331, 43069, 9241, 30946, 33282, 73718]"
111735,"[109501, 46183, 40239, 9836, 70093, 32317, 51635, 23841, 100643, 71087]"
111736,"[17386, 86371, 10747, 53577, 556, 10577, 25039, 68786, 54831, 22670]"
111737,"[35898, 100100, 65259, 83474, 80462, 44578, 18820, 74006, 51140, 68475]"
111738,"[67497, 50973, 12369, 66290, 59517, 78074, 19252, 28701, 56195, 20616]"
111739,"[19981, 47499, 3178, 12401, 10440, 74123, 62653, 76420, 62568, 52283]"
111740,"[25373, 27280, 82340, 34510, 4161, 19960, 9278, 34347, 101034, 13275]"
111741,"[38112, 86151, 33131, 53876, 33217, 39905, 34351, 66300, 62515, 15923]"
111742,"[27840, 69210, 86912, 31327, 47059, 59037, 45194, 71669, 37431, 10819]"
111743,"[91553, 107673, 64215, 82694, 37686, 50508, 47340, 96865, 4836, 80756]"
111744,"[49859, 2386, 33546, 35000, 81964, 93396, 74167, 1277, 59375, 8479]"
111745,"[21043, 14300, 60561, 1989, 34916, 50159, 101341, 58792, 49557, 69656]"
111746,"[95896, 21576, 98627, 37271, 51821, 38146, 94048, 10016, 11057, 44523]"
111747,"[41837, 42907, 58170, 103568, 103193, 29630, 67914, 108410, 64321, 18567]"
111748,"[64000, 54566, 85894, 49626, 15137, 24469, 29873, 70647, 36732, 28072]"
111749,"[52879, 93817, 68548, 71423, 47260, 63838, 80096, 20137, 59505, 32618]"
111750,"[79015, 94766, 49798, 61507, 16892, 104447, 89448, 97157, 68270, 85696]"
111751,"[64966, 16022, 38495, 15439, 7975, 81834, 31558, 33114, 109640, 77235]"
111752,"[25594, 58125, 32764, 27339, 6761, 2200, 4772, 28880, 51068, 58873]"
111753,"[14229, 55391, 108313, 44086, 7476, 106954, 6106, 70726, 38194, 108144]"
111754,"[65230, 82268, 1319, 22382, 39136, 55220, 106122, 98845, 87091, 52806]"
111755,"[107717, 5927, 81628, 22584, 32433, 3346, 64538, 99139, 82845, 86738]"
111756,"[94652, 61605, 26564, 3875, 48281, 6338, 39904, 59002, 103391, 82994]"
111757,"[6563, 18924, 2049, 22531, 29517, 1107, 105258, 28588, 58872, 21223]"
111758,"[7835, 9789, 35450, 76058, 103470, 39977, 39182, 35470, 26916, 87369]"
111759,"[80411, 20112, 39035, 32952, 19020, 64856, 7513, 67776, 100052, 3500]"
111760,"[52790, 9820, 77559, 12624, 78958, 87648, 36814, 690, 65569, 37384]"
111761,"[83755, 701, 104326, 7033, 27119, 61705, 5672, 60168, 48253, 4250]"
111762,"[105328, 25288, 22930, 32395, 63964, 18810, 61232, 82689, 4004, 6940]"
111763,"[51608, 15957, 78340, 85743, 27977, 52803, 82583, 102054, 33361, 21930]"
111764,"[43674, 54304, 67268, 57410, 69591, 57945, 60189, 83692, 45707, 79782]"
111765,"[51137, 79949, 90186, 23047, 13968, 21078, 8702, 66079, 68582, 53210]"
111766,"[70671, 97133, 22377, 53676, 105246, 7335, 38393, 25824, 41045, 60669]"
111767,"[2179, 67971, 72507, 53049, 93384, 40792, 19623, 66169, 42925, 41403]"
111768,"[5194, 95893, 37781, 52595, 69741, 91938, 100397, 26489, 80751, 82031]"
111769,"[6660, 15249, 56144, 9860, 3946, 28858, 61548, 109314, 96224, 68897]"
111770,"[41852, 108221, 29933, 2531, 38994, 67873, 88541, 94394, 68750, 101944]"
111771,"[6817, 6548, 48781, 82608, 14248, 57822, 63397, 13701, 74554, 69786]"
111772,"[74050, 36855, 35362, 59109, 40902, 31941, 47403, 43818, 23713, 43300]"
111773,"[94496, 90777, 96025, 85774, 60778, 5894, 53404, 28532, 73760, 76133]"
111774,"[53391, 94776, 19226, 27798, 74897, 62242, 24172, 19773, 89594, 63363]"
111775,"[88873, 92113, 13738, 47071, 109114, 80913, 65336, 68476, 34643, 14852]"
111776,"[66972, 9140, 106727, 60640, 71948, 30904, 49545, 14121, 18393, 63718]"
111777,"[58868, 68849, 73379, 92098, 89801, 20637, 27633, 37360, 40330, 60059]"
111778,"[61009, 109057, 71561, 6895, 41399, 13730, 11118, 92033, 83047, 31133]"
111779,"[107000, 93894, 36416, 64858, 44759, 59249, 25551, 64785, 25538, 5716]"
111780,"[63675, 13200, 37204, 29883, 100706, 45568, 32344, 45085, 71749, 82987]"
111781,"[61283, 59445, 12090, 17006, 101219, 10435, 19442, 101798, 13220, 436]"
111782,"[33366, 28838, 76298, 61005, 52780, 12887, 59911, 62847, 77675, 83841]"
111783,"[93075, 31306, 3362, 11660, 104352, 22007, 72667, 80691, 4663, 28301]"
111784,"[27406, 36304, 53988, 30912, 2602, 70400, 14177, 51953, 5683, 107310]"
111785,"[80015, 48224, 68852, 56500, 33786, 45605, 55856, 44816, 56061, 102676]"
111786,"[98452, 10052, 54926, 75270, 89757, 14881, 38224, 5658, 59702, 102613]"
111787,"[13898, 22853, 17966, 53805, 104882, 27205, 92599, 36737, 77736, 73014]"
111788,"[65104, 44877, 58869, 18730, 57616, 21310, 31568, 86587, 27732, 102557]"
111789,"[28104, 37127, 50359, 104996, 95715, 9590, 99983, 56385, 92283, 103991]"
111790,"[30799, 102664, 50212, 83263, 30914, 24782, 58356, 16489, 39080, 50479]"
111791,"[90985, 103437, 47535, 35634, 46000, 21227, 34010, 50393, 70103, 70133]"
111792,"[39880, 80858, 70119, 88424, 30340, 105580, 26964, 91468, 52543, 31272]"
111793,"[57269, 37094, 86950, 66313, 6155, 45383, 86000, 84419, 12654, 64099]"
111794,"[36095, 56932, 73950, 45629, 95301, 51744, 46935, 71957, 48825, 78801]"
111795,"[48568, 58129, 14633, 53734, 104517, 3862, 34973, 64609, 58429, 60395]"
111796,"[32321, 108404, 81074, 77516, 16710, 47637, 15083, 88485, 21909, 18328]"
111797,"[44431, 91856, 96535, 106810, 3659, 45417, 43149, 89416, 90778, 31381]"
111798,"[100536, 101654, 63995, 8450, 64420, 38015, 16469, 39035, 106288, 37240]"
111799,"[28130, 37108, 12057, 7415, 30473, 86409, 38070, 109335, 93903, 54844]"
111800,"[26071, 86813, 71589, 106863, 101684, 39175, 78120, 39448, 21203, 47919]"
111801,"[76330, 1282, 32464, 90383, 11162, 10056, 40804, 96644, 57378, 104399]"
111802,"[77921, 11720, 82196, 56681, 61343, 80854, 86938, 84783, 51670, 4826]"
111803,"[22540, 71836, 106604, 29465, 76607, 654, 92100, 58708, 7276, 99889]"
111804,"[76384, 6351, 61102, 51445, 47763, 11391, 104485, 37729, 28108, 19422]"
111805,"[54743, 10600, 77189, 16911, 98871, 83164, 86843, 21045, 73892, 5635]"
111806,"[100665, 94838, 7679, 42009, 109478, 89919, 54449, 49699, 80652, 6698]"
111807,"[33639, 7401, 70557, 36505, 61665, 10820, 68498, 82703, 49423, 25343]"
111808,"[1364, 17453, 85691, 62266, 60711, 21161, 103975, 108755, 96166, 63356]"
111809,"[85197, 88272, 20957, 38332, 25789, 17473, 62053, 32512, 61750, 44501]"
111810,"[78453, 27744, 6904, 108217, 83482, 100857, 95128, 98501, 52083, 96219]"
111811,"[47167, 97226, 102401, 10442, 54625, 73976, 58590, 63458, 51898, 105738]"
111812,"[29431, 73424, 34301, 58222, 40335, 40819, 66380, 55543, 59137, 98141]"
111813,"[102711, 34244, 24547, 77897, 94758, 32303, 91860, 53965, 34081, 11627]"
111814,"[77648, 51085, 61689, 89307, 28170, 4758, 55047, 60062, 5013, 5717]"
111815,"[81437, 37678, 97000, 101358, 55075, 106726, 12440, 31237, 42117, 69600]"
111816,"[58778, 13894, 46255, 67846, 81752, 53552, 25654, 109240, 6205, 51295]"
111817,"[13010, 62834, 95424, 80959, 48836, 97752, 9735, 21158, 12433, 29314]"
111818,"[72195, 43178, 64089, 73111, 4813, 40470, 44508, 59704, 41994, 69562]"
111819,"[8662, 53483, 91374, 42080, 33197, 92670, 60359, 78046, 100477, 100742]"
111820,"[39829, 51411, 14702, 62508, 94257, 109521, 3440, 97018, 14076, 45095]"
111821,"[57943, 58957, 84830, 739, 108614, 25176, 88869, 100974, 108656, 95858]"
111822,"[40920, 77005, 20548, 38191, 70685, 106824, 50321, 64864, 92988, 106571]"
111823,"[36804, 18637, 14000, 76288, 64685, 41346, 44353, 35408, 14379, 104462]"
111824,"[63173, 98221, 104359, 77481, 46110, 95821, 37862, 36790, 36827, 58926]"
111825,"[22606, 91830, 72258, 102274, 108472, 47003, 63462, 66409, 4481, 65327]"
111826,"[108866, 86482, 71628, 13108, 61459, 44103, 24529, 10913, 66033, 87605]"
111827,"[64364, 96686, 30635, 19633, 13663, 47574, 42407, 87450, 832, 94739]"
111828,"[36840, 44531, 31205, 14176, 40090, 64803, 84862, 25449, 23778, 97486]"
111829,"[24600, 61831, 57009, 40703, 36352, 16861, 32778, 67473, 104077, 2558]"
111830,"[27013, 35353, 58408, 78638, 101585, 20351, 27138, 68159, 79688, 108206]"
111831,"[97989, 48078, 88621, 19547, 7632, 24040, 97593, 82705, 47160, 6723]"
111832,"[24111, 66918, 89485, 17264, 60974, 73659, 74180, 29313, 45564, 54492]"
111833,"[99921, 32884, 60979, 60819, 10806, 84236, 66048, 54599, 89227, 93479]"
111834,"[22086, 7471, 7647, 60466, 2164, 73464, 88440, 6427, 43743, 82611]"
111835,"[37292, 62616, 68866, 31255, 83909, 1780, 56360, 86221, 70174, 35751]"
111836,"[65034, 56977, 80629, 67130, 97165, 74184, 75340, 93785, 20839, 97996]"
111837,"[59114, 55776, 60778, 5894, 72392, 93015, 17105, 21602, 3760, 35397]"
111838,"[74183, 74269, 15448, 19742, 95386, 55487, 92520, 53421, 37144, 31137]"
111839,"[59970, 73273, 4851, 79830, 33476, 104652, 9018, 56336, 15616, 54483]"
111840,"[3820, 5610, 5182, 11433, 19836, 1608, 79024, 76011, 55238, 23153]"
111841,"[49620, 44070, 22542, 22546, 58048, 45286, 104565, 11865, 99058, 38204]"
111842,"[74609, 94742, 76250, 37493, 82836, 108600, 7487, 33429, 92836, 96225]"
111843,"[90178, 88184, 65076, 36516, 83574, 26039, 56333, 42108, 96800, 27541]"
111844,"[89968, 107672, 71905, 94724, 85475, 201, 89091, 104412, 22172, 49697]"
111845,"[36822, 94970, 58102, 63394, 84644, 26905, 98746, 13807, 48363, 38636]"
111846,"[15082, 18629, 106029, 13218, 25610, 57618, 80036, 92630, 6891, 84107]"
111847,"[12883, 83651, 94989, 13999, 14094, 83907, 8082, 10444, 56082, 109176]"
111848,"[86609, 7516, 88674, 21031, 83335, 57202, 35637, 99035, 69686, 109481]"
111849,"[69460, 58644, 13737, 91734, 67450, 66544, 63805, 101063, 42538, 107994]"
111850,"[90222, 73770, 36429, 96561, 91253, 86788, 14310, 95683, 39308, 39890]"
111851,"[86542, 48452, 52456, 89287, 7408, 67513, 94422, 67350, 48427, 61371]"
111852,"[8254, 61998, 37408, 41251, 39839, 20951, 36421, 46156, 36609, 77491]"
111853,"[61923, 93737, 108099, 33697, 40907, 62095, 47563, 77544, 83507, 63698]"
111854,"[82892, 77501, 36871, 68701, 47660, 35849, 54718, 78812, 21291, 14993]"
111855,"[75470, 1079, 66887, 20089, 8603, 37226, 68165, 19910, 31818, 104039]"
111856,"[33317, 76687, 26995, 19367, 82250, 2521, 20869, 27997, 46522, 68133]"
111857,"[45209, 20997, 14407, 64835, 60548, 65406, 15027, 107431, 69884, 39406]"
111858,"[21132, 88953, 71276, 17766, 20769, 47305, 20615, 67894, 58766, 27874]"
111859,"[39042, 1538, 28389, 59426, 48883, 83082, 12222, 42270, 74327, 70125]"
111860,"[56996, 59975, 79415, 21300, 79214, 68733, 26283, 43768, 44727, 47452]"
111861,"[40503, 4202, 88074, 21530, 66977, 88930, 24306, 79008, 41775, 107328]"
111862,"[35971, 74281, 107033, 28832, 53706, 75900, 90936, 108207, 60396, 32324]"
111863,"[45311, 64518, 99517, 67652, 27934, 109593, 40992, 36954, 43402, 66458]"
111864,"[58767, 99342, 50120, 15137, 105642, 99200, 68662, 53024, 46436, 106301]"
111865,"[36732, 68280, 107954, 47792, 85088, 12233, 12121, 70647, 14767, 30706]"
111866,"[23142, 96979, 4830, 28156, 88211, 13697, 76746, 87665, 65568, 16952]"
111867,"[72104, 93205, 10511, 8554, 71056, 97751, 46346, 29822, 87041, 87380]"
111868,"[5921, 70323, 39118, 27550, 59471, 65114, 108097, 59236, 32618, 16684]"
111869,"[18896, 39052, 74366, 51823, 18633, 95976, 14718, 25950, 58305, 105604]"
111870,"[16001, 47480, 12429, 89299, 57619, 103237, 53072, 7334, 43041, 63682]"
111871,"[85977, 19643, 43774, 79932, 43610, 13761, 48445, 69266, 46699, 17863]"
111872,"[55005, 39684, 43896, 12060, 2448, 107496, 7441, 35123, 60601, 44049]"
111873,"[60879, 41408, 49299, 80697, 8191, 51060, 42834, 70944, 90684, 38614]"
111874,"[63044, 506, 24985, 39928, 51448, 106721, 48734, 76149, 23486, 82091]"
111875,"[1032, 71523, 36669, 81656, 88252, 46690, 27495, 81912, 44412, 99839]"
111876,"[85768, 11779, 83341, 46691, 76276, 109503, 91210, 90540, 84835, 67802]"
111877,"[55867, 101281, 61863, 101863, 97978, 79470, 61848, 90923, 44677, 5900]"
111878,"[10459, 68935, 22985, 108734, 51024, 26894, 107332, 11181, 72272, 56752]"
111879,"[85835, 38819, 63734, 83441, 12367, 21763, 12574, 13233, 28158, 107978]"
111880,"[66564, 1523, 53886, 14887, 101879, 90563, 3387, 37646, 22968, 42790]"
111881,"[70762, 29816, 4223, 33699, 5352, 94561, 16270, 79466, 53742, 79418]"
111882,"[1427, 50871, 99165, 90724, 55371, 41443, 98121, 42422, 101444, 13323]"
111883,"[9882, 26195, 37797, 81351, 3624, 13998, 72857, 67156, 84425, 21222]"
111884,"[38673, 37559, 66671, 106457, 31024, 584, 50799, 38920, 91785, 8691]"
111885,"[63771, 72081, 5804, 26037, 89303, 73801, 99970, 102384, 94860, 94208]"
111886,"[31069, 39060, 56190, 7381, 7627, 46760, 40235, 89398, 57607, 79670]"
111887,"[69882, 92865, 100420, 5328, 105372, 27475, 107586, 15994, 78958, 13910]"
111888,"[10010, 2915, 12364, 91310, 28209, 83123, 94220, 29519, 109318, 105556]"
111889,"[46297, 99359, 34594, 86429, 24567, 33932, 37738, 92427, 98031, 36273]"
111890,"[32664, 74218, 27690, 91661, 14780, 5721, 83555, 12788, 8888, 3815]"
111891,"[81161, 29537, 86263, 7155, 40587, 82646, 25859, 82344, 18689, 14689]"
111892,"[28212, 82468, 69211, 11397, 84935, 103573, 34891, 23041, 88099, 12381]"
111893,"[82197, 50418, 69217, 24239, 51851, 42766, 34231, 92845, 46759, 81893]"
111894,"[25989, 26669, 26042, 25794, 69204, 99155, 15612, 97015, 100530, 62196]"
111895,"[32519, 47440, 21660, 96698, 71861, 85008, 108133, 30886, 34115, 70931]"
111896,"[88999, 91134, 73850, 65004, 75572, 60148, 23085, 85568, 940, 93576]"
111897,"[96812, 97159, 52890, 35546, 76401, 103299, 14026, 84293, 86650, 51914]"
111898,"[107073, 88187, 97158, 92353, 78788, 82554, 23413, 6018, 104100, 37283]"
111899,"[76332, 8134, 62810, 23330, 64235, 105324, 69446, 95482, 89884, 94125]"
111900,"[5091, 89522, 36801, 15609, 37803, 26030, 38986, 18081, 43356, 71605]"
111901,"[44406, 76169, 73625, 18104, 68153, 11379, 82792, 71215, 9523, 69683]"
111902,"[12361, 8363, 27554, 101273, 101220, 16950, 57038, 8042, 35723, 97968]"
111903,"[36732, 68280, 107954, 47792, 85088, 12233, 12121, 70647, 14767, 30706]"
111904,"[91944, 59393, 78610, 66353, 101804, 85638, 53611, 31157, 18666, 40852]"
111905,"[94954, 2971, 50728, 85254, 13130, 50106, 86655, 85988, 54218, 74538]"
111906,"[6464, 100096, 92304, 83793, 95882, 56965, 49431, 34064, 100717, 49416]"
111907,"[89825, 18870, 43493, 85381, 103227, 5571, 49940, 53228, 2360, 70907]"
111908,"[108198, 48216, 53920, 88809, 45480, 51069, 43193, 10053, 46388, 92578]"
111909,"[6247, 76879, 14591, 12282, 10039, 10901, 104465, 66003, 22267, 24699]"
111910,"[33807, 83401, 89964, 61509, 39230, 30269, 3363, 25735, 24535, 16986]"
111911,"[71213, 92782, 31545, 25413, 24700, 56636, 3932, 99779, 93420, 105254]"
111912,"[72004, 34222, 80678, 102069, 63924, 61791, 58387, 59183, 100980, 91438]"
111913,"[66040, 93262, 90987, 83127, 109692, 76923, 80989, 41639, 104897, 31837]"
111914,"[101206, 83027, 101630, 55068, 61972, 29017, 32583, 98049, 6500, 16309]"
111915,"[96039, 42475, 26270, 71096, 79834, 42191, 11230, 108233, 13991, 18276]"
111916,"[92067, 72132, 58685, 105160, 346, 79038, 10835, 54476, 4563, 19777]"
111917,"[66750, 66251, 99930, 107946, 36136, 69906, 88014, 94725, 94395, 33612]"
111918,"[94542, 25644, 107279, 46078, 18789, 26917, 50711, 94748, 72769, 25014]"
111919,"[62687, 50103, 72530, 35095, 72661, 48143, 38338, 107178, 71836, 80612]"
111920,"[9557, 92817, 51392, 106659, 39238, 86617, 71469, 15435, 106372, 46445]"
111921,"[10484, 81986, 1557, 66073, 97370, 20828, 12315, 82402, 12679, 2724]"
111922,"[49043, 21948, 4852, 101050, 56106, 97682, 107602, 41581, 26780, 95940]"
111923,"[66546, 16294, 62829, 51505, 39989, 31663, 96987, 60602, 75196, 5035]"
111924,"[105180, 53324, 32631, 55760, 59769, 11258, 15188, 21171, 22670, 54831]"
111925,"[34922, 9889, 50621, 42037, 106698, 22750, 2722, 37007, 90330, 59044]"
111926,"[79364, 28119, 81651, 67738, 31544, 72682, 96161, 7585, 5147, 71305]"
111927,"[21588, 76710, 44683, 43817, 35559, 9912, 92856, 31276, 43936, 8775]"
111928,"[78348, 41667, 78127, 20469, 105048, 95314, 89581, 70526, 90820, 31873]"
111929,"[70538, 67369, 4712, 92921, 102692, 24268, 34371, 11358, 24329, 52840]"
111930,"[105567, 104217, 7983, 52060, 41809, 18007, 41618, 36841, 26572, 61743]"
111931,"[84510, 40779, 48689, 108007, 86491, 63675, 29883, 32344, 45568, 106757]"
111932,"[50383, 102641, 55653, 12697, 108109, 21834, 37347, 7113, 84593, 71032]"
111933,"[32234, 23410, 67430, 47060, 85226, 36175, 38373, 13143, 97474, 54814]"
111934,"[22523, 25196, 63904, 90957, 29352, 105492, 54452, 85272, 24249, 29410]"
111935,"[8087, 53100, 13542, 8878, 44027, 45212, 97776, 23567, 106575, 30978]"
111936,"[94700, 68904, 71548, 32729, 16938, 97356, 107095, 11457, 99136, 26772]"
111937,"[95301, 50918, 54446, 5791, 51744, 46935, 97069, 71957, 48825, 31253]"
111938,"[77196, 15106, 60519, 94035, 71068, 76668, 22307, 72110, 80862, 6844]"
111939,"[30736, 22630, 99349, 88423, 108862, 87815, 18502, 56918, 2975, 15462]"
111940,"[42192, 92250, 87944, 14825, 40537, 82578, 94205, 11117, 21352, 17403]"
111941,"[77470, 4986, 52869, 9267, 15032, 23921, 56943, 20049, 67833, 82227]"
111942,"[92251, 71590, 86604, 8730, 40757, 86802, 85725, 23399, 86289, 27301]"
111943,"[10697, 95182, 65817, 85, 64417, 40955, 108151, 10967, 86844, 17865]"
111944,"[24679, 27844, 59679, 53518, 106278, 25472, 102231, 108849, 101998, 64424]"
111945,"[88891, 21297, 65107, 20091, 51556, 65658, 14881, 88113, 47495, 89109]"
111946,"[7563, 52868, 77659, 8959, 7931, 93037, 1961, 66679, 85004, 97083]"
111947,"[71537, 107391, 51662, 4950, 44289, 89349, 39240, 68371, 13024, 1536]"
111948,"[26879, 49889, 27224, 23429, 58933, 23860, 59677, 30518, 13387, 71318]"
111949,"[54114, 89806, 73609, 62994, 15988, 101355, 24058, 27294, 102117, 98554]"
111950,"[1323, 23615, 77315, 10608, 70908, 40661, 93364, 68273, 3848, 51466]"
111951,"[89259, 48651, 68244, 10758, 8388, 5244, 56043, 107139, 98383, 65978]"
111952,"[36965, 50541, 56182, 62458, 98432, 7906, 65368, 5901, 13231, 88675]"
111953,"[69895, 12150, 5477, 104162, 93196, 36899, 45272, 82423, 24939, 34819]"
111954,"[77120, 106567, 25864, 31202, 84833, 9211, 13527, 34879, 18167, 2668]"
111955,"[30698, 34085, 47020, 27139, 64214, 96410, 28835, 71016, 93413, 74303]"
111956,"[83938, 62367, 105264, 90002, 105988, 10958, 34524, 1265, 92740, 11312]"
111957,"[14920, 94834, 53123, 60068, 17629, 99929, 9871, 38989, 75112, 88819]"
111958,"[19226, 72414, 94776, 74550, 95656, 29487, 53391, 70735, 20219, 89594]"
111959,"[82657, 54579, 62809, 44242, 34218, 107326, 100884, 21759, 96762, 52203]"
111960,"[73128, 39441, 14536, 61335, 98057, 14267, 44906, 86662, 79642, 932]"
111961,"[99356, 51010, 22658, 94211, 34713, 3892, 39181, 74247, 104662, 62499]"
111962,"[58518, 62547, 57433, 25024, 53884, 98211, 1823, 2942, 47044, 64951]"
111963,"[5868, 57716, 47701, 104188, 37740, 70519, 20622, 15469, 57637, 20358]"
111964,"[106714, 28295, 26444, 4128, 82588, 108030, 106863, 27537, 77108, 50145]"
111965,"[12482, 59711, 92180, 105942, 50030, 45293, 92110, 87073, 63436, 76504]"
111966,"[71214, 46333, 31155, 125, 72577, 68189, 68430, 69943, 102996, 53866]"
111967,"[108153, 40424, 6128, 33528, 75098, 107295, 47675, 89472, 48780, 16976]"
111968,"[38687, 17927, 57398, 25573, 47822, 55173, 87777, 39610, 77386, 108893]"
111969,"[80975, 12662, 80151, 2542, 6644, 83898, 78497, 7190, 13157, 72273]"
111970,"[84993, 65984, 85734, 109294, 82577, 102477, 97085, 85564, 10647, 27953]"
111971,"[93327, 21670, 70478, 108742, 97874, 18859, 97724, 55961, 60962, 90212]"
111972,"[91469, 12044, 107469, 34114, 71122, 51009, 75071, 20341, 29036, 94204]"
111973,"[60587, 16249, 50135, 19005, 31886, 25402, 58172, 20451, 49031, 96572]"
111974,"[54666, 72405, 102716, 5806, 93529, 103063, 28262, 44300, 94302, 104563]"
111975,"[40170, 5379, 73940, 35460, 80058, 55756, 35620, 41499, 30022, 86884]"
111976,"[43525, 39573, 60127, 37659, 70523, 2478, 61262, 8030, 87385, 46767]"
111977,"[70494, 84687, 94841, 109521, 106879, 47487, 102215, 99202, 34550, 102092]"
111978,"[69479, 105836, 38261, 53315, 66960, 81003, 105336, 73345, 64569, 27498]"
111979,"[67534, 26621, 73103, 64854, 91566, 92475, 21231, 1129, 99946, 77270]"
111980,"[67001, 89198, 102334, 97518, 47093, 86736, 29608, 40198, 4117, 52444]"
111981,"[109301, 9922, 73983, 98584, 16768, 89661, 14725, 102369, 40394, 71243]"
111982,"[79746, 57661, 21159, 86196, 67427, 71866, 71676, 35975, 2770, 59054]"
111983,"[9945, 12376, 33286, 78241, 68341, 108887, 1663, 108693, 88393, 20266]"
111984,"[43688, 21960, 82637, 53970, 21114, 70634, 88858, 48460, 83992, 82130]"
111985,"[16162, 63355, 55134, 32127, 29246, 5625, 29277, 58682, 60266, 109023]"
111986,"[59178, 18183, 27531, 3379, 44304, 96513, 9241, 1111, 71309, 91232]"
111987,"[27078, 81290, 25137, 19876, 68407, 2064, 19860, 39572, 51313, 68611]"
111988,"[42737, 93682, 75463, 61789, 109093, 64288, 58006, 29494, 64913, 172]"
111989,"[7231, 12753, 57726, 42000, 30823, 28769, 29129, 65799, 9561, 5959]"
111990,"[1806, 54871, 17057, 85510, 72542, 45006, 68112, 57257, 101068, 36801]"
111991,"[9876, 43447, 37656, 69106, 57062, 65480, 63256, 8051, 29602, 106376]"
111992,"[6928, 69409, 80452, 93356, 77547, 104609, 55753, 6930, 42610, 72368]"
111993,"[65035, 91956, 74580, 57680, 69313, 52949, 73321, 62857, 98770, 46676]"
111994,"[82768, 36853, 21036, 99047, 74073, 14453, 72268, 10091, 34420, 77099]"
111995,"[72824, 103938, 93959, 70300, 35996, 71003, 89914, 61607, 72238, 93555]"
111996,"[54898, 60993, 21821, 43704, 67044, 57002, 32008, 25082, 67398, 101114]"
111997,"[6871, 76193, 13903, 86669, 83746, 30547, 41524, 18146, 63733, 4788]"
111998,"[106922, 28346, 86434, 36359, 46135, 42629, 12569, 17872, 23875, 84159]"
111999,"[25874, 7063, 11702, 26235, 105676, 18632, 35520, 48143, 107742, 35095]"
112000,"[74704, 85608, 40124, 98555, 17131, 97819, 75434, 8174, 38215, 4359]"
112001,"[12952, 107280, 5318, 102050, 15650, 55430, 85081, 64859, 37659, 61045]"
112002,"[37024, 67472, 46432, 14380, 86129, 39102, 98351, 79453, 25760, 79533]"
112003,"[69146, 88694, 49803, 74654, 76225, 13983, 106446, 2932, 46520, 21402]"
112004,"[97338, 26348, 108902, 45305, 75209, 52866, 24156, 31059, 12177, 20155]"
112005,"[25696, 40591, 2469, 95469, 106875, 98036, 79474, 83806, 85167, 36685]"
112006,"[56976, 49903, 15630, 60863, 25877, 23527, 91386, 74450, 35969, 22852]"
112007,"[35573, 4821, 13270, 51610, 8482, 89035, 75617, 69984, 36700, 95140]"
112008,"[64814, 10649, 26763, 25223, 20781, 56807, 14470, 51894, 83884, 102999]"
112009,"[48686, 37522, 57631, 30306, 56051, 100997, 95304, 41406, 75750, 62942]"
112010,"[58324, 38184, 69079, 106371, 82323, 33883, 21315, 20857, 46063, 42975]"
112011,"[83064, 78999, 76724, 62931, 68662, 32672, 69435, 22656, 34836, 88642]"
112012,"[73775, 65223, 7232, 57635, 92947, 92650, 3937, 65232, 28250, 19343]"
112013,"[53806, 58697, 461, 80424, 58935, 68472, 47992, 54574, 40379, 12767]"
112014,"[67458, 47634, 10884, 108859, 82032, 94507, 106839, 20676, 50857, 33004]"
112015,"[24426, 83721, 35, 33652, 82108, 71556, 107329, 91111, 32739, 55245]"
112016,"[16434, 28733, 63435, 94282, 5118, 80916, 76463, 46502, 3929, 107362]"
112017,"[14406, 49518, 100216, 25601, 19826, 81414, 91096, 48215, 42890, 107661]"
112018,"[51896, 42289, 60782, 72929, 75987, 23975, 49188, 39461, 13891, 55902]"
112019,"[83661, 2657, 11051, 94414, 92114, 40149, 108571, 100282, 10933, 99328]"
112020,"[63373, 21077, 29848, 35832, 91643, 70653, 95987, 81878, 37765, 10311]"
112021,"[86324, 83408, 48207, 559, 62599, 58206, 105353, 101290, 21073, 44042]"
112022,"[70556, 106595, 83333, 27596, 11842, 62665, 63976, 90356, 45685, 24086]"
112023,"[24358, 34523, 70637, 1655, 97801, 94046, 6629, 91155, 14048, 71686]"
112024,"[8923, 70773, 56965, 91672, 49431, 35909, 95790, 84320, 85352, 58159]"
112025,"[57942, 82778, 75386, 8772, 33502, 63814, 94809, 32149, 94999, 54003]"
112026,"[67480, 28260, 50970, 97371, 59990, 64172, 83068, 82956, 71891, 69818]"
112027,"[71224, 52906, 55711, 23691, 76341, 62738, 78984, 46480, 24078, 53910]"
112028,"[51173, 101617, 22154, 20731, 11405, 57867, 85832, 47395, 86570, 57912]"
112029,"[57588, 59444, 29721, 41978, 17680, 12535, 47414, 39073, 52791, 12506]"
112030,"[57050, 19311, 27565, 95777, 75095, 30057, 31083, 40668, 62896, 71292]"
112031,"[101415, 27407, 27490, 12103, 73743, 99326, 9335, 22851, 23967, 17145]"
112032,"[107428, 33142, 81123, 51272, 88982, 25687, 19846, 36740, 71231, 32251]"
112033,"[93451, 5480, 59992, 9763, 20080, 101467, 96217, 44716, 38971, 54130]"
112034,"[6061, 69889, 56642, 31278, 106573, 89935, 108749, 27466, 61834, 104733]"
112035,"[33782, 95327, 56487, 57921, 107741, 2778, 10564, 55715, 34953, 57096]"
112036,"[76130, 23385, 90681, 95525, 62239, 109340, 101040, 48734, 23486, 61939]"
112037,"[73670, 99891, 37132, 96013, 106525, 28803, 16107, 79790, 25191, 81854]"
112038,"[3089, 103125, 55755, 72381, 690, 9362, 44779, 39692, 31600, 89442]"
112039,"[13172, 34155, 67713, 65473, 36372, 35398, 58100, 62799, 28323, 58569]"
112040,"[96404, 2008, 4323, 11750, 99890, 103560, 62099, 61722, 88050, 58085]"
112041,"[30626, 18791, 49015, 22589, 82431, 102779, 4261, 12671, 73904, 97947]"
112042,"[11114, 48618, 79840, 99527, 39233, 99001, 106001, 104610, 89421, 21694]"
112043,"[35768, 40031, 108652, 12196, 104839, 66764, 30322, 1982, 14733, 81679]"
112044,"[100361, 10089, 90925, 28497, 87303, 27020, 85051, 74139, 10031, 29125]"
112045,"[74912, 10736, 88194, 104926, 26609, 11515, 44509, 50472, 97901, 15403]"
112046,"[2960, 46606, 41661, 79756, 107120, 21530, 108698, 43088, 37533, 1839]"
112047,"[46729, 56860, 81637, 9106, 45211, 13332, 14082, 81127, 21592, 25469]"
112048,"[83805, 23044, 41910, 86413, 14710, 6343, 96184, 96129, 2627, 20554]"
112049,"[91748, 33644, 83521, 71777, 90111, 60574, 31325, 89140, 26316, 95787]"
112050,"[65617, 3465, 27033, 54220, 87577, 81240, 63573, 59318, 8625, 22893]"
112051,"[72698, 454, 29951, 55827, 19482, 92873, 35138, 18326, 78930, 29657]"
112052,"[50917, 20948, 37319, 31229, 97022, 88521, 56960, 57164, 98690, 102438]"
112053,"[34929, 2333, 89641, 4346, 29658, 69516, 16970, 107696, 90224, 83590]"
112054,"[41599, 9090, 48972, 56135, 28766, 3256, 91528, 62157, 99085, 77185]"
112055,"[49363, 82119, 18144, 37099, 18877, 38000, 62336, 39695, 75515, 95321]"
112056,"[105231, 3254, 67711, 68025, 64850, 43073, 83243, 4786, 24533, 63325]"
112057,"[2596, 86012, 12795, 85689, 12946, 85726, 108612, 75442, 81029, 49272]"
112058,"[12815, 61462, 29596, 4237, 35415, 57031, 52208, 76192, 19279, 35569]"
112059,"[96220, 50339, 34296, 89344, 2891, 101325, 88078, 40891, 81201, 43020]"
112060,"[88962, 96222, 99811, 20264, 48596, 1731, 94495, 3890, 81416, 49097]"
112061,"[49418, 34225, 49606, 47598, 40236, 83654, 47828, 87852, 102164, 32606]"
112062,"[60873, 95929, 39543, 71222, 59245, 73548, 95776, 30958, 55435, 74222]"
112063,"[63848, 35228, 4593, 34615, 10347, 55605, 20107, 94104, 43171, 92538]"
112064,"[88409, 25774, 47789, 54032, 47008, 35972, 76806, 58817, 48789, 29769]"
112065,"[9734, 8029, 92992, 8618, 92255, 101545, 58763, 90185, 10781, 9648]"
112066,"[43935, 85402, 35964, 35881, 54973, 43173, 7906, 27547, 96534, 82817]"
112067,"[26375, 104756, 54750, 37593, 69365, 13779, 80713, 64046, 38972, 46017]"
112068,"[54585, 22573, 288, 65537, 63893, 83342, 65472, 37136, 10657, 38422]"
112069,"[86166, 79942, 30804, 101988, 49225, 49912, 16682, 46563, 39179, 17237]"
112070,"[41536, 105838, 36754, 103277, 24342, 54853, 100543, 81176, 78595, 94]"
112071,"[79816, 83636, 44470, 53492, 20437, 93417, 71725, 9799, 97815, 62489]"
112072,"[14978, 5088, 47343, 23750, 79774, 95815, 92935, 24099, 87799, 83439]"
112073,"[92435, 76702, 2207, 29606, 74400, 85156, 106631, 86159, 67075, 20138]"
112074,"[17855, 37812, 37547, 59820, 36511, 109328, 43647, 22758, 27561, 40224]"
112075,"[9297, 91313, 108486, 64731, 33039, 58313, 26154, 65098, 81059, 51692]"
112076,"[96924, 11931, 53593, 81230, 100410, 54396, 42869, 52561, 83834, 19765]"
112077,"[14507, 71039, 3443, 31641, 5410, 42042, 84232, 1057, 17831, 5153]"
112078,"[1971, 22136, 45509, 108616, 66015, 36474, 61827, 105994, 58360, 42923]"
112079,"[25979, 15886, 73780, 61987, 17737, 72623, 24786, 21246, 37105, 50075]"
112080,"[78621, 59446, 57218, 76777, 25505, 81494, 24612, 79517, 97343, 64847]"
112081,"[49476, 83653, 58234, 109441, 25441, 23978, 102242, 34277, 45525, 34657]"
112082,"[94773, 71572, 6951, 77764, 81323, 64713, 5631, 5559, 80260, 41493]"
112083,"[27375, 61298, 79007, 7300, 25003, 55813, 27618, 39180, 107422, 56452]"
112084,"[42799, 45471, 81956, 78273, 84624, 49693, 23644, 3114, 78777, 1958]"
112085,"[63637, 20001, 105220, 76459, 72418, 301, 82938, 26310, 90506, 89304]"
112086,"[2714, 29651, 66947, 68627, 94507, 33924, 50611, 65029, 27915, 6833]"
112087,"[86592, 56224, 8616, 33772, 98994, 66649, 79649, 52097, 38141, 90276]"
112088,"[106058, 12910, 96190, 32886, 5543, 53934, 48146, 27489, 93368, 76707]"
112089,"[3578, 11385, 102309, 15175, 19126, 54634, 2560, 44040, 19110, 8297]"
112090,"[64721, 104460, 45984, 42976, 106706, 66771, 100387, 85500, 102849, 105702]"
112091,"[34849, 90963, 52118, 108166, 76831, 100347, 68076, 80273, 94853, 24463]"
112092,"[16755, 42852, 16412, 32391, 6510, 15691, 5962, 95314, 67620, 56821]"
112093,"[5548, 26383, 97630, 106894, 57791, 60198, 69623, 86855, 51185, 24454]"
112094,"[7381, 36518, 14610, 16688, 83138, 83924, 66332, 61191, 46668, 34615]"
112095,"[106067, 49945, 42212, 98598, 15715, 51642, 9442, 40074, 89417, 26303]"
112096,"[33553, 67112, 35307, 59235, 89991, 14731, 103464, 50997, 11794, 63147]"
112097,"[11302, 62872, 46251, 71504, 65823, 66595, 32256, 70512, 82056, 3805]"
112098,"[51388, 103095, 95996, 103174, 2246, 75909, 75582, 87810, 46399, 95870]"
112099,"[39945, 60148, 52128, 108419, 1802, 102826, 80545, 66990, 69168, 62323]"
112100,"[67590, 45762, 66829, 105245, 49691, 46571, 8657, 100789, 58902, 62058]"
112101,"[97662, 53903, 59663, 52457, 100797, 8199, 93278, 65258, 45709, 60902]"
112102,"[70440, 62288, 101858, 106703, 24072, 105661, 38341, 44653, 30659, 61165]"
112103,"[35572, 105691, 81117, 77049, 15725, 55370, 63639, 68304, 64090, 73101]"
112104,"[58800, 25085, 59030, 92755, 8617, 92628, 67426, 81315, 65433, 95857]"
112105,"[8476, 91114, 29130, 106152, 80254, 37051, 41336, 73152, 56695, 5417]"
112106,"[60200, 57023, 68067, 15226, 34578, 84586, 23108, 32740, 96842, 73825]"
112107,"[1042, 84144, 59393, 48273, 48843, 34565, 49997, 51656, 10554, 76062]"
112108,"[98778, 96932, 18831, 55126, 91516, 99450, 921, 92071, 21018, 32351]"
112109,"[96938, 63097, 91962, 31351, 51958, 48634, 21452, 71588, 53726, 49268]"
112110,"[27038, 78354, 71388, 12774, 46801, 88053, 68709, 44827, 99451, 11717]"
112111,"[33607, 53160, 20773, 70856, 8561, 89389, 58267, 22965, 96814, 23092]"
112112,"[101926, 2967, 34100, 47495, 98516, 71150, 102491, 36960, 78465, 24010]"
112113,"[71901, 86616, 49189, 83669, 5946, 74889, 101543, 17649, 37068, 77834]"
112114,"[16454, 77471, 38630, 49957, 60905, 65904, 86177, 95003, 7177, 26929]"
112115,"[102130, 8957, 102603, 94093, 44005, 54603, 53068, 64064, 28594, 94504]"
112116,"[48377, 66387, 749, 93277, 93649, 46396, 56104, 1349, 64433, 87796]"
112117,"[48946, 108500, 95702, 87923, 3592, 56616, 58994, 90135, 69787, 43775]"
112118,"[41038, 23158, 90775, 36932, 50854, 103916, 74767, 104175, 97497, 38186]"
112119,"[63414, 70826, 74171, 3650, 53707, 97246, 48185, 23711, 80479, 16666]"
112120,"[51534, 104583, 72760, 49645, 15512, 12485, 74613, 93556, 94671, 65896]"
112121,"[26915, 43292, 74360, 54783, 2260, 97656, 15236, 75435, 50009, 85216]"
112122,"[64360, 46718, 27441, 84234, 43489, 8395, 36693, 15472, 45097, 46361]"
112123,"[19803, 101833, 16167, 17319, 29731, 99717, 54631, 5266, 38267, 91537]"
112124,"[15957, 28759, 51608, 13808, 33361, 52803, 80076, 47851, 102054, 13735]"
112125,"[67599, 54260, 65057, 53418, 94469, 105997, 38477, 88294, 79676, 4662]"
112126,"[49826, 80945, 102816, 14286, 87028, 69293, 41513, 31532, 57944, 15804]"
112127,"[79170, 44761, 91549, 95741, 26477, 89932, 97550, 75600, 15059, 62615]"
112128,"[20846, 55483, 77735, 10607, 22184, 6872, 5697, 38118, 32420, 54877]"
112129,"[53993, 2045, 64786, 72346, 101702, 39894, 2211, 37730, 79092, 75200]"
112130,"[97251, 107549, 68176, 109180, 69932, 18489, 104840, 71728, 38405, 41462]"
112131,"[88981, 62650, 57087, 56645, 67686, 6256, 6128, 18350, 38018, 78804]"
112132,"[20077, 29793, 58049, 42669, 79148, 85188, 72815, 105242, 18303, 65650]"
112133,"[45690, 26150, 67927, 85570, 59151, 85397, 73626, 82542, 39058, 79158]"
112134,"[63250, 9799, 52461, 24971, 87476, 104751, 36784, 17370, 98148, 85870]"
112135,"[92200, 16569, 22181, 47750, 74458, 48543, 25207, 46465, 39308, 84721]"
112136,"[67359, 76492, 38692, 49448, 5882, 84498, 104434, 72310, 87610, 54754]"
112137,"[78956, 85911, 59272, 104665, 32841, 95433, 32146, 12672, 102373, 40766]"
112138,"[40258, 68005, 66455, 90311, 20576, 75365, 78661, 26681, 26764, 5069]"
112139,"[18414, 104524, 86548, 403, 41061, 49927, 89614, 108343, 29665, 101169]"
112140,"[87221, 62200, 53089, 64102, 11006, 92498, 9686, 7550, 40041, 32863]"
112141,"[48553, 65629, 91501, 49055, 41733, 40611, 41673, 105174, 12456, 54022]"
112142,"[93456, 29178, 96396, 99132, 61273, 73018, 23480, 74447, 8206, 94965]"
112143,"[3060, 36406, 51523, 55886, 91599, 93818, 92040, 54595, 12763, 59504]"
112144,"[14199, 7081, 81018, 49042, 56863, 49785, 92381, 32050, 41791, 27407]"
112145,"[18730, 29901, 8357, 88032, 47423, 62433, 3534, 34663, 27395, 44877]"
112146,"[95333, 102494, 49317, 40465, 24453, 88276, 108517, 15787, 102378, 34977]"
112147,"[95323, 23696, 31676, 85781, 50176, 84269, 23979, 69655, 21766, 64894]"
112148,"[107506, 75420, 62231, 15859, 85160, 50992, 39302, 1725, 38838, 44493]"
112149,"[35575, 107003, 45169, 63457, 17794, 97930, 26942, 105427, 43123, 108290]"
112150,"[74339, 30342, 25059, 10742, 56582, 37593, 59351, 101962, 47778, 92694]"
112151,"[29425, 38835, 88973, 12657, 45594, 5987, 82282, 79267, 14675, 90543]"
112152,"[29376, 62730, 1242, 10961, 18036, 45900, 37896, 1131, 95439, 4740]"
112153,"[7356, 109529, 8346, 28422, 54125, 4225, 70992, 65883, 85721, 67214]"
112154,"[51521, 82649, 97235, 99851, 30079, 44145, 85551, 16716, 91569, 81120]"
112155,"[93430, 43075, 101701, 50950, 41757, 40880, 60862, 36432, 58878, 54809]"
112156,"[102543, 68053, 42181, 55121, 38548, 86793, 20704, 39963, 23813, 36335]"
112157,"[64945, 29049, 67867, 65657, 59012, 85125, 26248, 104642, 50720, 11201]"
112158,"[6333, 30751, 62121, 92761, 109615, 100412, 29103, 7876, 97655, 60255]"
112159,"[105366, 16723, 47717, 50158, 75326, 87985, 99135, 93453, 103342, 71399]"
112160,"[14888, 74317, 81522, 21998, 6770, 72495, 78913, 58030, 15144, 26707]"
112161,"[37346, 87001, 69350, 21632, 51402, 41344, 9476, 71189, 42237, 80328]"
112162,"[41810, 54443, 108437, 6731, 96583, 83823, 28726, 102217, 35506, 65973]"
112163,"[15115, 35500, 85798, 94666, 82224, 26245, 52648, 98286, 7142, 63482]"
112164,"[2958, 60243, 71208, 78944, 2539, 18170, 36727, 87655, 89244, 31532]"
112165,"[91165, 13038, 99083, 12, 55658, 68336, 41546, 16733, 27932, 6174]"
112166,"[100861, 54473, 97310, 31902, 38084, 104400, 38419, 85937, 21430, 23224]"
112167,"[14860, 26242, 94351, 61990, 96911, 13358, 22569, 2290, 18490, 391]"
112168,"[108979, 29834, 30389, 81826, 40485, 68664, 42357, 29316, 10955, 96580]"
112169,"[3728, 109584, 50372, 63189, 89212, 96300, 85534, 59366, 28140, 11910]"
112170,"[60675, 62829, 94607, 98546, 25743, 47433, 49044, 68593, 63149, 24550]"
112171,"[18895, 103048, 26000, 107299, 63043, 52922, 90602, 77256, 52918, 38958]"
112172,"[77115, 102999, 65092, 13582, 76917, 71877, 102555, 57461, 18943, 79212]"
112173,"[73988, 39331, 75786, 37141, 23518, 54635, 23183, 96636, 11341, 11254]"
112174,"[44359, 98489, 37914, 74514, 92971, 79702, 42330, 72042, 71044, 90941]"
112175,"[34437, 66592, 104869, 40406, 73926, 43669, 69301, 71721, 31186, 83970]"
112176,"[38139, 42388, 76762, 70622, 10751, 102890, 81546, 53368, 98877, 104622]"
112177,"[6332, 59026, 4444, 89375, 1979, 97755, 28874, 13997, 15589, 24051]"
112178,"[65933, 103642, 21657, 4034, 32136, 91946, 102688, 98455, 29971, 70570]"
112179,"[90866, 88130, 86093, 90501, 79852, 85700, 33103, 50773, 15441, 33168]"
112180,"[83585, 24657, 18384, 28830, 45521, 1497, 62398, 79001, 39507, 105697]"
112181,"[104155, 60899, 69498, 13341, 6819, 92214, 715, 37943, 14538, 104472]"
112182,"[71892, 52081, 92900, 48631, 61711, 2331, 1683, 18264, 105863, 1524]"
112183,"[100522, 24114, 29565, 120, 93596, 69513, 8208, 106291, 24689, 53595]"
112184,"[22102, 83880, 85001, 25255, 43527, 95645, 39466, 94242, 3614, 28610]"
112185,"[103945, 67340, 38229, 99009, 100927, 51555, 62446, 56043, 69962, 94369]"
112186,"[84875, 77119, 2238, 14273, 97874, 53278, 70774, 55520, 101222, 88863]"
112187,"[42931, 24202, 80909, 55340, 23409, 100621, 38569, 67989, 41527, 28573]"
112188,"[38761, 93404, 50745, 83091, 91153, 80795, 45848, 39978, 40103, 90625]"
112189,"[69028, 64327, 28144, 97417, 36153, 19847, 8597, 14859, 63689, 34703]"
112190,"[56302, 67223, 29040, 84058, 12371, 48968, 71689, 21413, 9393, 29564]"
112191,"[48536, 81398, 22774, 52764, 47342, 64551, 2938, 83863, 79301, 99211]"
112192,"[71148, 20803, 26123, 57355, 86168, 107372, 54989, 31276, 8185, 99848]"
112193,"[22790, 106133, 103080, 6759, 35482, 104083, 7948, 70112, 3183, 103731]"
112194,"[60909, 16189, 13080, 58568, 9625, 41846, 65571, 51082, 2112, 11797]"
112195,"[94920, 82586, 64557, 77486, 48505, 51339, 74581, 68375, 30865, 32210]"
112196,"[11226, 28855, 83115, 45849, 71985, 6260, 78054, 71629, 51480, 101847]"
112197,"[106197, 19194, 104307, 60517, 34098, 29152, 91629, 147, 106399, 108145]"
112198,"[45878, 27977, 85743, 67547, 58780, 57243, 31384, 15915, 30422, 5101]"
112199,"[78024, 46565, 73455, 11987, 65574, 100140, 57559, 33389, 86505, 31342]"
112200,"[10602, 8937, 55944, 46675, 26659, 5792, 74127, 102278, 86720, 90547]"
112201,"[54522, 56255, 51846, 90591, 53284, 36586, 41532, 68550, 105393, 23831]"
112202,"[28447, 87422, 32487, 85634, 82709, 37472, 89674, 85687, 72217, 107890]"
112203,"[70759, 108699, 104866, 63810, 93096, 76495, 60127, 102192, 16035, 45135]"
112204,"[46951, 8988, 45718, 8430, 55352, 109667, 55107, 93979, 44691, 22793]"
112205,"[13007, 16397, 11654, 103830, 99878, 88456, 67712, 81266, 805, 104182]"
112206,"[55345, 5532, 69454, 57589, 3175, 72789, 109110, 39628, 76285, 24856]"
112207,"[34382, 90701, 105560, 30791, 50044, 88031, 4468, 33871, 71300, 100251]"
112208,"[54034, 66594, 63717, 95550, 11983, 15361, 74454, 66803, 80095, 58926]"
112209,"[6277, 95570, 53030, 105320, 48982, 37010, 60937, 36301, 32306, 11602]"
112210,"[30493, 18947, 106110, 2840, 80495, 80655, 107091, 77844, 23817, 63282]"
112211,"[22540, 84463, 90449, 26132, 27029, 23340, 95980, 101022, 7276, 52475]"
112212,"[23443, 104028, 63094, 85680, 18153, 36912, 94547, 4730, 44100, 98392]"
112213,"[69018, 61686, 75686, 20239, 10651, 89579, 62625, 3450, 75677, 48810]"
112214,"[5297, 32677, 40429, 12373, 4770, 72669, 51375, 73650, 28866, 13885]"
112215,"[16991, 34865, 54915, 72407, 90673, 51449, 74970, 108114, 70530, 3061]"
112216,"[44524, 85400, 108226, 36046, 95579, 8588, 97458, 59213, 17868, 30020]"
112217,"[97452, 80360, 85301, 8292, 102299, 82328, 87030, 39702, 27494, 64092]"
112218,"[93025, 40082, 53298, 23998, 39996, 91007, 86820, 14917, 37642, 66034]"
112219,"[28529, 84074, 63201, 30336, 66754, 25678, 60727, 62537, 61353, 21503]"
112220,"[57254, 36705, 73077, 20062, 39897, 68639, 10063, 69090, 47840, 57897]"
112221,"[4075, 71647, 101344, 57786, 42035, 57537, 13863, 71219, 3832, 80220]"
112222,"[16040, 106020, 109227, 33421, 29249, 64882, 89226, 53808, 60958, 79169]"
112223,"[76127, 33192, 12582, 19626, 16420, 8995, 45646, 80853, 9782, 15291]"
112224,"[5580, 80501, 21914, 40779, 94403, 63177, 19487, 9822, 7287, 72795]"
112225,"[59150, 60500, 53720, 80607, 55226, 74353, 83571, 96367, 15189, 47404]"
112226,"[59798, 8428, 2324, 222, 52182, 35977, 8878, 88057, 58679, 107115]"
112227,"[68272, 96375, 85960, 90620, 81899, 59092, 42277, 82970, 71520, 82946]"
112228,"[105998, 31821, 34377, 92746, 57660, 108156, 75660, 56602, 41833, 98642]"
112229,"[99412, 33848, 68536, 38991, 46104, 71274, 53169, 39564, 84292, 49848]"
112230,"[43097, 52844, 104909, 86776, 82808, 84893, 42327, 99022, 32643, 999]"
112231,"[91720, 65513, 61940, 12453, 46580, 28245, 55586, 87290, 100025, 50036]"
112232,"[58539, 39614, 64940, 63531, 57637, 4368, 67706, 43283, 93275, 81280]"
112233,"[50210, 23130, 38756, 55081, 109775, 32157, 104896, 31510, 10009, 87588]"
112234,"[97888, 37011, 72191, 90399, 71696, 106686, 55810, 97108, 61756, 13721]"
112235,"[101280, 55617, 76785, 102994, 34043, 42501, 87841, 66641, 82124, 74335]"
112236,"[108763, 20781, 37779, 9007, 83884, 26566, 60562, 80056, 25076, 72874]"
112237,"[28258, 91304, 68354, 11889, 100196, 43001, 72233, 46547, 56348, 9955]"
112238,"[66674, 2251, 49285, 75515, 30641, 71442, 103589, 60959, 55939, 3355]"
112239,"[10405, 94468, 56464, 54975, 20082, 96314, 77602, 27724, 33519, 54355]"
112240,"[41229, 45499, 68865, 104714, 91594, 12535, 47414, 59444, 81154, 84924]"
112241,"[95135, 60165, 57143, 3420, 109120, 106272, 108872, 12660, 24748, 54046]"
112242,"[13239, 80872, 79306, 850, 98832, 7778, 54964, 41013, 5409, 31015]"
112243,"[67445, 2997, 34388, 59460, 98358, 38406, 77980, 10161, 12400, 68557]"
112244,"[75243, 69440, 28103, 29361, 43751, 47938, 63650, 29650, 65462, 2640]"
112245,"[5954, 86675, 83879, 56197, 86659, 92924, 9492, 104930, 97510, 50810]"
112246,"[35487, 11500, 88305, 91154, 103574, 80557, 29679, 25030, 102316, 5303]"
112247,"[25571, 107743, 101620, 55773, 51354, 100324, 90693, 20305, 11802, 28002]"
112248,"[84477, 34375, 48924, 4652, 31928, 77701, 8634, 80093, 19812, 79200]"
112249,"[15938, 37129, 100057, 104196, 104017, 54804, 51412, 73154, 57090, 43095]"
112250,"[88845, 83691, 23004, 86559, 38773, 52801, 11463, 44342, 35481, 59941]"
112251,"[58720, 9846, 99663, 82962, 3930, 39856, 47524, 15525, 102297, 100389]"
112252,"[28985, 40969, 70352, 36308, 64442, 43736, 66383, 107180, 60455, 36711]"
112253,"[63885, 271, 61271, 55570, 35673, 93218, 2166, 102556, 74725, 4242]"
112254,"[69523, 2979, 26836, 59388, 78151, 104531, 5182, 106795, 59796, 35427]"
112255,"[98645, 85801, 108258, 9298, 81406, 87957, 108593, 4119, 92821, 78208]"
112256,"[71652, 67318, 96691, 98949, 28581, 8796, 78550, 9419, 88446, 20913]"
112257,"[43458, 11227, 11549, 68712, 96311, 76179, 106513, 99780, 74360, 20478]"
112258,"[65437, 73444, 19764, 7795, 25761, 49405, 44661, 28854, 29915, 82724]"
112259,"[81612, 107668, 21656, 3771, 67415, 66638, 64781, 103329, 10402, 104648]"
112260,"[98842, 91866, 32651, 64395, 16450, 101259, 18837, 99837, 63732, 59811]"
112261,"[52195, 5589, 64930, 71256, 43766, 9009, 24337, 66684, 108610, 62526]"
112262,"[65013, 99142, 55171, 60020, 74895, 48401, 73297, 77104, 67092, 91428]"
112263,"[53283, 6992, 59636, 19854, 56747, 83883, 12617, 26731, 87237, 7353]"
112264,"[62339, 65708, 61990, 42310, 91178, 35863, 26385, 15716, 93239, 24654]"
112265,"[72927, 44286, 83131, 69794, 109137, 81075, 54140, 99826, 12343, 87502]"
112266,"[7264, 3553, 95304, 37522, 13178, 80921, 79952, 79626, 48686, 75750]"
112267,"[34911, 54612, 16277, 24005, 73640, 63995, 8450, 45576, 31904, 64420]"
112268,"[85446, 13152, 67159, 54363, 104069, 38293, 17315, 97817, 190, 108071]"
112269,"[56182, 50541, 91400, 5901, 57530, 40045, 108817, 44501, 62458, 54993]"
112270,"[64700, 92118, 88648, 5788, 31374, 84259, 87226, 6270, 19853, 74307]"
112271,"[102873, 72803, 82325, 61410, 62653, 37206, 27823, 37275, 53987, 84879]"
112272,"[14606, 53670, 33160, 89141, 79468, 54655, 4629, 93000, 3859, 76183]"
112273,"[100777, 72123, 44864, 7823, 76914, 59980, 76425, 9538, 63125, 41878]"
112274,"[44195, 102215, 2054, 107162, 96645, 38361, 21161, 49905, 105853, 31666]"
112275,"[40462, 49788, 1362, 67488, 69308, 29763, 10774, 36988, 26828, 1172]"
112276,"[82293, 64898, 106046, 45694, 65324, 101396, 73021, 43487, 58698, 24529]"
112277,"[32059, 18228, 49134, 50489, 11835, 15536, 70223, 41318, 68335, 42122]"
112278,"[71010, 99634, 30925, 7546, 79605, 91445, 62953, 51348, 29962, 95951]"
112279,"[82743, 29478, 53906, 68500, 14495, 47424, 92623, 93176, 70578, 93439]"
112280,"[2401, 53024, 99342, 50120, 54279, 7197, 50848, 76724, 94813, 14401]"
112281,"[99987, 21607, 38690, 68077, 88442, 83904, 55044, 80284, 55772, 33174]"
112282,"[24839, 14719, 90074, 89317, 73160, 61963, 58760, 107338, 29046, 12021]"
112283,"[44493, 25738, 38838, 62231, 85160, 75420, 39302, 107506, 81845, 68243]"
112284,"[13598, 37751, 30394, 85263, 99788, 74122, 16609, 60505, 64186, 76868]"
112285,"[72487, 85372, 39195, 25408, 96824, 70287, 12104, 72520, 47109, 87756]"
112286,"[46906, 15814, 21017, 28312, 725, 54279, 40608, 51356, 98418, 69435]"
112287,"[38858, 89185, 8741, 27724, 85076, 56535, 104513, 62851, 20082, 56589]"
112288,"[11391, 391, 18808, 5192, 21508, 61102, 47335, 46864, 13612, 17615]"
112289,"[50890, 58794, 108959, 14305, 91107, 73726, 72576, 81866, 64801, 106332]"
112290,"[54926, 75940, 21194, 89757, 10052, 59535, 5404, 107710, 89109, 12834]"
112291,"[62300, 69550, 2301, 107605, 97818, 57262, 23362, 50376, 93581, 65130]"
112292,"[26671, 30149, 108841, 68827, 1040, 95502, 34123, 45041, 30662, 109731]"
112293,"[56700, 9752, 25570, 93167, 48926, 75630, 109063, 102159, 14349, 35667]"
112294,"[67067, 40926, 1285, 56627, 27633, 74228, 30085, 19982, 47070, 81916]"
112295,"[95273, 3949, 44160, 8453, 23253, 49003, 35536, 35104, 41242, 46316]"
112296,"[9345, 103792, 67160, 101121, 64120, 4603, 100254, 20045, 77388, 62706]"
112297,"[61299, 47791, 105494, 82214, 86927, 62561, 88147, 62302, 81636, 8335]"
112298,"[2265, 74944, 76513, 103949, 84352, 50202, 60338, 33382, 80943, 18382]"
112299,"[107627, 33463, 90130, 92525, 64373, 44741, 12723, 79105, 63782, 4503]"
112300,"[47658, 28948, 55405, 12283, 92053, 97923, 101904, 96009, 89460, 101361]"
112301,"[70498, 105216, 34986, 89963, 38404, 30058, 59823, 30586, 104161, 81557]"
112302,"[101319, 55995, 108702, 18512, 48898, 39486, 86935, 66828, 6353, 47934]"
112303,"[62934, 65681, 98256, 67422, 82804, 75281, 75531, 70348, 7696, 61716]"
112304,"[73611, 86593, 77352, 78682, 15936, 20732, 55681, 70625, 9580, 95708]"
112305,"[1561, 11160, 61663, 105105, 57789, 39727, 82993, 52225, 43188, 257]"
112306,"[86998, 54971, 87319, 48904, 5347, 34665, 16015, 74622, 99095, 29602]"
112307,"[60522, 5939, 60185, 106816, 64703, 97385, 42281, 43997, 48372, 97832]"
112308,"[89301, 44836, 61302, 41767, 82481, 79672, 107111, 15833, 64081, 4996]"
112309,"[43042, 57902, 55392, 29051, 71395, 106299, 43068, 11683, 67609, 53117]"
112310,"[83379, 34985, 54837, 24231, 27731, 70464, 57307, 48649, 67052, 88550]"
112311,"[86170, 13690, 3105, 33395, 63409, 6970, 82952, 50588, 22060, 102376]"
112312,"[92468, 90778, 3462, 21396, 96743, 63629, 19624, 79352, 44431, 91856]"
112313,"[95090, 58171, 82872, 64964, 32592, 73667, 1117, 102694, 15747, 32750]"
112314,"[5111, 61808, 43472, 48112, 3809, 97667, 53084, 20130, 107447, 28184]"
112315,"[20915, 99126, 44389, 73742, 95961, 64481, 32182, 5513, 35770, 83486]"
112316,"[10841, 44156, 87492, 33246, 105342, 74885, 15928, 71063, 51214, 54075]"
112317,"[88517, 25658, 63037, 88216, 74826, 79821, 91365, 6571, 39224, 76790]"
112318,"[104792, 46997, 40817, 40034, 106564, 81836, 107316, 55160, 24324, 56432]"
112319,"[100801, 10167, 59211, 66119, 37078, 12516, 52028, 36029, 98421, 33177]"
112320,"[65473, 98793, 57294, 34155, 52384, 67713, 32678, 92034, 83322, 24057]"
112321,"[53101, 36379, 106535, 11964, 92915, 97875, 31706, 48753, 73051, 100893]"
112322,"[37820, 37293, 45402, 63390, 13553, 7100, 46933, 53173, 97724, 81906]"
112323,"[15923, 23575, 38112, 33217, 39905, 27797, 50375, 88463, 43480, 8274]"
112324,"[106325, 15349, 63941, 13692, 33189, 106562, 68794, 33340, 47770, 107213]"
112325,"[96501, 82954, 52254, 25717, 64990, 19398, 75627, 51800, 3141, 82707]"
112326,"[62555, 96358, 46132, 80595, 50486, 93437, 106613, 8188, 97821, 61032]"
112327,"[39042, 12222, 62742, 81101, 10641, 26280, 99538, 13757, 88202, 106060]"
112328,"[4664, 101230, 22493, 13411, 51046, 54520, 25484, 25016, 81960, 73763]"
112329,"[47069, 49343, 92772, 50850, 45250, 72588, 16147, 2700, 33391, 80610]"
112330,"[91257, 73623, 83873, 15416, 3823, 47229, 50595, 68896, 56661, 7643]"
112331,"[94346, 14058, 23658, 87576, 64182, 93201, 9539, 58966, 94655, 37473]"
112332,"[46468, 82557, 78867, 28, 85219, 104319, 93546, 72614, 2298, 3572]"
112333,"[55809, 46290, 106635, 13523, 35545, 76345, 636, 49376, 108037, 86034]"
112334,"[15507, 81730, 83532, 54811, 71551, 70358, 48542, 78692, 46849, 87579]"
112335,"[31780, 101361, 14034, 55591, 27706, 6948, 89040, 99169, 19172, 78044]"
112336,"[18289, 98041, 60868, 44507, 56371, 2516, 77294, 45315, 66063, 66804]"
112337,"[18677, 9404, 95741, 50800, 79170, 46979, 9810, 75600, 36571, 49625]"
112338,"[19544, 25109, 72161, 72858, 88753, 106040, 2452, 5772, 4125, 25391]"
112339,"[45089, 80297, 54815, 76319, 37960, 31904, 85113, 3500, 79370, 56583]"
112340,"[54118, 36517, 21005, 17490, 62583, 95336, 107121, 3224, 38279, 48120]"
112341,"[51277, 81971, 60348, 25195, 70879, 80773, 104408, 49984, 87270, 86544]"
112342,"[70400, 71738, 87146, 49815, 7173, 84082, 27224, 27406, 30912, 2602]"
112343,"[59629, 59475, 54959, 39525, 95888, 52366, 70041, 84341, 42461, 36166]"
112344,"[94704, 3460, 46120, 82837, 16016, 22936, 25400, 19741, 57264, 50177]"
112345,"[43702, 35268, 48919, 46398, 20856, 1925, 72734, 96719, 13906, 11937]"
112346,"[50014, 50872, 11869, 54950, 97043, 65991, 104454, 69671, 70389, 96318]"
112347,"[54178, 74693, 10146, 11640, 77324, 99369, 98387, 48669, 89940, 106221]"
112348,"[70589, 30452, 72064, 176, 14967, 87208, 31534, 46768, 88746, 70722]"
112349,"[43367, 5150, 104339, 81834, 77000, 13521, 74189, 77601, 93064, 106244]"
112350,"[55527, 96131, 55128, 96984, 2633, 38822, 15153, 98408, 4903, 51644]"
112351,"[85849, 20435, 46449, 52853, 90455, 79747, 78792, 40596, 23612, 64522]"
112352,"[73087, 98268, 34341, 67680, 104575, 51434, 109352, 41390, 72489, 45983]"
112353,"[99059, 76581, 105766, 61652, 18039, 59624, 95663, 7589, 43142, 29915]"
112354,"[109094, 44315, 45166, 49314, 39657, 43970, 107191, 25078, 66376, 19795]"
112355,"[47614, 14929, 59537, 25888, 71566, 100147, 12705, 16063, 89862, 51274]"
112356,"[16619, 23098, 16593, 42926, 26843, 17237, 3825, 34944, 44786, 64505]"
112357,"[41553, 69702, 4082, 10845, 105251, 71424, 9583, 60929, 76404, 88157]"
112358,"[60575, 60781, 66964, 99760, 90062, 107287, 72903, 91645, 55561, 100800]"
112359,"[10135, 38488, 82414, 77611, 78371, 87145, 26053, 98235, 23807, 17610]"
112360,"[68900, 668, 13407, 59818, 70069, 45720, 76690, 91194, 69395, 24006]"
112361,"[91406, 77786, 14853, 34862, 50718, 46796, 19783, 2019, 1744, 34541]"
112362,"[27865, 75849, 37392, 104338, 88522, 33587, 57528, 8789, 56093, 41275]"
112363,"[51091, 103862, 39983, 94067, 30746, 28237, 69992, 59094, 57898, 100688]"
112364,"[44966, 2510, 79541, 106628, 55164, 51202, 42719, 95756, 47094, 16515]"
112365,"[8853, 47696, 9974, 95605, 109437, 3673, 6847, 5755, 77704, 18481]"
112366,"[90282, 49565, 74681, 77556, 78913, 79479, 10762, 24631, 27080, 37755]"
112367,"[35978, 188, 45098, 22129, 80392, 64258, 73654, 68365, 94474, 9545]"
112368,"[62375, 82015, 2935, 81311, 61139, 80160, 97473, 56078, 23569, 85873]"
112369,"[790, 102879, 31306, 28482, 92476, 22007, 53007, 106784, 77539, 29821]"
112370,"[22624, 87554, 108539, 17328, 49865, 39545, 99850, 3074, 78902, 83961]"
112371,"[87058, 92899, 102442, 57347, 95322, 95410, 20755, 230, 53751, 63106]"
112372,"[91013, 76038, 52027, 57043, 38030, 78003, 103400, 101393, 108308, 4032]"
112373,"[1053, 14626, 98995, 74937, 144, 25608, 10551, 59032, 96237, 10683]"
112374,"[11453, 2711, 77256, 52918, 52922, 90602, 98506, 96322, 24278, 102101]"
112375,"[44453, 97346, 82750, 76750, 32331, 7066, 27030, 91190, 87684, 90797]"
112376,"[43082, 82169, 1547, 93325, 93251, 106308, 97895, 46529, 60380, 96906]"
112377,"[42580, 50555, 29723, 15280, 2869, 2686, 18921, 89041, 26444, 74239]"
112378,"[29300, 13949, 54724, 30553, 42862, 71918, 17121, 9839, 31251, 79966]"
112379,"[20358, 93275, 40706, 82812, 63138, 50846, 21100, 990, 41635, 5764]"
112380,"[61398, 83418, 36756, 14963, 78322, 30858, 57865, 48730, 94512, 53102]"
112381,"[12654, 107702, 64099, 105210, 33857, 89575, 44625, 65316, 48589, 33675]"
112382,"[68744, 16017, 88111, 78529, 19345, 108859, 60471, 92566, 92927, 58065]"
112383,"[64874, 97130, 10627, 67458, 108298, 81549, 52942, 85201, 104330, 2310]"
112384,"[49263, 86385, 104279, 75515, 65935, 80076, 33361, 103416, 82416, 59204]"
112385,"[7137, 3574, 63841, 92444, 77608, 74151, 46162, 82844, 12252, 35686]"
112386,"[30804, 17237, 3825, 49553, 18523, 6195, 53529, 86166, 104577, 49912]"
112387,"[63762, 66535, 10575, 26134, 6257, 993, 104153, 58035, 16504, 60289]"
112388,"[6067, 70515, 98248, 92134, 13283, 34077, 64572, 74971, 39666, 31071]"
112389,"[10243, 108451, 97632, 57536, 98376, 99504, 70487, 86100, 20244, 106686]"
112390,"[21291, 86244, 54718, 77049, 15725, 89010, 34336, 40986, 16933, 43278]"
112391,"[83099, 35474, 40662, 96638, 105198, 87851, 13525, 107150, 97269, 20553]"
112392,"[10708, 92097, 66574, 68387, 78168, 47166, 82885, 59486, 21964, 77843]"
112393,"[54763, 84108, 83800, 104274, 14486, 65142, 105064, 1691, 90123, 88129]"
112394,"[25829, 37492, 81081, 31989, 17572, 38273, 41445, 94805, 107110, 16160]"
112395,"[57073, 32815, 30953, 4269, 89657, 103962, 42696, 95467, 66431, 63103]"
112396,"[43299, 17442, 9370, 58452, 42591, 59920, 92490, 69857, 49208, 44261]"
112397,"[95459, 77777, 26973, 103267, 12072, 57934, 798, 24080, 54156, 53800]"
112398,"[59090, 51818, 49765, 19389, 88576, 75598, 21542, 47087, 74675, 1157]"
112399,"[45992, 38946, 42873, 95191, 52479, 35899, 37079, 26007, 28179, 58011]"
112400,"[78230, 42756, 71522, 79545, 5841, 53695, 77845, 70056, 82458, 27843]"
112401,"[12733, 27368, 89886, 107813, 108978, 34096, 37988, 86074, 59006, 103278]"
112402,"[94664, 44159, 80507, 97984, 40799, 49392, 69857, 92490, 78908, 70594]"
112403,"[58293, 18496, 46362, 45922, 49856, 88783, 51228, 85966, 88471, 48593]"
112404,"[8933, 51776, 13297, 5676, 10298, 38908, 9177, 23112, 104011, 67568]"
112405,"[540, 29761, 51908, 83118, 15437, 23823, 35702, 96149, 72735, 47131]"
112406,"[57557, 40332, 51923, 55618, 30845, 23222, 65347, 66982, 27323, 50387]"
112407,"[62884, 30517, 77625, 5965, 59633, 54569, 27624, 76508, 70598, 2773]"
112408,"[58981, 95276, 81019, 109322, 89887, 86152, 58092, 37990, 86913, 99192]"
112409,"[98706, 62473, 42897, 41370, 96020, 47760, 82381, 44388, 42073, 17990]"
112410,"[29960, 24530, 85956, 45907, 39032, 2916, 23332, 84521, 3369, 55786]"
112411,"[42983, 58104, 1720, 104680, 5317, 9582, 60439, 27075, 22786, 62035]"
112412,"[80214, 16281, 92993, 24351, 60295, 50013, 46803, 43910, 189, 68769]"
112413,"[70657, 31512, 105322, 25188, 65823, 24886, 72087, 88235, 51995, 98013]"
112414,"[51496, 66168, 26022, 45206, 89999, 76637, 89745, 75973, 81132, 15692]"
112415,"[8445, 91686, 71309, 1815, 85959, 15801, 68617, 5235, 87485, 9241]"
112416,"[62105, 106871, 101265, 39081, 10552, 34084, 34238, 71345, 32120, 41280]"
112417,"[32844, 26843, 42926, 57462, 46598, 104577, 64304, 48998, 49912, 55253]"
112418,"[91390, 64058, 97897, 43640, 67203, 56443, 106719, 52342, 9479, 97684]"
112419,"[14804, 18514, 103908, 54211, 53560, 58511, 15244, 29627, 58535, 17950]"
112420,"[50135, 20451, 31886, 79452, 25402, 49031, 40927, 60587, 39237, 103787]"
112421,"[83459, 53969, 1407, 101947, 63144, 47891, 66699, 109349, 84436, 18946]"
112422,"[63195, 96264, 60274, 77750, 14390, 107118, 102738, 108295, 55065, 23947]"
112423,"[105383, 80201, 46099, 36186, 19648, 47628, 29955, 20258, 76580, 11239]"
112424,"[327, 41038, 92477, 69518, 61066, 96479, 103916, 74767, 51003, 79206]"
112425,"[46119, 108513, 39651, 100289, 109412, 48775, 81522, 72495, 21998, 66309]"
112426,"[106021, 18022, 56614, 64352, 45889, 106011, 45712, 36312, 10938, 39016]"
112427,"[74220, 93061, 97713, 1000, 104712, 24867, 11313, 29800, 11622, 58522]"
112428,"[72569, 90705, 6943, 94254, 44233, 24285, 105591, 66584, 47215, 25508]"
112429,"[46469, 36318, 7991, 39168, 75679, 4902, 16191, 17764, 22329, 82861]"
112430,"[93458, 7828, 13446, 102182, 104374, 26305, 63169, 42170, 24895, 69341]"
112431,"[86015, 109723, 31962, 74844, 32666, 51557, 107240, 14699, 52329, 82035]"
112432,"[104957, 55866, 27161, 95117, 41378, 895, 59014, 70236, 46083, 9496]"
112433,"[39943, 68388, 61451, 23453, 68433, 31754, 88862, 89701, 90876, 107168]"
112434,"[29124, 21815, 9377, 67412, 103538, 61046, 67473, 87627, 93672, 38779]"
112435,"[65917, 53524, 29535, 18278, 47737, 34875, 9379, 205, 22530, 6560]"
112436,"[597, 41390, 53739, 105848, 105315, 102656, 97812, 41452, 45983, 89319]"
112437,"[59331, 16283, 61945, 11330, 28778, 78084, 39361, 26031, 38434, 53609]"
112438,"[64746, 43917, 94416, 90485, 11130, 46948, 38191, 41332, 93490, 91445]"
112439,"[15696, 102273, 37137, 98067, 103899, 100999, 6994, 94914, 11463, 58346]"
112440,"[59837, 38865, 101299, 18811, 15010, 41464, 41415, 18923, 46802, 82389]"
112441,"[55884, 81378, 44849, 87626, 4165, 90408, 21130, 18102, 104008, 28507]"
112442,"[46244, 34960, 15069, 48692, 60631, 41440, 55132, 13341, 1817, 101707]"
112443,"[107495, 34329, 68862, 55026, 104337, 98362, 71765, 85748, 30645, 92930]"
112444,"[10633, 85276, 17857, 98535, 88651, 51622, 43790, 102153, 759, 84245]"
112445,"[78536, 40754, 89734, 42011, 78043, 108621, 18554, 38085, 1856, 47474]"
112446,"[4171, 47940, 79486, 32675, 17705, 26247, 64264, 57857, 5581, 58755]"
112447,"[83086, 29907, 83489, 86988, 7924, 95153, 31608, 86456, 69563, 107492]"
112448,"[67439, 100585, 94977, 4545, 20393, 54074, 85315, 50345, 89263, 49874]"
112449,"[7623, 5436, 24872, 11687, 57065, 67536, 36085, 3969, 106675, 94273]"
112450,"[26288, 11981, 91120, 8549, 21886, 95656, 83576, 14882, 69049, 95638]"
112451,"[58244, 14623, 7837, 93684, 46887, 7038, 84727, 41509, 23437, 106331]"
112452,"[47149, 19539, 18911, 4718, 40434, 30933, 50211, 101370, 106213, 18034]"
112453,"[34060, 60733, 68985, 95688, 74919, 61986, 46041, 89058, 86764, 59901]"
112454,"[91731, 98890, 89317, 40321, 30862, 58964, 108479, 58760, 29046, 74512]"
112455,"[12925, 93414, 4, 30019, 109025, 3083, 20284, 7423, 71000, 102923]"
112456,"[92856, 104709, 631, 2246, 21588, 59631, 74499, 57122, 39289, 82082]"
112457,"[84725, 40311, 7434, 88792, 98388, 57632, 23825, 84217, 21613, 43907]"
112458,"[86391, 36629, 12202, 13108, 56923, 108866, 73538, 98792, 24810, 79499]"
112459,"[56844, 77138, 30871, 91362, 12640, 3056, 8335, 69347, 48124, 90508]"
112460,"[87760, 100512, 1988, 97708, 87068, 86118, 40471, 85009, 16030, 1584]"
112461,"[46561, 32510, 15814, 34836, 7564, 24688, 9550, 54279, 107954, 21063]"
112462,"[53473, 51679, 88288, 60632, 22502, 30374, 36356, 20134, 108919, 48682]"
112463,"[87457, 24314, 92262, 108716, 108354, 37915, 91996, 94642, 47370, 94088]"
112464,"[69371, 82246, 33924, 94507, 6833, 27915, 47634, 10240, 47014, 21963]"
112465,"[64287, 95556, 86303, 50480, 40172, 56116, 93062, 22663, 63409, 63903]"
112466,"[34066, 48618, 56494, 91458, 109208, 53331, 104983, 47500, 21692, 16061]"
112467,"[70947, 92455, 69975, 94873, 78343, 28340, 28209, 12003, 96717, 6779]"
112468,"[47862, 106713, 73135, 59400, 83977, 50784, 88104, 54646, 62661, 3190]"
112469,"[64947, 90539, 54614, 54601, 19920, 66436, 52773, 36063, 2015, 16183]"
112470,"[29970, 6169, 100844, 93360, 19676, 79995, 70216, 86099, 53833, 92636]"
112471,"[101473, 72463, 96477, 45688, 74149, 105012, 33847, 32446, 105849, 75623]"
112472,"[62764, 7678, 52061, 38055, 41136, 88452, 71055, 90973, 72560, 38022]"
112473,"[35476, 55031, 8001, 89515, 94765, 95134, 22003, 61040, 72822, 40134]"
112474,"[15974, 83375, 86653, 88963, 102372, 67572, 1062, 44707, 22914, 103240]"
112475,"[59325, 35766, 23212, 93078, 26783, 11460, 45618, 13045, 97281, 12118]"
112476,"[96015, 95047, 65658, 75381, 3638, 90115, 98378, 65107, 88891, 93031]"
112477,"[17736, 11497, 4603, 436, 93111, 91916, 92293, 44123, 28663, 14272]"
112478,"[99217, 4970, 85349, 26243, 4390, 47324, 5013, 3130, 69672, 42707]"
112479,"[14573, 66072, 13295, 78152, 64632, 107844, 53438, 43587, 19501, 57035]"
112480,"[70667, 27686, 106131, 90884, 22962, 56109, 64509, 15452, 104959, 68297]"
112481,"[432, 46887, 53306, 87724, 12168, 25187, 38348, 69797, 81056, 4948]"
112482,"[108598, 58047, 85964, 22499, 2326, 21726, 70725, 32586, 66883, 6335]"
112483,"[89641, 34929, 51594, 12270, 30102, 91693, 69516, 65483, 80445, 2333]"
112484,"[75640, 55730, 39374, 2550, 11751, 45708, 10121, 47698, 68515, 94799]"
112485,"[81169, 44031, 78444, 56912, 11918, 29876, 35314, 40202, 47520, 78770]"
112486,"[71964, 100853, 18635, 70427, 77070, 91076, 82304, 68634, 87527, 78272]"
112487,"[80219, 82256, 108799, 58585, 26462, 56768, 105238, 23617, 24857, 87161]"
112488,"[82736, 53342, 31641, 105341, 42402, 57767, 13100, 12685, 14655, 42042]"
112489,"[109137, 96271, 38114, 44809, 69680, 80232, 48869, 4761, 56238, 51349]"
112490,"[5026, 76509, 84991, 22037, 94444, 28532, 2995, 42382, 108278, 72441]"
112491,"[55483, 77735, 28956, 42500, 6751, 77734, 106235, 49808, 22184, 100107]"
112492,"[60583, 68878, 29636, 72855, 21852, 75149, 9668, 70039, 1235, 81685]"
112493,"[57686, 12122, 103256, 31247, 1456, 43643, 53276, 58365, 40861, 87112]"
112494,"[82049, 50399, 99854, 54323, 77942, 36831, 70351, 106838, 82954, 104762]"
112495,"[74529, 109007, 75589, 42113, 31889, 51543, 65526, 9518, 4767, 86177]"
112496,"[799, 4601, 44991, 31445, 48212, 64254, 4724, 36734, 44350, 102760]"
112497,"[12979, 3478, 73109, 108055, 38906, 67901, 56120, 104876, 92610, 47426]"
112498,"[64835, 57932, 60548, 107431, 41915, 3265, 18455, 92947, 54345, 94516]"
112499,"[35371, 64373, 44741, 80409, 77755, 107627, 33463, 63782, 4503, 5249]"
112500,"[86292, 72540, 1732, 49976, 14046, 69229, 45170, 106781, 70277, 87418]"
112501,"[103125, 89953, 4998, 28744, 84352, 60338, 94975, 103949, 69924, 1827]"
112502,"[105398, 70817, 42225, 55542, 66331, 2392, 14021, 26321, 97777, 86845]"
112503,"[74908, 32305, 69389, 23523, 35362, 880, 99015, 33899, 105619, 12050]"
112504,"[107405, 46609, 30388, 96253, 63889, 38359, 29779, 52894, 96746, 75116]"
112505,"[65376, 87246, 92284, 40498, 25860, 13142, 54362, 92779, 678, 95363]"
112506,"[26538, 5526, 103891, 77231, 14661, 79465, 93607, 24335, 44435, 51704]"
112507,"[33935, 107873, 89629, 69506, 69676, 52761, 35615, 29386, 68323, 73224]"
112508,"[47911, 106433, 79692, 47848, 70359, 98437, 51631, 44893, 45508, 101785]"
112509,"[100955, 69438, 99913, 23261, 18691, 69501, 79920, 6424, 60496, 56134]"
112510,"[85332, 91789, 97892, 54883, 21835, 78494, 67278, 14886, 30692, 19968]"
112511,"[81897, 97970, 40421, 36469, 53442, 51564, 16997, 104073, 95741, 57516]"
112512,"[89305, 42302, 95753, 92303, 49955, 381, 58790, 19296, 99203, 72755]"
112513,"[95441, 6224, 93723, 55317, 69665, 48492, 84360, 91204, 77117, 50264]"
112514,"[13493, 19166, 49836, 7790, 105379, 27573, 98873, 75241, 98230, 61465]"
112515,"[16667, 18371, 81249, 54761, 7387, 63897, 76923, 74345, 95577, 62314]"
112516,"[94016, 36369, 60797, 62698, 58759, 47892, 3460, 71890, 75904, 86427]"
112517,"[93710, 46375, 89468, 47162, 4012, 87299, 75894, 42115, 102172, 84608]"
112518,"[78193, 30654, 46482, 81146, 33356, 36590, 64625, 99119, 99579, 65176]"
112519,"[33610, 738, 46778, 93164, 51785, 39626, 72161, 72858, 59775, 105792]"
112520,"[7158, 98753, 68977, 99562, 19516, 83599, 84064, 45759, 5056, 86530]"
112521,"[55670, 90184, 6073, 94008, 52732, 45530, 22142, 38864, 3690, 31733]"
112522,"[11251, 105364, 20567, 78444, 102815, 100783, 366, 81169, 96172, 79135]"
112523,"[107846, 31038, 89690, 93692, 28846, 56325, 11950, 59594, 82454, 15347]"
112524,"[67, 36752, 86349, 87170, 56233, 13479, 77026, 3738, 29621, 27304]"
112525,"[99523, 32724, 13564, 64055, 83640, 30610, 25871, 61873, 60474, 49178]"
112526,"[66329, 88397, 2484, 96984, 48030, 61415, 17064, 15795, 99706, 85753]"
112527,"[74774, 78586, 25405, 81903, 41058, 9309, 63845, 11403, 103145, 108871]"
112528,"[94969, 105266, 17028, 20609, 1150, 85552, 101574, 54150, 97665, 84147]"
112529,"[35170, 71350, 82425, 108047, 97560, 48338, 73259, 16330, 64767, 24799]"
112530,"[108186, 44004, 52417, 94602, 15329, 32208, 24648, 94540, 45345, 72904]"
112531,"[86172, 44993, 83939, 57554, 31567, 93392, 15962, 80712, 30850, 31308]"
112532,"[62015, 3475, 108008, 88743, 8910, 78020, 80088, 32753, 97548, 72955]"
112533,"[30098, 40628, 16849, 109233, 10714, 35989, 21313, 18686, 98814, 24766]"
112534,"[84744, 31888, 18388, 15645, 28106, 40346, 41481, 94186, 44437, 13608]"
112535,"[81728, 109538, 84514, 101421, 16505, 96659, 51922, 26517, 32810, 23863]"
112536,"[11040, 32626, 91814, 80840, 4941, 109716, 108100, 75637, 68630, 84675]"
112537,"[28082, 17701, 2167, 35008, 102647, 42252, 7191, 48215, 107904, 103236]"
112538,"[46597, 98123, 22843, 27779, 48890, 45738, 105239, 96268, 59223, 53756]"
112539,"[8016, 92787, 36223, 39500, 5055, 20011, 87914, 60110, 89885, 30978]"
112540,"[75240, 37720, 102298, 4976, 93290, 90607, 73968, 50925, 66526, 15787]"
112541,"[74560, 96732, 12923, 81461, 56278, 42637, 86224, 63199, 42691, 7438]"
112542,"[32075, 30633, 88252, 652, 26614, 67981, 22579, 68583, 1032, 52999]"
112543,"[63887, 12992, 82762, 57482, 3427, 89238, 83463, 87224, 41062, 22343]"
112544,"[20893, 108778, 31279, 97779, 86382, 48418, 80741, 8927, 6246, 4567]"
112545,"[45740, 37038, 94090, 2402, 70333, 2410, 32895, 78085, 66414, 24594]"
112546,"[26668, 98519, 65232, 18979, 83656, 90928, 26008, 45018, 48244, 44596]"
112547,"[62478, 81585, 99238, 27428, 1628, 30680, 11958, 24757, 100940, 29992]"
112548,"[1667, 915, 107625, 107500, 106662, 47186, 18, 56195, 94651, 101403]"
112549,"[66697, 14721, 23202, 95552, 6590, 6783, 13268, 93530, 71645, 86892]"
112550,"[87939, 21610, 38853, 11507, 25413, 52056, 34000, 60418, 63322, 77911]"
112551,"[65452, 38669, 60914, 49171, 103569, 80580, 47632, 40879, 30343, 95512]"
112552,"[11441, 35687, 46851, 87174, 18844, 26126, 94527, 10540, 74045, 32394]"
112553,"[61827, 63039, 45678, 35309, 91759, 77439, 58586, 31950, 55936, 12161]"
112554,"[30293, 100310, 3446, 79228, 53065, 60249, 14599, 37186, 4432, 1810]"
112555,"[78267, 69983, 30907, 42272, 54058, 92434, 92169, 6498, 69633, 62077]"
112556,"[6135, 3509, 63470, 49446, 76663, 25000, 82286, 47100, 30947, 75176]"
112557,"[23051, 85418, 88435, 95225, 79596, 48976, 48181, 59842, 44414, 39147]"
112558,"[95645, 43527, 94242, 99754, 43444, 83880, 54604, 20953, 108855, 22102]"
112559,"[76995, 16099, 58578, 33415, 47970, 70744, 74480, 8639, 71889, 39450]"
112560,"[75303, 64094, 84393, 8622, 7685, 21670, 47721, 66032, 48684, 50260]"
112561,"[68247, 38655, 9460, 1003, 98674, 3243, 15766, 38004, 43514, 48742]"
112562,"[38924, 84745, 93408, 4784, 45992, 95849, 18869, 83113, 52479, 38946]"
112563,"[94091, 84269, 52507, 53268, 8908, 48416, 56506, 90126, 6282, 20127]"
112564,"[92120, 71392, 73233, 32906, 30144, 32609, 91254, 91749, 98215, 42690]"
112565,"[33929, 55383, 99841, 99144, 89292, 2906, 94394, 76351, 47144, 96359]"
112566,"[60144, 19605, 32741, 48140, 74124, 77474, 44173, 74986, 93485, 11180]"
112567,"[52646, 104345, 58054, 16603, 25584, 62964, 39463, 47620, 104873, 21338]"
112568,"[75892, 49395, 107855, 108111, 86116, 27002, 104947, 55864, 72020, 5979]"
112569,"[3842, 101040, 109340, 4004, 23486, 37434, 17848, 25288, 76130, 30835]"
112570,"[30662, 46389, 95502, 8486, 43590, 46773, 82111, 48625, 109731, 26671]"
112571,"[63699, 3135, 39408, 101989, 90924, 40332, 57557, 103521, 39066, 35631]"
112572,"[93922, 36597, 54946, 72239, 30881, 45352, 16961, 87609, 109300, 58640]"
112573,"[7245, 52954, 106094, 106021, 58848, 8743, 19864, 33208, 3364, 28519]"
112574,"[58449, 82492, 34176, 71421, 101379, 44307, 34884, 696, 58419, 26616]"
112575,"[85282, 32761, 1609, 91455, 91502, 73624, 23075, 44979, 62451, 35396]"
112576,"[47499, 19532, 19981, 62568, 58064, 49377, 50358, 15754, 27823, 76420]"
112577,"[71872, 13873, 1627, 48536, 103321, 97098, 4867, 90424, 22774, 52764]"
112578,"[108382, 5531, 98146, 45037, 92679, 6166, 96980, 32415, 98979, 96344]"
112579,"[55089, 72159, 2964, 61838, 33461, 70204, 81710, 2274, 3758, 64024]"
112580,"[41013, 5409, 13239, 27869, 108481, 16323, 92977, 33269, 73387, 77966]"
112581,"[2778, 57921, 56487, 34480, 107741, 61548, 40445, 34953, 7005, 84505]"
112582,"[92067, 346, 10835, 79038, 2819, 54476, 19777, 4563, 23968, 15566]"
112583,"[18427, 81293, 93224, 10878, 1380, 96747, 23197, 97723, 79621, 8072]"
112584,"[50775, 10961, 104670, 76799, 81026, 42515, 30406, 105410, 58141, 22788]"
112585,"[79822, 34151, 39104, 72797, 83502, 34636, 3502, 7688, 95399, 46812]"
112586,"[11229, 10283, 55870, 28651, 50744, 105950, 56176, 78069, 70350, 32552]"
112587,"[80442, 4479, 80726, 41694, 7602, 70221, 23500, 65380, 106461, 103369]"
112588,"[89927, 29875, 95647, 8446, 8109, 68754, 23279, 74497, 26801, 43303]"
112589,"[40263, 21680, 96872, 15997, 42516, 3550, 45634, 784, 86138, 109676]"
112590,"[109744, 25136, 30218, 87979, 60653, 23695, 32547, 41882, 87758, 8951]"
112591,"[16060, 65144, 68633, 13200, 45257, 52685, 82987, 105603, 67149, 22330]"
112592,"[57182, 78455, 33766, 74098, 66045, 70613, 44865, 69040, 22732, 1461]"
112593,"[50281, 63725, 68570, 109630, 100837, 36598, 34447, 101822, 30065, 614]"
112594,"[35525, 50220, 67538, 2349, 108895, 57487, 63434, 54433, 61020, 31267]"
112595,"[38570, 20468, 17158, 2307, 51716, 56375, 73963, 31134, 97979, 109411]"
112596,"[42768, 67987, 1690, 74397, 7324, 72425, 95813, 45071, 20458, 23321]"
112597,"[80573, 59254, 24600, 20702, 108334, 23146, 75540, 26173, 52594, 74859]"
112598,"[66038, 46783, 57459, 56584, 107610, 88813, 47530, 31216, 27497, 90599]"
112599,"[82454, 28846, 26314, 14158, 93692, 57059, 11950, 41085, 31038, 104333]"
112600,"[109353, 85238, 49491, 20428, 96634, 13056, 103499, 54740, 28548, 2285]"
112601,"[106184, 44604, 93891, 17068, 82941, 23723, 104884, 77260, 17879, 35651]"
112602,"[88079, 93133, 25868, 60867, 90329, 40443, 102586, 70714, 47338, 2355]"
112603,"[45978, 10291, 18071, 30561, 104721, 78881, 41417, 104102, 28584, 98557]"
112604,"[73987, 38043, 62812, 94882, 84887, 67482, 66666, 19067, 40545, 20930]"
112605,"[44913, 47687, 13094, 24980, 109570, 26885, 107508, 94490, 55836, 86654]"
112606,"[21779, 81708, 70358, 28895, 102817, 3279, 39582, 44648, 52383, 49045]"
112607,"[50131, 8194, 56315, 75675, 34257, 30952, 43614, 8825, 103949, 18382]"
112608,"[63098, 36251, 65409, 100511, 44145, 7399, 9319, 94449, 61301, 85490]"
112609,"[43461, 37410, 3316, 32759, 96171, 51589, 73468, 88895, 37005, 76746]"
112610,"[62358, 55143, 75631, 54684, 57635, 84110, 80538, 83889, 70809, 79470]"
112611,"[47507, 72662, 63879, 65139, 54728, 31867, 66995, 8447, 11234, 73866]"
112612,"[37514, 92500, 105529, 34038, 25482, 1482, 31900, 30843, 62092, 54851]"
112613,"[16754, 38168, 81053, 100171, 100659, 72653, 1977, 37230, 81487, 77905]"
112614,"[107968, 27953, 77113, 29722, 85734, 84993, 108945, 109294, 42589, 74119]"
112615,"[88448, 78246, 88639, 40467, 67993, 71678, 66559, 102795, 73431, 85842]"
112616,"[11211, 38218, 57123, 13766, 37091, 79793, 46728, 16881, 38984, 98489]"
112617,"[28322, 62491, 77479, 61635, 43361, 22507, 47841, 100083, 103025, 62091]"
112618,"[7084, 68212, 27753, 88890, 14179, 79649, 66421, 80091, 27310, 10742]"
112619,"[102311, 55879, 37750, 9944, 66489, 66830, 33618, 81695, 28382, 68764]"
112620,"[34609, 21395, 100941, 93951, 16819, 103534, 51153, 27050, 99039, 108977]"
112621,"[31187, 26518, 63728, 103264, 42464, 5201, 60815, 92811, 40284, 36636]"
112622,"[54265, 91378, 22231, 28645, 41579, 102442, 14658, 37064, 34612, 104898]"
112623,"[46710, 19593, 14762, 79046, 57893, 11555, 17072, 47392, 103433, 62267]"
112624,"[54321, 4836, 80756, 107673, 75475, 35727, 71392, 28936, 4736, 64311]"
112625,"[89159, 61091, 36839, 62346, 74113, 6423, 59013, 47311, 66998, 84079]"
112626,"[62358, 11879, 101173, 84278, 80538, 75631, 62020, 70809, 84110, 31896]"
112627,"[34902, 359, 15299, 6046, 89604, 22840, 65648, 41954, 93196, 23962]"
112628,"[63267, 87033, 53911, 82702, 101185, 17220, 3100, 54543, 50909, 27067]"
112629,"[85150, 31167, 86547, 65441, 44147, 54292, 101715, 76374, 58577, 69749]"
112630,"[32284, 17760, 96772, 67639, 20206, 62100, 64665, 104009, 27945, 53535]"
112631,"[28183, 1205, 99825, 62614, 41008, 27761, 39359, 68981, 20444, 35180]"
112632,"[89243, 55885, 37499, 68331, 29390, 63297, 14178, 42150, 88176, 103762]"
112633,"[52228, 69182, 26824, 3548, 73745, 79090, 46441, 28292, 20785, 30423]"
112634,"[50605, 6469, 20885, 49527, 96721, 8556, 106261, 42340, 10315, 95193]"
112635,"[7923, 90264, 101738, 3139, 16717, 86478, 9916, 55641, 19994, 34788]"
112636,"[85574, 51458, 63107, 53624, 80632, 50087, 54232, 9163, 84788, 92465]"
112637,"[88209, 60232, 68179, 48514, 11237, 58565, 80455, 71790, 74850, 95831]"
112638,"[81626, 6462, 105677, 99516, 88494, 18751, 98104, 86519, 8694, 108401]"
112639,"[13742, 72021, 56305, 275, 16893, 28497, 13868, 30893, 14250, 70245]"
112640,"[88569, 49687, 80036, 32073, 67309, 108485, 17583, 73821, 13100, 33925]"
112641,"[105225, 72311, 83590, 85850, 51895, 107696, 42271, 85499, 103686, 44238]"
112642,"[39117, 87134, 11577, 35901, 16684, 60579, 37897, 17575, 23722, 27550]"
112643,"[55919, 87531, 6303, 8813, 78072, 61485, 39178, 34696, 62079, 92581]"
112644,"[78282, 73857, 14763, 98364, 61832, 96238, 61271, 107459, 25684, 88630]"
112645,"[98578, 57268, 94392, 44836, 56543, 95720, 30240, 53301, 1375, 97284]"
112646,"[97351, 46211, 91107, 35320, 12347, 91658, 106332, 14975, 72014, 237]"
112647,"[54221, 82654, 90696, 58469, 85947, 84052, 72049, 64947, 67263, 93778]"
112648,"[52711, 5396, 71052, 60249, 37186, 1810, 63726, 99447, 54505, 43933]"
112649,"[46868, 92491, 22461, 102384, 99970, 73725, 20255, 78866, 84455, 22342]"
112650,"[12232, 42284, 44033, 63978, 16725, 17425, 89758, 80274, 92256, 42710]"
112651,"[104751, 16945, 63250, 75096, 52461, 87476, 36773, 69261, 17370, 48191]"
112652,"[46935, 48825, 83167, 55011, 66177, 95301, 73889, 24326, 36095, 29201]"
112653,"[65904, 95003, 26929, 65650, 35059, 38630, 60905, 49957, 85525, 7177]"
112654,"[30958, 62116, 74222, 31103, 95929, 101283, 56192, 35405, 62050, 58775]"
112655,"[2455, 68548, 20137, 43165, 80096, 39437, 15712, 77478, 52879, 93817]"
112656,"[90084, 33706, 85720, 46096, 12053, 22792, 96780, 35258, 2615, 103195]"
112657,"[77643, 103330, 62649, 15627, 82719, 52244, 26022, 45206, 20108, 84255]"
112658,"[7153, 78775, 105039, 61234, 51813, 13087, 25156, 6221, 74067, 102899]"
112659,"[48270, 2363, 106283, 8259, 31599, 46780, 61310, 41212, 38606, 43306]"
112660,"[91024, 108062, 78680, 59701, 25080, 9401, 98044, 102968, 1678, 77727]"
112661,"[94814, 10002, 90105, 27136, 11954, 30010, 55800, 107990, 65983, 30721]"
112662,"[5005, 4423, 8992, 30182, 28427, 10778, 88513, 43227, 73340, 61457]"
112663,"[34342, 100741, 605, 12528, 70172, 19645, 32034, 18833, 59462, 77264]"
112664,"[104250, 66585, 12132, 81521, 81707, 93721, 96240, 99868, 37057, 50958]"
112665,"[104031, 44313, 62523, 50125, 42014, 105234, 33196, 67074, 72774, 88074]"
112666,"[108443, 32767, 84516, 71285, 94185, 51150, 87896, 86454, 103511, 96741]"
112667,"[101059, 77269, 20562, 61903, 9272, 88380, 23732, 57315, 103146, 75247]"
112668,"[98755, 35038, 42997, 34958, 41324, 102941, 79766, 24510, 46428, 72275]"
112669,"[41420, 10966, 15847, 41831, 77781, 30936, 79138, 64984, 50248, 76822]"
112670,"[17257, 416, 72122, 55072, 59559, 101013, 97016, 105525, 58009, 37649]"
112671,"[95189, 26509, 48146, 7974, 78875, 25668, 33156, 51749, 1898, 97304]"
112672,"[28060, 63598, 28159, 20125, 93981, 129, 92843, 75728, 8526, 93858]"
112673,"[77312, 31456, 93504, 33648, 27274, 75146, 20738, 27897, 32400, 2465]"
112674,"[52401, 42286, 86537, 49538, 102354, 49840, 103534, 19617, 67568, 48194]"
112675,"[84442, 99086, 16977, 22674, 74250, 73075, 955, 60410, 101566, 51041]"
112676,"[64640, 73044, 17509, 72758, 65816, 74836, 49178, 35684, 65512, 57492]"
112677,"[102970, 109701, 17189, 100990, 14626, 21190, 31619, 36540, 45754, 6973]"
112678,"[15076, 16780, 18266, 38951, 36196, 62580, 77670, 79407, 18606, 38417]"
112679,"[30424, 75821, 16062, 34407, 93237, 41441, 103481, 71662, 78981, 66951]"
112680,"[50773, 90866, 88130, 33168, 86954, 50746, 84561, 53364, 28598, 67162]"
112681,"[86075, 17075, 104864, 36477, 52568, 50214, 74471, 1553, 69662, 23179]"
112682,"[56917, 15459, 99105, 14973, 81294, 82605, 21019, 101172, 92643, 53252]"
112683,"[8458, 48637, 4379, 57130, 108829, 53077, 36379, 10337, 88947, 83189]"
112684,"[61736, 78979, 103196, 100833, 87216, 50886, 45542, 74925, 23810, 92215]"
112685,"[106204, 6832, 69939, 9665, 32998, 15642, 92238, 90425, 26146, 21943]"
112686,"[63543, 308, 69701, 6239, 85274, 33180, 92690, 69914, 2582, 66857]"
112687,"[87326, 89727, 25406, 47444, 28844, 49228, 6671, 57804, 8942, 49799]"
112688,"[75315, 11357, 99201, 78623, 38572, 98289, 86008, 59356, 18251, 12445]"
112689,"[44131, 37489, 104987, 106471, 121, 98867, 41627, 85674, 5299, 1321]"
112690,"[54532, 58550, 29425, 108127, 33419, 66078, 12657, 88973, 5987, 109720]"
112691,"[62304, 80728, 42516, 21680, 45634, 56444, 104865, 56440, 95587, 43274]"
112692,"[9520, 50946, 72173, 37734, 109522, 101693, 17002, 40922, 27860, 36161]"
112693,"[86608, 105219, 92816, 41018, 89764, 39915, 43868, 34711, 102705, 41501]"
112694,"[22921, 109166, 94340, 29637, 29859, 43867, 16355, 22398, 79825, 99540]"
112695,"[16259, 100317, 14168, 108062, 78859, 20683, 44990, 40823, 1678, 102968]"
112696,"[83902, 87917, 78001, 38925, 91706, 94646, 84002, 48591, 103278, 33889]"
112697,"[22913, 64912, 20154, 30453, 101495, 63438, 25724, 103858, 4614, 23752]"
112698,"[116, 19916, 82881, 108451, 75906, 97632, 25350, 99504, 62638, 70487]"
112699,"[17738, 66633, 73909, 83721, 102542, 71903, 32520, 55307, 69087, 65155]"
112700,"[56672, 87745, 85757, 35994, 7705, 31813, 32378, 54148, 37320, 33003]"
112701,"[72752, 18716, 2247, 19243, 2749, 13677, 62083, 7852, 35089, 26642]"
112702,"[33268, 6693, 86654, 107433, 1962, 64739, 58245, 75966, 18759, 73897]"
112703,"[42132, 25206, 75990, 60730, 93082, 94695, 108914, 100554, 5359, 81500]"
112704,"[36456, 108272, 84550, 49607, 55521, 8620, 90163, 19891, 78321, 36821]"
112705,"[38838, 1725, 25738, 69751, 50992, 107506, 56122, 44349, 44493, 66366]"
112706,"[12667, 20527, 49960, 30725, 96178, 54016, 3408, 17875, 52840, 60761]"
112707,"[29946, 76877, 88720, 96210, 79657, 33504, 15677, 9258, 100750, 28516]"
112708,"[17845, 49564, 57071, 35640, 65091, 10674, 58150, 72151, 72406, 59047]"
112709,"[67544, 94136, 81079, 13158, 15067, 7643, 40571, 99462, 61041, 33055]"
112710,"[58294, 56888, 93558, 88495, 38067, 32069, 72654, 75485, 50137, 36149]"
112711,"[1272, 49474, 104125, 98717, 25975, 33803, 35510, 53249, 33773, 91653]"
112712,"[105681, 103670, 106060, 70505, 38777, 76402, 13757, 17464, 25815, 81101]"
112713,"[67572, 47299, 15974, 83375, 86653, 49445, 51224, 24956, 75079, 70044]"
112714,"[13669, 43132, 100798, 53127, 17635, 82956, 10221, 82434, 67480, 35975]"
112715,"[38387, 58145, 52555, 104174, 35630, 76957, 107394, 97695, 91285, 1572]"
112716,"[50949, 73423, 87023, 86257, 65989, 104395, 27906, 98551, 75176, 24150]"
112717,"[6802, 57103, 62957, 83372, 36110, 31840, 104635, 65427, 97296, 26220]"
112718,"[20677, 108626, 7708, 89997, 41872, 89089, 35001, 2608, 94797, 88735]"
112719,"[4256, 39609, 92646, 43475, 103168, 57761, 43144, 56386, 74963, 59516]"
112720,"[35051, 37359, 627, 48500, 16875, 99010, 10941, 2919, 70875, 26258]"
112721,"[70121, 27110, 33014, 6225, 100371, 38867, 6038, 106096, 30129, 108064]"
112722,"[97686, 23816, 48275, 69820, 31974, 8640, 8851, 41491, 56869, 106449]"
112723,"[66190, 17502, 13680, 84789, 93142, 92584, 74086, 36537, 49500, 53272]"
112724,"[4537, 27794, 96903, 62198, 20871, 46640, 104235, 93727, 90508, 77534]"
112725,"[38966, 94116, 75226, 58112, 75701, 32650, 70965, 28646, 53748, 78466]"
112726,"[88587, 5426, 99248, 99300, 31107, 35547, 52275, 108498, 41941, 63839]"
112727,"[48900, 19749, 97149, 52030, 96971, 39690, 451, 40499, 24292, 64939]"
112728,"[65494, 33111, 29852, 104053, 69269, 51912, 53250, 25051, 12234, 2130]"
112729,"[84390, 98532, 50387, 39899, 65347, 96528, 41613, 96884, 22659, 87147]"
112730,"[46984, 108088, 15182, 57272, 64540, 4345, 101395, 93845, 85303, 107637]"
112731,"[64170, 62125, 36832, 98116, 25023, 37165, 14747, 67722, 82418, 92214]"
112732,"[5166, 58736, 97391, 24485, 104910, 54261, 3585, 99090, 82569, 72129]"
112733,"[22922, 103902, 9419, 95775, 56780, 58207, 73963, 65862, 68676, 99127]"
112734,"[38336, 84240, 98108, 108889, 59021, 31138, 5184, 13503, 108505, 27258]"
112735,"[35679, 63346, 64105, 9649, 83100, 44013, 28978, 59785, 7673, 109342]"
112736,"[41065, 38610, 55921, 37932, 96364, 23225, 31972, 88634, 20122, 105250]"
112737,"[25905, 43844, 73043, 102416, 77830, 63527, 63908, 46093, 66462, 22811]"
112738,"[80967, 15369, 36578, 76621, 18645, 91082, 95649, 72409, 62460, 17613]"
112739,"[12160, 60202, 90675, 60586, 56433, 50786, 94467, 39999, 102853, 46320]"
112740,"[37392, 42220, 572, 43074, 9513, 108478, 96727, 94741, 18968, 99867]"
112741,"[62174, 5533, 12003, 72834, 92455, 28340, 70947, 1213, 69975, 68394]"
112742,"[24661, 14105, 13909, 15909, 88742, 90784, 97153, 82792, 98459, 108427]"
112743,"[66930, 86773, 56560, 49993, 14901, 100871, 104417, 29626, 48694, 12875]"
112744,"[91767, 33311, 27804, 64877, 33916, 12645, 7593, 76015, 32396, 53092]"
112745,"[39056, 54606, 96547, 53615, 85851, 61131, 78400, 66428, 55216, 22518]"
112746,"[37660, 98833, 75897, 72904, 108186, 35796, 52558, 44004, 48758, 82076]"
112747,"[95441, 62637, 104910, 24582, 99090, 73380, 15724, 63801, 25372, 57000]"
112748,"[37003, 14741, 3377, 92384, 24827, 1265, 95052, 44655, 35923, 45667]"
112749,"[31045, 92400, 80289, 11378, 9892, 88897, 58729, 7146, 44860, 67793]"
112750,"[100790, 53841, 24458, 51163, 87677, 65857, 22877, 107042, 82307, 66773]"
112751,"[77772, 47399, 99851, 100642, 44737, 8763, 90368, 94961, 44718, 106671]"
112752,"[33977, 88834, 79752, 6781, 30892, 16865, 64139, 67313, 83893, 86790]"
112753,"[27892, 2204, 102738, 23947, 10178, 70794, 975, 24528, 43028, 60253]"
112754,"[92900, 14834, 52081, 29384, 71892, 85351, 73372, 83475, 105863, 59895]"
112755,"[12164, 79902, 98109, 17466, 61841, 54555, 50000, 75871, 101037, 28825]"
112756,"[85795, 41090, 61807, 98760, 23071, 49624, 7241, 66885, 34153, 76525]"
112757,"[33685, 105707, 27362, 99677, 30223, 36404, 52217, 89410, 10530, 98378]"
112758,"[109320, 13250, 13610, 23832, 105714, 83657, 93533, 18665, 102872, 50522]"
112759,"[50574, 33695, 20910, 44694, 26638, 10098, 38501, 64479, 3709, 101632]"
112760,"[18912, 24878, 69789, 49287, 85864, 80479, 77184, 47481, 98927, 93736]"
112761,"[82284, 86437, 44910, 77759, 40871, 20988, 17793, 81352, 6545, 45048]"
112762,"[36476, 72811, 76220, 13480, 8512, 70626, 92458, 55453, 74876, 80039]"
112763,"[75774, 66229, 83301, 3045, 34901, 9044, 7474, 2084, 44107, 73526]"
112764,"[78152, 20700, 66072, 6915, 61721, 37891, 14573, 73910, 19455, 63865]"
112765,"[49008, 31748, 90387, 48001, 70084, 31160, 39871, 33325, 69996, 10638]"
112766,"[35130, 433, 67669, 70695, 1468, 72771, 40267, 72845, 20884, 39917]"
112767,"[74714, 56953, 64500, 59785, 7673, 82367, 9649, 11372, 10794, 63760]"
112768,"[13996, 94402, 95829, 100098, 61207, 59977, 48008, 86842, 33561, 94044]"
112769,"[78410, 9409, 99863, 19153, 106057, 68383, 103812, 18018, 39499, 768]"
112770,"[44346, 45298, 92352, 105263, 13020, 59461, 5848, 757, 101905, 50470]"
112771,"[38682, 103995, 51503, 102077, 91144, 11100, 45882, 19528, 4526, 57455]"
112772,"[34335, 12083, 104812, 63317, 5398, 86524, 27614, 47819, 46702, 35257]"
112773,"[67329, 41228, 1149, 41379, 86313, 50752, 66765, 26592, 52462, 35577]"
112774,"[40054, 11422, 79902, 86208, 40986, 98984, 70160, 96450, 87803, 43564]"
112775,"[59072, 53630, 4864, 103051, 35472, 71017, 10871, 40115, 1759, 98470]"
112776,"[83224, 85276, 10633, 1638, 82180, 17857, 84607, 7965, 48554, 26928]"
112777,"[21990, 107476, 39363, 98225, 6967, 46259, 58517, 54982, 29941, 58558]"
112778,"[23087, 109594, 109324, 36628, 109740, 66066, 76424, 94581, 60767, 80597]"
112779,"[39544, 4281, 75110, 101726, 71322, 57114, 51514, 17151, 107781, 69652]"
112780,"[19918, 42236, 32972, 56252, 99093, 89668, 3336, 80268, 57990, 99405]"
112781,"[89671, 62627, 49497, 106566, 53400, 78670, 963, 53063, 99651, 29044]"
112782,"[88730, 20709, 57435, 6207, 94144, 60430, 11576, 81648, 35629, 79277]"
112783,"[28073, 80045, 56894, 8606, 28541, 56370, 75287, 32808, 85607, 28764]"
112784,"[45476, 48888, 12114, 82417, 45547, 15506, 72389, 55015, 19275, 82050]"
112785,"[76367, 65723, 45027, 91051, 44778, 46361, 84536, 54049, 29496, 79053]"
112786,"[21437, 107443, 86131, 64088, 81201, 31823, 93523, 69108, 81051, 16820]"
112787,"[66138, 87785, 4369, 65154, 49824, 3243, 26768, 1581, 87219, 107638]"
112788,"[102188, 107808, 70165, 33612, 28460, 59048, 50285, 89916, 4419, 54356]"
112789,"[48035, 36256, 30740, 42478, 77455, 38639, 28439, 40216, 44196, 8230]"
112790,"[23728, 88240, 3182, 71844, 106757, 71750, 50471, 19415, 82034, 7519]"
112791,"[72966, 10207, 67596, 105700, 66666, 51762, 22736, 8717, 22972, 99180]"
112792,"[30703, 49907, 33629, 105684, 1024, 66296, 2264, 88736, 27916, 81393]"
112793,"[83998, 2144, 4337, 60256, 89722, 97127, 9805, 30859, 69453, 50513]"
112794,"[30094, 3601, 13812, 16796, 78679, 106479, 38219, 59030, 45303, 83293]"
112795,"[30585, 2577, 95543, 37488, 72586, 58675, 90441, 57467, 90541, 19558]"
112796,"[66821, 35778, 105374, 13623, 60215, 14866, 22388, 86165, 35065, 4533]"
112797,"[33293, 64740, 1361, 58063, 40693, 48165, 87596, 65218, 26682, 91991]"
112798,"[80639, 18568, 56565, 32363, 34611, 91815, 53656, 44812, 34262, 87435]"
112799,"[80958, 30305, 62847, 1978, 109015, 87700, 60194, 28792, 74478, 54606]"
112800,"[5188, 64251, 42323, 41542, 35922, 98612, 12193, 7629, 90880, 77743]"
112801,"[40999, 65791, 44001, 42994, 11337, 73886, 53935, 65279, 60580, 29287]"
112802,"[53469, 10821, 4008, 36908, 57266, 103141, 72133, 25821, 85708, 62317]"
112803,"[6019, 20260, 11701, 35775, 36633, 105874, 104149, 23780, 847, 102621]"
112804,"[32811, 102797, 29534, 19010, 51758, 65650, 2483, 29999, 19201, 84572]"
112805,"[9384, 101220, 21900, 19665, 54656, 14958, 57989, 32745, 55398, 60798]"
112806,"[68667, 86634, 55710, 45735, 104600, 9768, 11870, 90270, 31565, 68237]"
112807,"[94691, 107955, 60640, 52921, 66812, 27278, 20441, 45004, 25951, 99816]"
112808,"[13815, 62192, 101250, 27958, 3213, 43534, 27762, 41147, 92152, 26610]"
112809,"[106467, 65407, 1050, 28232, 7657, 58850, 38061, 102657, 73853, 51658]"
112810,"[13244, 30015, 41031, 21686, 71131, 3246, 93243, 109119, 109173, 10937]"
112811,"[38105, 105943, 24080, 103288, 108331, 95925, 6960, 68798, 64720, 94956]"
112812,"[24160, 27218, 94438, 74981, 50836, 79988, 98231, 106978, 57160, 85357]"
112813,"[57186, 14326, 75023, 63369, 8349, 62208, 30136, 71061, 57517, 83536]"
112814,"[12433, 44483, 109084, 48836, 46088, 9735, 29314, 66302, 71562, 21158]"
112815,"[30671, 88833, 50072, 40406, 91771, 46172, 95661, 48032, 5879, 56318]"
112816,"[80436, 103816, 9840, 38408, 103937, 98070, 94593, 26632, 12238, 34599]"
112817,"[43517, 8340, 84765, 80945, 40909, 57944, 109623, 109280, 31532, 54511]"
112818,"[11646, 108679, 13918, 23837, 16428, 84945, 16389, 78329, 70313, 29536]"
112819,"[45878, 27977, 85743, 67547, 58780, 57243, 31384, 15915, 30422, 5101]"
112820,"[37825, 28017, 9723, 77045, 63271, 34470, 61382, 64402, 64439, 39644]"
112821,"[8707, 34811, 103731, 11844, 52907, 56899, 35482, 29591, 46912, 1946]"
112822,"[9379, 10195, 34875, 63140, 22530, 98469, 24088, 104237, 27521, 95659]"
112823,"[23922, 58143, 35493, 52891, 63412, 38262, 97493, 50627, 6099, 37460]"
112824,"[15690, 98360, 93380, 15053, 84659, 77891, 35682, 74996, 92198, 12891]"
112825,"[35562, 54256, 44255, 77047, 65014, 44953, 16185, 32791, 4364, 83854]"
112826,"[5723, 61363, 87658, 5976, 66916, 47135, 56471, 36810, 36336, 28189]"
112827,"[99658, 7629, 12193, 60729, 82066, 4241, 2654, 14100, 17679, 106794]"
112828,"[68776, 13686, 24203, 108577, 14942, 25817, 65777, 28835, 64214, 96410]"
112829,"[88444, 43160, 54022, 101231, 109158, 103375, 108654, 18894, 16866, 91607]"
112830,"[89029, 54552, 38313, 47356, 58904, 63601, 39807, 32175, 29315, 51888]"
112831,"[22478, 26285, 88576, 59090, 75598, 21542, 49119, 49765, 56332, 6213]"
112832,"[36071, 80961, 74590, 54682, 79863, 49069, 12028, 93253, 28478, 106457]"
112833,"[108277, 27633, 24945, 69664, 40926, 23277, 3732, 73379, 33278, 41256]"
112834,"[79108, 37449, 26046, 62512, 82974, 90283, 106105, 42792, 27461, 24691]"
112835,"[66180, 25993, 6165, 3300, 43893, 76166, 18247, 47671, 27643, 51351]"
112836,"[84551, 33433, 91821, 59662, 57286, 25998, 12744, 15331, 12979, 3478]"
112837,"[28016, 36482, 94241, 87813, 105393, 82695, 94059, 17861, 28127, 65620]"
112838,"[40292, 63233, 56611, 2245, 17242, 95800, 25804, 41364, 104574, 34908]"
112839,"[41927, 78694, 76684, 33753, 55453, 48586, 26913, 39933, 50787, 38376]"
112840,"[79381, 2826, 22508, 98074, 74429, 33676, 53004, 81099, 108920, 5750]"
112841,"[80448, 67843, 55205, 34683, 61387, 36325, 34700, 29622, 102541, 30519]"
112842,"[96813, 94183, 104614, 56552, 41094, 62233, 1814, 11327, 13426, 61321]"
112843,"[108126, 43642, 107277, 79063, 39787, 96622, 96584, 48765, 105061, 78403]"
112844,"[42285, 104357, 47213, 51929, 97095, 34281, 1940, 53641, 62464, 95804]"
112845,"[89601, 50769, 24612, 45603, 3372, 64822, 98897, 2410, 32898, 3970]"
112846,"[85682, 58944, 77068, 37968, 47030, 84738, 26443, 36438, 107633, 3116]"
112847,"[57042, 109654, 81091, 80305, 4630, 34003, 54978, 42745, 74957, 35238]"
112848,"[1939, 78820, 74018, 33812, 71333, 9048, 63480, 5282, 28976, 8493]"
112849,"[60466, 60915, 15180, 59081, 20472, 9909, 90703, 101789, 73464, 38152]"
112850,"[42347, 82578, 91288, 8115, 87779, 103370, 104245, 7540, 42234, 10693]"
112851,"[66391, 51105, 5118, 67828, 87960, 4031, 7073, 93113, 78019, 48382]"
112852,"[10154, 51151, 12591, 16770, 84452, 99269, 41368, 108017, 65061, 2827]"
112853,"[66770, 57232, 38896, 107777, 99746, 54382, 98072, 99942, 45845, 102329]"
112854,"[14154, 74590, 24925, 77450, 108743, 36071, 29166, 68042, 28270, 86090]"
112855,"[51416, 102250, 34837, 67402, 13768, 104745, 38716, 29730, 50230, 54618]"
112856,"[90774, 37704, 76375, 74579, 50692, 19793, 7375, 60159, 107488, 98654]"
112857,"[8583, 91431, 74268, 102047, 52252, 11345, 30163, 49556, 71406, 27502]"
112858,"[80301, 25729, 61667, 68293, 40042, 56395, 43015, 24022, 33147, 56751]"
112859,"[46164, 25882, 5892, 60145, 36978, 81888, 85695, 87188, 63944, 93605]"
112860,"[103109, 46831, 100189, 99057, 86015, 27478, 107240, 17520, 101608, 16602]"
112861,"[81217, 72646, 45712, 34426, 9150, 43366, 44377, 66145, 87452, 30205]"
112862,"[82021, 36002, 12534, 73885, 66162, 84417, 82818, 99053, 37188, 23517]"
112863,"[39313, 59200, 8980, 93288, 58922, 7857, 65582, 39864, 30534, 46638]"
112864,"[97867, 79384, 95310, 21773, 58655, 95885, 55359, 52090, 98336, 69542]"
112865,"[74143, 40132, 22314, 35628, 84085, 101657, 81743, 28739, 96546, 102687]"
112866,"[34647, 12576, 60860, 12578, 55538, 90738, 12976, 13890, 15514, 5953]"
112867,"[56764, 24065, 87528, 73143, 10945, 28850, 95944, 106387, 29737, 26055]"
112868,"[92196, 80148, 103819, 63707, 91717, 95705, 45052, 34160, 30733, 88515]"
112869,"[37992, 11444, 78362, 79732, 102379, 75965, 68379, 85660, 49252, 24634]"
112870,"[59127, 29570, 71065, 37128, 24430, 85618, 61003, 64390, 80386, 27114]"
112871,"[7576, 107824, 35894, 46916, 2701, 39673, 39199, 13824, 7916, 99363]"
112872,"[72658, 42764, 60305, 106392, 63481, 57169, 107909, 54190, 48399, 12732]"
112873,"[65815, 95296, 87772, 101795, 3786, 44879, 56821, 56020, 62578, 55868]"
112874,"[15408, 108912, 58225, 52644, 66301, 55360, 56496, 72830, 55562, 85522]"
112875,"[58338, 24000, 71809, 22657, 24275, 67683, 29984, 62049, 58115, 12419]"
112876,"[56328, 49949, 21665, 102156, 61650, 11873, 34602, 83690, 103716, 37777]"
112877,"[56129, 31112, 95426, 54541, 44331, 69843, 71867, 21783, 35016, 55520]"
112878,"[57577, 29739, 48067, 102698, 99936, 97966, 42241, 89761, 81541, 49219]"
112879,"[90884, 104867, 11550, 68531, 37773, 93216, 61979, 37963, 90885, 43182]"
112880,"[24636, 31258, 39094, 11575, 45448, 94626, 29921, 5151, 31520, 64266]"
112881,"[49425, 53210, 81193, 96623, 65514, 69378, 88126, 37959, 61948, 74207]"
112882,"[40565, 103956, 34024, 68288, 72784, 47706, 80514, 53351, 76729, 20578]"
112883,"[6300, 45736, 97954, 93122, 75159, 64706, 46600, 15896, 68268, 70570]"
112884,"[41061, 74425, 805, 86548, 60817, 403, 108343, 69270, 89510, 104977]"
112885,"[74257, 66016, 15216, 53668, 87025, 33841, 102121, 53747, 83756, 28638]"
112886,"[40681, 72022, 101350, 84860, 82292, 82834, 89645, 69590, 19327, 34105]"
112887,"[105921, 104427, 77107, 94463, 8377, 65124, 35348, 12958, 24347, 44051]"
112888,"[108278, 707, 97659, 49434, 94109, 2338, 31785, 45609, 97779, 86382]"
112889,"[22453, 74915, 38009, 13494, 34088, 63925, 75550, 49407, 25150, 66061]"
112890,"[57462, 16682, 80530, 60706, 95740, 16619, 55253, 67561, 45446, 79942]"
112891,"[103377, 100902, 75344, 52321, 4477, 41194, 76857, 62504, 94803, 45714]"
112892,"[37128, 64390, 29570, 71065, 35682, 85618, 24430, 22729, 15690, 15053]"
112893,"[18244, 101086, 51404, 6504, 90721, 73545, 54, 61859, 55882, 37334]"
112894,"[2183, 70156, 20853, 106658, 49038, 72538, 2676, 69763, 39591, 29688]"
112895,"[77615, 10075, 1744, 19173, 72090, 85523, 86631, 32477, 19491, 81028]"
112896,"[52251, 87924, 76630, 44757, 100726, 17960, 46192, 48425, 21305, 88385]"
112897,"[72100, 26771, 57622, 46895, 52364, 37713, 15652, 34550, 43599, 87670]"
112898,"[572, 107067, 4987, 109766, 70699, 18968, 88848, 99867, 8896, 56811]"
112899,"[17694, 31691, 28958, 93197, 62434, 60214, 44166, 38916, 81072, 26551]"
112900,"[67158, 24866, 9201, 39661, 46452, 21149, 87422, 28179, 82709, 40971]"
112901,"[53615, 61131, 83841, 101021, 101248, 39056, 96547, 85851, 67882, 7919]"
112902,"[48993, 105047, 26028, 90357, 36768, 71916, 54184, 16075, 43956, 57201]"
112903,"[67783, 51513, 103292, 17416, 14884, 40430, 74594, 86674, 66189, 11372]"
112904,"[53594, 97296, 16783, 34058, 7800, 13177, 56362, 107801, 19274, 108697]"
112905,"[62388, 61113, 70795, 57441, 11232, 30581, 17441, 60181, 71635, 101450]"
112906,"[80126, 66967, 6176, 14166, 59340, 40710, 26686, 25035, 46268, 39728]"
112907,"[63840, 69675, 66811, 30045, 23789, 12319, 11217, 43796, 14842, 1179]"
112908,"[52370, 52209, 95089, 21611, 36674, 27322, 71741, 42247, 10182, 84437]"
112909,"[75832, 67093, 57992, 100838, 3395, 25788, 1054, 46326, 82005, 22431]"
112910,"[97018, 94257, 70489, 39829, 51411, 9346, 76439, 32156, 63356, 79332]"
112911,"[72093, 70151, 47924, 96582, 32241, 73058, 43837, 80655, 23820, 61535]"
112912,"[62044, 51396, 37452, 13360, 8534, 82116, 49240, 33506, 106054, 50972]"
112913,"[39379, 94771, 46047, 65127, 102414, 77929, 4702, 31549, 50683, 34818]"
112914,"[4565, 86145, 20560, 93702, 23629, 20172, 11121, 89021, 10843, 1735]"
112915,"[58608, 16612, 67279, 7503, 18883, 23769, 75022, 30537, 40287, 76689]"
112916,"[13393, 49494, 48560, 54095, 22630, 28800, 30736, 66306, 69236, 83172]"
112917,"[57266, 36389, 81238, 20547, 71684, 49345, 57963, 27816, 87631, 50604]"
112918,"[49399, 64023, 49648, 43301, 65871, 56455, 35935, 67373, 90103, 87965]"
112919,"[9857, 72356, 79962, 60382, 45558, 78163, 96387, 100713, 47192, 13379]"
112920,"[15022, 104336, 81158, 90147, 22364, 40833, 5544, 106250, 23496, 969]"
112921,"[28747, 5084, 103319, 63425, 34370, 46964, 61505, 22100, 41497, 86388]"
112922,"[30484, 64878, 62580, 79407, 77670, 71001, 25079, 27432, 84566, 9051]"
112923,"[106240, 100668, 74467, 27262, 15778, 73252, 106842, 66427, 1065, 100306]"
112924,"[60323, 90491, 73960, 17094, 26644, 93802, 64527, 88464, 108076, 48534]"
112925,"[106094, 7245, 19864, 52954, 33208, 3364, 104833, 61292, 47754, 97078]"
112926,"[11426, 90532, 14467, 89233, 83028, 108291, 14197, 77543, 23274, 62469]"
112927,"[99280, 19670, 48333, 5606, 100413, 72601, 54101, 82564, 27854, 90921]"
112928,"[55535, 21717, 13111, 101267, 20610, 106363, 28592, 11791, 38303, 89719]"
112929,"[55517, 37710, 76622, 11614, 77506, 86552, 60334, 29919, 22298, 23908]"
112930,"[103630, 78938, 62882, 70507, 64818, 56742, 15450, 95219, 83846, 27469]"
112931,"[5761, 49855, 75856, 15421, 36861, 30150, 34252, 88375, 69630, 42797]"
112932,"[47228, 18277, 73722, 78547, 29190, 77983, 53590, 85337, 10279, 109267]"
112933,"[38088, 54287, 11616, 31781, 46220, 97145, 94635, 101596, 47503, 16430]"
112934,"[20198, 17763, 811, 76364, 107171, 104166, 61018, 87826, 41073, 69923]"
112935,"[77143, 102254, 10482, 37985, 40504, 23672, 23970, 28660, 48673, 97899]"
112936,"[2346, 7964, 87881, 29547, 55650, 65549, 90723, 29982, 6074, 71616]"
112937,"[45053, 392, 49142, 19852, 73416, 29522, 98043, 81593, 66911, 37084]"
112938,"[61951, 50779, 32911, 99462, 78914, 40726, 72967, 94136, 32023, 13158]"
112939,"[40703, 57009, 107393, 52594, 22139, 26422, 2558, 51877, 28798, 61831]"
112940,"[42761, 78093, 109496, 109070, 97047, 40468, 102041, 98554, 88385, 82859]"
112941,"[26866, 98843, 65058, 86018, 47357, 82775, 29193, 21051, 48654, 22281]"
112942,"[102797, 32811, 51758, 29534, 62414, 19010, 31889, 25426, 5915, 82352]"
112943,"[21448, 52800, 23507, 15774, 12837, 90454, 18416, 95195, 76985, 56081]"
112944,"[68713, 55793, 66214, 42796, 47353, 39657, 5295, 104365, 11462, 610]"
112945,"[2139, 15363, 41365, 103847, 84544, 56189, 43670, 92187, 56988, 103973]"
112946,"[53341, 86236, 36605, 92476, 57445, 2471, 98089, 29821, 87164, 58969]"
112947,"[60017, 42915, 18136, 54925, 10085, 73992, 90920, 46159, 65009, 76891]"
112948,"[87450, 13448, 64711, 64364, 15868, 37628, 46351, 35905, 27389, 13663]"
112949,"[4745, 22681, 64304, 48998, 109767, 109697, 42325, 84824, 46470, 76396]"
112950,"[69775, 19335, 100694, 85550, 16648, 50091, 33714, 92218, 101017, 79014]"
112951,"[68252, 32966, 87486, 29299, 43101, 54628, 90099, 4822, 33504, 95538]"
112952,"[22979, 18326, 40192, 32815, 32329, 86821, 35138, 73931, 55827, 50593]"
112953,"[82883, 50156, 66755, 85199, 70129, 99538, 76402, 1221, 81101, 56349]"
112954,"[59286, 15237, 29639, 70869, 50886, 9353, 16939, 102898, 82161, 108675]"
112955,"[97228, 4411, 8612, 33213, 78690, 34140, 108149, 32486, 16699, 97860]"
112956,"[102831, 37872, 36543, 34770, 104140, 929, 74882, 46451, 54714, 85321]"
112957,"[53552, 15599, 97523, 58462, 19107, 7552, 87903, 19028, 74082, 59560]"
112958,"[31786, 24441, 82600, 85225, 5198, 49848, 97081, 30798, 65182, 18048]"
112959,"[106535, 9824, 73051, 57310, 34076, 40112, 79777, 72939, 82933, 95496]"
112960,"[14681, 105201, 50347, 40787, 41035, 53584, 30651, 103772, 73528, 82750]"
112961,"[108095, 11749, 101711, 72965, 37901, 19872, 87432, 46349, 94587, 24728]"
112962,"[16101, 24080, 798, 95459, 64720, 46970, 60526, 77777, 67671, 26973]"
112963,"[60012, 83935, 9446, 96077, 72504, 60434, 60890, 32821, 45820, 39027]"
112964,"[60631, 42218, 3136, 44606, 38765, 5957, 92045, 48541, 30127, 51364]"
112965,"[93092, 39985, 525, 65614, 107015, 54430, 2938, 71127, 29013, 20114]"
112966,"[105059, 38568, 102503, 46261, 65163, 61595, 23742, 51019, 5937, 41549]"
112967,"[102422, 80923, 32392, 68872, 20543, 34274, 74809, 74383, 67292, 9743]"
112968,"[35253, 98540, 20050, 54172, 53128, 70651, 30005, 69332, 70665, 95753]"
112969,"[47687, 25216, 86654, 14112, 44913, 4459, 6476, 85068, 68697, 103935]"
112970,"[62531, 24492, 104066, 86202, 8324, 73831, 103140, 85184, 92978, 8867]"
112971,"[279, 17087, 27698, 59611, 8485, 55408, 2679, 50346, 51655, 30821]"
112972,"[29525, 84878, 99382, 14961, 28593, 6346, 18072, 5508, 3351, 69583]"
112973,"[91174, 43013, 17196, 103900, 96175, 5706, 12504, 75183, 42173, 34564]"
112974,"[55215, 82708, 55520, 30950, 48832, 16210, 81374, 8684, 34598, 60780]"
112975,"[13674, 82061, 57199, 77066, 24574, 59063, 93637, 48193, 60554, 46985]"
112976,"[64941, 23548, 100961, 59717, 76943, 81996, 70115, 72175, 16575, 46004]"
112977,"[96656, 8552, 15285, 52601, 72511, 40958, 28197, 24064, 17115, 91264]"
112978,"[18443, 8642, 41266, 75094, 77568, 105110, 95591, 32727, 16341, 23843]"
112979,"[5246, 62278, 108839, 2558, 65278, 40703, 57009, 51457, 84429, 32778]"
112980,"[82412, 57858, 107308, 36557, 74492, 75533, 99155, 81595, 61429, 21065]"
112981,"[90817, 9929, 107906, 62776, 16942, 20304, 39484, 19700, 101212, 46885]"
112982,"[47235, 31946, 55717, 37426, 49309, 19699, 74854, 48970, 17013, 28286]"
112983,"[15623, 650, 97691, 24268, 11358, 1684, 108957, 45969, 17202, 92149]"
112984,"[69576, 108553, 20201, 109746, 50279, 84299, 6746, 80998, 76476, 14932]"
112985,"[24508, 32618, 4429, 56207, 72378, 39118, 95555, 20248, 14997, 6028]"
112986,"[42857, 53146, 25178, 58728, 68951, 9683, 41558, 15075, 86681, 82234]"
112987,"[46651, 99640, 63671, 20010, 47762, 102049, 84546, 84289, 58865, 60987]"
112988,"[63641, 88587, 64774, 63961, 16822, 101491, 98475, 84510, 39929, 98142]"
112989,"[28020, 14593, 8742, 27257, 63442, 91596, 19588, 54790, 58019, 93833]"
112990,"[65532, 97152, 56481, 47754, 71007, 75157, 41964, 106021, 36312, 82739]"
112991,"[48157, 22564, 69153, 78674, 58835, 321, 62708, 38299, 34436, 17911]"
112992,"[14100, 4241, 17679, 77800, 99658, 60729, 58711, 88822, 6384, 94348]"
112993,"[61228, 22958, 72432, 69597, 52137, 4953, 70710, 107716, 49440, 33084]"
112994,"[57579, 41007, 77148, 48535, 11100, 67169, 84159, 45464, 45882, 31467]"
112995,"[17004, 93852, 104195, 22412, 31854, 78360, 75998, 81831, 104591, 15829]"
112996,"[8893, 13915, 41306, 85723, 35150, 77188, 58548, 23724, 66914, 91552]"
112997,"[19235, 35456, 100811, 66548, 47572, 53281, 88732, 27292, 60283, 108290]"
112998,"[87704, 107417, 28654, 98240, 59276, 68022, 49848, 82302, 65182, 17164]"
112999,"[70790, 4349, 24128, 105815, 57203, 1052, 23954, 75333, 108887, 55041]"
113000,"[94459, 3158, 1264, 102650, 104829, 74988, 93638, 90570, 50743, 11282]"
113001,"[50435, 75581, 77278, 78365, 24789, 11042, 76733, 69633, 94041, 95948]"
113002,"[41182, 14171, 74026, 33190, 81705, 96786, 61627, 23597, 65633, 7570]"
113003,"[74643, 79273, 91760, 28416, 13847, 85069, 49349, 64241, 80312, 72377]"
113004,"[25055, 78813, 27843, 52988, 49282, 35168, 83308, 98307, 22581, 5433]"
113005,"[93803, 76274, 98579, 91907, 30016, 76313, 104700, 17252, 52053, 99666]"
113006,"[29714, 45569, 15367, 88801, 57545, 87725, 70210, 68129, 26440, 87698]"
113007,"[44100, 3149, 2360, 39740, 49929, 56443, 91390, 106719, 14354, 18153]"
113008,"[69777, 97805, 56489, 37582, 37563, 73577, 71686, 38095, 107044, 14392]"
113009,"[1397, 30612, 23715, 31763, 41426, 80413, 77359, 39339, 86240, 11292]"
113010,"[104767, 88619, 47271, 20700, 37220, 85462, 92451, 47314, 98675, 20507]"
113011,"[27913, 96779, 73905, 33069, 12959, 49154, 38322, 53551, 62599, 72339]"
113012,"[67445, 10161, 2997, 42890, 34388, 77980, 36318, 36225, 22709, 80175]"
113013,"[106301, 22960, 27557, 6061, 58730, 25083, 101729, 86187, 68662, 5437]"
113014,"[76140, 35372, 48320, 47338, 32705, 62986, 73945, 87993, 58048, 80040]"
113015,"[103196, 74002, 29980, 107517, 44512, 100833, 104538, 13078, 40692, 87216]"
113016,"[10119, 40811, 75853, 31012, 43361, 59285, 106621, 56612, 65975, 100483]"
113017,"[41999, 66829, 840, 87373, 33051, 36861, 88375, 108282, 30150, 90256]"
113018,"[101457, 22654, 33750, 27707, 102403, 53191, 100587, 27324, 76902, 69334]"
113019,"[14721, 7717, 18563, 90876, 8722, 47074, 9431, 100521, 816, 95792]"
113020,"[32189, 92812, 37505, 44546, 50202, 84352, 39692, 39213, 7652, 68070]"
113021,"[36421, 77491, 37408, 50464, 49315, 46566, 8254, 61998, 42110, 76443]"
113022,"[98054, 106504, 43564, 29603, 57459, 25712, 107610, 9281, 39641, 75814]"
113023,"[17840, 53941, 72577, 82343, 68430, 42089, 62860, 72612, 90228, 19492]"
113024,"[13763, 1448, 105795, 96046, 66326, 64422, 46185, 37116, 14123, 37681]"
113025,"[73479, 63211, 6880, 93400, 83656, 15027, 48244, 45018, 44596, 103513]"
113026,"[97378, 39368, 29323, 23527, 93493, 12980, 68504, 58444, 63022, 97209]"
113027,"[15912, 25169, 51862, 31690, 103345, 28467, 93924, 104461, 41360, 43457]"
113028,"[43033, 20677, 58930, 94797, 2608, 109402, 54715, 25929, 102139, 63032]"
113029,"[51879, 100628, 2280, 29257, 1762, 51750, 87748, 41797, 18148, 34064]"
113030,"[75522, 17742, 1890, 67138, 42085, 6314, 44289, 105978, 88608, 89349]"
113031,"[49041, 33333, 12396, 25770, 90697, 67045, 51509, 62512, 100747, 64292]"
113032,"[96805, 54797, 22048, 33775, 7657, 97743, 19680, 85095, 27017, 108477]"
113033,"[71700, 45819, 61332, 102918, 54441, 79361, 51018, 32699, 17245, 20324]"
113034,"[62867, 34334, 10328, 12336, 64976, 29996, 1865, 23957, 78628, 1685]"
113035,"[81627, 12212, 54353, 84000, 27472, 21900, 95745, 14697, 19665, 50348]"
113036,"[23399, 10770, 27301, 85380, 50074, 88364, 89027, 84270, 80784, 10044]"
113037,"[53387, 9406, 15304, 105116, 53568, 5224, 99109, 107296, 80804, 31548]"
113038,"[28197, 91264, 95483, 15285, 8552, 105352, 72511, 14197, 569, 42549]"
113039,"[44649, 85459, 77805, 63834, 90432, 11865, 89003, 49620, 99058, 38204]"
113040,"[57686, 101777, 31247, 43643, 53276, 58365, 87112, 35952, 102452, 70098]"
113041,"[74045, 74807, 54994, 87174, 90300, 89127, 26126, 28356, 11116, 11441]"
113042,"[42476, 83569, 32858, 91315, 32063, 45602, 1535, 79655, 104588, 99534]"
113043,"[23806, 74876, 99595, 45739, 27009, 8725, 41961, 107591, 67103, 22839]"
113044,"[28090, 24376, 64302, 2165, 15003, 30251, 7328, 96584, 107277, 33747]"
113045,"[17413, 32183, 101357, 93263, 67808, 48786, 98006, 31283, 66808, 32373]"
113046,"[21764, 40896, 73613, 79211, 33373, 12670, 65160, 78059, 37461, 51949]"
113047,"[4746, 96210, 74815, 68252, 32966, 60086, 43101, 105794, 87486, 33504]"
113048,"[66562, 102037, 6147, 27822, 60010, 532, 28301, 93075, 51979, 91499]"
113049,"[45624, 80779, 108086, 783, 47552, 105579, 33237, 102459, 58618, 2594]"
113050,"[99203, 16663, 62386, 36018, 55419, 44301, 35033, 44415, 96408, 24294]"
113051,"[47946, 55935, 19346, 42749, 7182, 72296, 50897, 49382, 107699, 21649]"
113052,"[109248, 28169, 1411, 67116, 89466, 92819, 46379, 4523, 50804, 54278]"
113053,"[46485, 20689, 56999, 70294, 568, 81582, 89535, 67338, 53878, 633]"
113054,"[91288, 8115, 103370, 55660, 42347, 87779, 16702, 107706, 77672, 94606]"
113055,"[27459, 31545, 25413, 53429, 98481, 58334, 102090, 42111, 108735, 59527]"
113056,"[9432, 50716, 102189, 41012, 21592, 72718, 86164, 64034, 78372, 67956]"
113057,"[87369, 76058, 7835, 103470, 9789, 20201, 39977, 39182, 80791, 26916]"
113058,"[56985, 32401, 63869, 30667, 27491, 7941, 26786, 26669, 5176, 90]"
113059,"[106380, 91598, 57599, 26614, 52171, 103106, 14050, 59123, 63751, 43233]"
113060,"[10555, 77273, 20881, 22366, 52693, 4393, 77517, 91894, 56841, 73208]"
113061,"[13929, 460, 17768, 15537, 6776, 80196, 98209, 84709, 46704, 89170]"
113062,"[46415, 9329, 15495, 35771, 64107, 104013, 48359, 107386, 101825, 33804]"
113063,"[101611, 102268, 21441, 28399, 44068, 6335, 64973, 9351, 73353, 62138]"
113064,"[29515, 21710, 32421, 46300, 25579, 83132, 92829, 1287, 82234, 38002]"
113065,"[48291, 96647, 90568, 18206, 11640, 91868, 31319, 25047, 77324, 60064]"
113066,"[90954, 58731, 26606, 41027, 34433, 42249, 22990, 61923, 5152, 71398]"
113067,"[82218, 48940, 38195, 32580, 102025, 52041, 60175, 11838, 66432, 3320]"
113068,"[52737, 38567, 92825, 15132, 58904, 70995, 63791, 59086, 90940, 1473]"
113069,"[80145, 20617, 78973, 67078, 24299, 97970, 25870, 44950, 25324, 73297]"
113070,"[33202, 43436, 77881, 39650, 11771, 26972, 67797, 65950, 56061, 59758]"
113071,"[40245, 83572, 23689, 43261, 66637, 41965, 73800, 3481, 20055, 2804]"
113072,"[78965, 17873, 84489, 10127, 56407, 11723, 62064, 82701, 101178, 4077]"
113073,"[62218, 40958, 64636, 68311, 95483, 35872, 15285, 8552, 105352, 93303]"
113074,"[35022, 45416, 75016, 47911, 68299, 107563, 82059, 68702, 45786, 26007]"
113075,"[4462, 7470, 92029, 13468, 23983, 19796, 101400, 27331, 55553, 89132]"
113076,"[91748, 31325, 89140, 18446, 16632, 33644, 71777, 66109, 105996, 93652]"
113077,"[70078, 4447, 11112, 95686, 87515, 35031, 86533, 52815, 51602, 70547]"
113078,"[17574, 69485, 5693, 28898, 39542, 64726, 82319, 73142, 101748, 95534]"
113079,"[92702, 19186, 70037, 31633, 104798, 102387, 36005, 11335, 15757, 104641]"
113080,"[76652, 33098, 96287, 81812, 107150, 20553, 97269, 54170, 103153, 44084]"
113081,"[101457, 21671, 55616, 55495, 27707, 101977, 22634, 92974, 54483, 15616]"
113082,"[17730, 93494, 58758, 49657, 41913, 108370, 107894, 71383, 98291, 62893]"
113083,"[16272, 106030, 64478, 105669, 101789, 41185, 106363, 70619, 17937, 38303]"
113084,"[17721, 101730, 24145, 20805, 21930, 102054, 36972, 21253, 40908, 78340]"
113085,"[85491, 42592, 16361, 106175, 37717, 78027, 60176, 92925, 46032, 54665]"
113086,"[21634, 85817, 11019, 101805, 97861, 34583, 33410, 36159, 60066, 46442]"
113087,"[84960, 71722, 82029, 82167, 40113, 99353, 62371, 28811, 88478, 42893]"
113088,"[31538, 70457, 60848, 45683, 28213, 4860, 96577, 45954, 34448, 58013]"
113089,"[102183, 49410, 21941, 105343, 71221, 39538, 46243, 49717, 48619, 67869]"
113090,"[108404, 32321, 85920, 47637, 16710, 89647, 49427, 18328, 97915, 36066]"
113091,"[104637, 47442, 97681, 61413, 103075, 41162, 30243, 101774, 58026, 95838]"
113092,"[104494, 59085, 87191, 13027, 2279, 106814, 104175, 56607, 25316, 44716]"
113093,"[30509, 81416, 88962, 99811, 20264, 96222, 97459, 47010, 1731, 99532]"
113094,"[9556, 58795, 59501, 83756, 9774, 59588, 34286, 74257, 66016, 92306]"
113095,"[26494, 76994, 81454, 59281, 104692, 77536, 54839, 28689, 4548, 71331]"
113096,"[19495, 104657, 8086, 29681, 65875, 31322, 57525, 19444, 35758, 39576]"
113097,"[37955, 34885, 94703, 39997, 92797, 76425, 9538, 98962, 74062, 104295]"
113098,"[7284, 101253, 56788, 94422, 6315, 48452, 67350, 20359, 55825, 2341]"
113099,"[108366, 80269, 55150, 82728, 19191, 103136, 64050, 25497, 104359, 38747]"
113100,"[100591, 103872, 17539, 89295, 6710, 7737, 106130, 35810, 54346, 95402]"
113101,"[12842, 61906, 67013, 74804, 40160, 50152, 34460, 33866, 4608, 102755]"
113102,"[55153, 45004, 52921, 45685, 79313, 79661, 107762, 60746, 107955, 66812]"
113103,"[44522, 97256, 42635, 43070, 23349, 107718, 51284, 54139, 62745, 6948]"
113104,"[29269, 92334, 37035, 42008, 74299, 80625, 41956, 43419, 66278, 20598]"
113105,"[59906, 99019, 29740, 65608, 69519, 85064, 106635, 21989, 54114, 101355]"
113106,"[45498, 29902, 39874, 77343, 84522, 78677, 45414, 2554, 76805, 43417]"
113107,"[34963, 89285, 46751, 49863, 94610, 2928, 14474, 83542, 53074, 5593]"
113108,"[49807, 70192, 40728, 14125, 70158, 11435, 51207, 17815, 8901, 58852]"
113109,"[54081, 21041, 85073, 60258, 79035, 82340, 72785, 104603, 13275, 37215]"
113110,"[45522, 9302, 45128, 47890, 14726, 37869, 9534, 17437, 90104, 92098]"
113111,"[93236, 64319, 96832, 52362, 35022, 98430, 27312, 7661, 12030, 22043]"
113112,"[103933, 49409, 67007, 42930, 70971, 33320, 47343, 58648, 50509, 69637]"
113113,"[55613, 92108, 1622, 108363, 79858, 84649, 67366, 78998, 59999, 17135]"
113114,"[92677, 24474, 78950, 63119, 3013, 54782, 59210, 49747, 62122, 42030]"
113115,"[49990, 98196, 94507, 35108, 99379, 82246, 47147, 106570, 41508, 66947]"
113116,"[18734, 41739, 18434, 94266, 102942, 88536, 64726, 102456, 27886, 109656]"
113117,"[84083, 1795, 60247, 77381, 54022, 43160, 93161, 65629, 101311, 38445]"
113118,"[92912, 5714, 102872, 92975, 38760, 60808, 74728, 33505, 74084, 32204]"
113119,"[107009, 39179, 49885, 86297, 64092, 46397, 8143, 25512, 57278, 84301]"
113120,"[80132, 18492, 8605, 8129, 69354, 33895, 83268, 100560, 5691, 38746]"
113121,"[74398, 88285, 57931, 40636, 42657, 53937, 86798, 50379, 6374, 68307]"
113122,"[33705, 56269, 10434, 52703, 61531, 69123, 77693, 47398, 93104, 66360]"
113123,"[75872, 60392, 48568, 14175, 66555, 25711, 35430, 98570, 74843, 58769]"
113124,"[50064, 2284, 99883, 26901, 1151, 49921, 79380, 39667, 74380, 108407]"
113125,"[18730, 92790, 99133, 13059, 8951, 49350, 76541, 89775, 108658, 27395]"
113126,"[77335, 72107, 76389, 17750, 6788, 24798, 57534, 35245, 49638, 58743]"
113127,"[10551, 45754, 56012, 17189, 43501, 81176, 1053, 98995, 74937, 84132]"
113128,"[94293, 73583, 109524, 29450, 73863, 32200, 45590, 60424, 109470, 21501]"
113129,"[30306, 56051, 7131, 48686, 61956, 37522, 62942, 35946, 107146, 64824]"
113130,"[105959, 75998, 100597, 77237, 22412, 31854, 95001, 44568, 107584, 87641]"
113131,"[37516, 22949, 18835, 1682, 108996, 5774, 19181, 47914, 95019, 105790]"
113132,"[82371, 88939, 72657, 62924, 31727, 50020, 75964, 88796, 5617, 83751]"
113133,"[17997, 13771, 30749, 109516, 84828, 105751, 81699, 76960, 55371, 4462]"
113134,"[38548, 68053, 98073, 102543, 39963, 23813, 86793, 20704, 79934, 79874]"
113135,"[76166, 18942, 4189, 63262, 66180, 6165, 25993, 66318, 107889, 102531]"
113136,"[98349, 30983, 101155, 31451, 103488, 37702, 14787, 63868, 5314, 28194]"
113137,"[13792, 17282, 19051, 101913, 55794, 77463, 43026, 48550, 62540, 21372]"
113138,"[72518, 55565, 40924, 97260, 47903, 52540, 66472, 69435, 82403, 8985]"
113139,"[65717, 94241, 21137, 81586, 82695, 109390, 43955, 28127, 17861, 76289]"
113140,"[99076, 13376, 71106, 5955, 50236, 80535, 44840, 107401, 47550, 77922]"
113141,"[42129, 17053, 65723, 50808, 49670, 32433, 2443, 95306, 73864, 3857]"
113142,"[73109, 79193, 108055, 45995, 55791, 80682, 9816, 108749, 3478, 12979]"
113143,"[98690, 19249, 20948, 97258, 40415, 54508, 79635, 5762, 8906, 37319]"
113144,"[64163, 95821, 46110, 36790, 68271, 36062, 16390, 98359, 21444, 54197]"
113145,"[25529, 94414, 26575, 68057, 95047, 91435, 99985, 29220, 78606, 104083]"
113146,"[55905, 42004, 105645, 66599, 9984, 26527, 48020, 34343, 32041, 13395]"
113147,"[33084, 100089, 47128, 52181, 834, 103984, 32269, 19397, 95463, 32251]"
113148,"[106085, 45750, 42942, 80648, 58039, 68663, 90072, 95332, 74033, 56746]"
113149,"[33454, 30203, 94341, 94022, 4397, 13057, 57314, 38553, 28001, 73420]"
113150,"[4276, 19366, 98140, 73993, 109437, 95086, 2224, 8853, 77704, 52634]"
113151,"[40698, 22041, 24494, 66447, 60239, 93510, 98242, 35298, 30128, 52087]"
113152,"[79476, 12969, 91968, 45577, 95788, 94118, 93497, 15498, 18018, 23215]"
113153,"[73722, 47228, 8544, 36274, 109267, 85337, 68655, 80443, 12295, 61270]"
113154,"[50024, 92600, 30992, 52735, 101322, 55406, 55093, 51741, 100358, 70337]"
113155,"[21170, 64284, 82543, 32887, 98441, 41226, 72128, 72723, 47618, 49724]"
113156,"[39698, 100580, 46856, 27880, 26236, 41555, 94053, 106381, 6483, 59810]"
113157,"[80654, 76335, 65045, 6227, 38509, 51706, 13750, 17568, 89114, 48864]"
113158,"[46583, 4231, 27852, 89139, 11053, 105067, 47346, 35479, 106652, 49992]"
113159,"[89589, 88077, 11059, 5626, 53771, 24525, 4103, 88601, 32995, 86119]"
113160,"[61174, 32409, 8066, 104976, 5651, 102433, 6543, 84819, 38155, 65940]"
113161,"[100438, 28094, 10326, 97758, 6081, 68388, 96262, 21535, 61402, 275]"
113162,"[90077, 42345, 16314, 51299, 97704, 82941, 109456, 18573, 83367, 79359]"
113163,"[91305, 10775, 109588, 101711, 6579, 108375, 58455, 23166, 486, 25161]"
113164,"[69151, 59947, 30582, 26477, 86799, 17200, 103000, 97550, 90792, 86469]"
113165,"[88733, 73551, 20825, 63937, 109115, 16798, 34051, 14182, 13620, 37291]"
113166,"[22295, 61545, 4731, 96942, 45460, 44464, 10233, 50484, 32978, 33768]"
113167,"[75092, 77614, 32737, 83335, 43694, 69122, 72000, 21031, 75065, 30382]"
113168,"[54693, 105820, 89871, 71185, 10238, 71125, 43520, 61158, 65688, 54708]"
113169,"[70940, 13878, 11344, 31060, 8013, 90916, 83975, 91161, 51370, 22937]"
113170,"[104802, 15400, 39166, 84802, 87502, 81075, 100362, 31639, 65844, 54140]"
113171,"[19549, 39110, 89769, 50076, 53951, 29569, 54738, 65341, 13682, 14969]"
113172,"[44523, 25314, 108399, 99049, 94048, 10016, 64175, 55758, 15238, 45961]"
113173,"[100869, 44141, 79317, 48330, 100346, 365, 104558, 78677, 39919, 102781]"
113174,"[41386, 10261, 20828, 54843, 49786, 80642, 93108, 28435, 65189, 100936]"
113175,"[96843, 1047, 84382, 56074, 93988, 59689, 40048, 88408, 95183, 48662]"
113176,"[9979, 87218, 87649, 24402, 37804, 2727, 74794, 93377, 28667, 33057]"
113177,"[4638, 79588, 69097, 98983, 91219, 2550, 57721, 74941, 93102, 3790]"
113178,"[10496, 62685, 56599, 88635, 92037, 84274, 96495, 106179, 55728, 19722]"
113179,"[106447, 94959, 103936, 33910, 86353, 66093, 15465, 106825, 42365, 64144]"
113180,"[83259, 68545, 67102, 81919, 21459, 72937, 49649, 77640, 51154, 103795]"
113181,"[5472, 49685, 63732, 90107, 72376, 31298, 43156, 15579, 47599, 49135]"
113182,"[14153, 91463, 51479, 19533, 15409, 55592, 93647, 50198, 25767, 16302]"
113183,"[103443, 84051, 16174, 91292, 9558, 100719, 84222, 75301, 9811, 38273]"
113184,"[36888, 34992, 2165, 48195, 48538, 4891, 75626, 75607, 24914, 79428]"
113185,"[19107, 37819, 6205, 103886, 61427, 65937, 18705, 19028, 87903, 58462]"
113186,"[75699, 75319, 32373, 61273, 7096, 15415, 95238, 11882, 86291, 79079]"
113187,"[38962, 32611, 97595, 92705, 107245, 50581, 96991, 28697, 5994, 4653]"
113188,"[45137, 2473, 84657, 81838, 57476, 71731, 87898, 33263, 49254, 93534]"
113189,"[22610, 56945, 33466, 102132, 73437, 48504, 14861, 84540, 10449, 43506]"
113190,"[62969, 23291, 93830, 67621, 34966, 82897, 102617, 31452, 72962, 75547]"
113191,"[72694, 4383, 85756, 67010, 27228, 102371, 53237, 56416, 82715, 97100]"
113192,"[78121, 22254, 100073, 34613, 43845, 14765, 52958, 35944, 32537, 50154]"
113193,"[104620, 50755, 33579, 45917, 35545, 79707, 55809, 636, 76345, 82859]"
113194,"[9090, 7377, 35136, 19149, 99085, 70240, 32575, 16787, 96976, 27315]"
113195,"[91902, 92252, 10110, 43217, 74786, 15391, 87659, 76685, 4287, 102205]"
113196,"[87009, 36005, 104641, 88918, 27174, 77585, 67522, 109628, 66351, 102915]"
113197,"[33782, 95327, 56487, 34480, 14168, 101555, 77992, 16259, 100317, 57921]"
113198,"[29250, 92766, 91089, 65799, 22356, 7231, 54948, 52945, 66921, 77852]"
113199,"[10539, 75449, 3888, 18628, 65378, 28023, 94740, 99730, 16987, 67058]"
113200,"[100780, 102647, 35008, 17701, 107904, 41016, 522, 21697, 28082, 47151]"
113201,"[103178, 30464, 29413, 27513, 11187, 9743, 102688, 33270, 89497, 34274]"
113202,"[36254, 1481, 80533, 107138, 20466, 3227, 36344, 38569, 7220, 63693]"
113203,"[30813, 74781, 61281, 107761, 41702, 56339, 86343, 4994, 39815, 73480]"
113204,"[3656, 46933, 64393, 35120, 7100, 45402, 51819, 105721, 32988, 27018]"
113205,"[37683, 44546, 39213, 32505, 33222, 32189, 56315, 71267, 86027, 73738]"
113206,"[90323, 35354, 73422, 19084, 78014, 38897, 56287, 70444, 14749, 59456]"
113207,"[97088, 16097, 107059, 79168, 52783, 2326, 51329, 55917, 12808, 99419]"
113208,"[99645, 2774, 103520, 56608, 107459, 24037, 62450, 50810, 50908, 7624]"
113209,"[67282, 17753, 3233, 104522, 87346, 91045, 46300, 18404, 47033, 96791]"
113210,"[65054, 54200, 5096, 1554, 38418, 75926, 36413, 59721, 32747, 8192]"
113211,"[974, 18019, 90054, 52058, 44066, 70517, 96363, 25924, 88921, 40884]"
113212,"[67591, 61334, 84568, 101431, 98356, 68196, 60895, 53354, 71656, 17719]"
113213,"[66185, 14421, 76873, 74168, 96109, 51737, 38321, 68453, 20291, 35809]"
113214,"[69794, 31265, 82104, 100362, 99826, 105287, 61907, 25884, 34559, 82469]"
113215,"[78442, 99737, 3949, 42925, 30686, 41631, 51981, 74473, 103931, 60279]"
113216,"[13226, 60049, 33141, 72565, 13434, 62157, 24357, 7377, 93898, 11695]"
113217,"[9316, 30327, 48716, 5232, 66759, 3716, 2090, 37636, 59253, 96962]"
113218,"[77718, 78197, 32601, 62286, 11080, 29025, 100478, 36993, 1392, 40418]"
113219,"[62295, 2403, 47465, 107590, 85313, 90127, 13596, 12353, 95250, 15394]"
113220,"[54409, 87682, 91152, 38424, 56750, 17969, 61319, 88461, 76751, 50160]"
113221,"[60667, 11300, 29914, 52056, 20712, 92223, 54753, 5758, 80154, 77911]"
113222,"[74109, 107963, 51592, 46807, 33443, 49176, 233, 92839, 96533, 10049]"
113223,"[15606, 61534, 80761, 38756, 55081, 74930, 58263, 40018, 109775, 36073]"
113224,"[1374, 99296, 91739, 23113, 105136, 96114, 13437, 54568, 28237, 72663]"
113225,"[33749, 57055, 13408, 23950, 100987, 72928, 101912, 99045, 29832, 68522]"
113226,"[107858, 49899, 54593, 93251, 106308, 28080, 109772, 55818, 16305, 66851]"
113227,"[62975, 103898, 10860, 96628, 65796, 33388, 15650, 58686, 48834, 75542]"
113228,"[46339, 37233, 3342, 26894, 15700, 72272, 24776, 55192, 98145, 35463]"
113229,"[97335, 92974, 25305, 75618, 54483, 57467, 105534, 82022, 58148, 95237]"
113230,"[13326, 105541, 91812, 89809, 62975, 107280, 48834, 81222, 13243, 1516]"
113231,"[15662, 92391, 29988, 22977, 97515, 7119, 78862, 10531, 72427, 101694]"
113232,"[94917, 10219, 60015, 55496, 88332, 82368, 107200, 8331, 31178, 54822]"
113233,"[50, 78352, 65938, 77094, 36893, 59698, 60901, 13302, 10329, 8758]"
113234,"[31286, 92728, 39848, 84466, 87933, 40892, 28518, 84613, 108210, 47316]"
113235,"[72496, 69030, 14436, 89653, 71850, 36900, 72763, 50468, 50038, 13878]"
113236,"[79248, 14035, 49939, 27092, 51840, 30435, 13719, 10256, 70288, 107273]"
113237,"[95065, 10953, 105043, 18708, 89868, 52812, 95684, 21152, 82771, 25591]"
113238,"[74997, 42752, 21481, 109033, 83146, 53229, 106855, 77632, 107535, 6191]"
113239,"[107511, 47596, 18495, 69183, 74845, 98740, 65993, 3044, 87876, 60035]"
113240,"[32167, 59847, 90516, 53545, 16158, 68717, 5134, 67914, 1901, 18439]"
113241,"[62412, 103808, 102335, 21837, 102631, 5840, 96503, 19441, 93965, 61493]"
113242,"[27508, 52033, 57707, 109135, 46724, 106517, 47641, 66761, 29340, 24019]"
113243,"[12694, 43363, 101987, 28977, 46158, 5662, 54356, 81497, 34327, 107534]"
113244,"[84290, 14474, 28580, 53332, 49739, 107722, 97403, 52724, 93316, 13547]"
113245,"[59412, 10687, 95901, 49503, 75544, 95819, 26842, 54634, 19110, 8297]"
113246,"[41607, 64589, 92231, 6852, 52855, 89560, 91638, 99250, 3463, 96147]"
113247,"[75519, 7674, 87778, 48345, 60436, 66860, 39003, 96668, 20096, 92669]"
113248,"[26135, 81514, 109273, 95802, 29351, 85499, 104223, 40017, 80803, 72634]"
113249,"[66468, 74718, 89328, 2030, 48633, 57827, 25651, 78966, 100380, 86425]"
113250,"[42513, 93247, 57321, 24859, 75569, 67285, 78668, 40540, 24033, 60322]"
113251,"[23324, 96958, 11919, 64289, 91119, 34348, 10273, 108190, 45496, 24653]"
113252,"[76176, 19181, 2724, 32334, 61594, 99721, 1557, 99327, 66696, 19167]"
113253,"[4618, 89012, 50489, 6744, 57593, 66219, 53323, 50724, 34136, 8200]"
113254,"[91640, 106089, 105710, 33330, 3132, 80719, 21636, 3756, 83346, 50073]"
113255,"[35337, 79771, 17643, 53358, 8784, 44271, 87367, 26655, 6111, 87750]"
113256,"[108646, 21365, 53026, 42860, 11663, 81343, 7771, 32085, 44181, 25545]"
113257,"[16140, 102087, 9650, 82101, 19787, 47614, 14929, 16776, 23716, 62012]"
113258,"[54598, 36639, 79532, 37273, 42779, 4848, 92966, 75817, 92390, 40902]"
113259,"[21718, 65203, 39150, 108452, 51833, 43096, 94233, 8299, 20033, 53168]"
113260,"[15884, 74177, 95647, 42224, 37161, 29606, 20138, 30447, 88124, 44154]"
113261,"[96398, 99012, 105456, 6577, 98741, 102450, 34363, 34572, 98187, 14716]"
113262,"[359, 38335, 24390, 83183, 29057, 39942, 54919, 59122, 36797, 27249]"
113263,"[46315, 58395, 35257, 47819, 46702, 58095, 17637, 97949, 35060, 44305]"
113264,"[82751, 89851, 33000, 96851, 4105, 5601, 106075, 108935, 70922, 26307]"
113265,"[34262, 89191, 20848, 109261, 87435, 60804, 40060, 68844, 102034, 26482]"
113266,"[61363, 5723, 36810, 87748, 80861, 71966, 62171, 40101, 47959, 6588]"
113267,"[74302, 34442, 34638, 44696, 44371, 42623, 30338, 49606, 73658, 78511]"
113268,"[88903, 92961, 36450, 80636, 47978, 63938, 31645, 19702, 98720, 104781]"
113269,"[20586, 20214, 84436, 45016, 30502, 54960, 102455, 46816, 28908, 44206]"
113270,"[105246, 107265, 2096, 41045, 22377, 2439, 89969, 61259, 55254, 42320]"
113271,"[63012, 9567, 103431, 32441, 53482, 657, 20713, 71354, 42463, 96487]"
113272,"[106928, 69057, 39198, 105887, 91690, 65758, 69793, 66237, 16559, 42052]"
113273,"[100369, 77349, 31595, 2695, 63359, 26453, 3647, 24727, 93241, 107220]"
113274,"[50535, 48759, 5162, 95252, 94854, 94536, 1771, 102616, 38003, 35447]"
113275,"[30512, 103504, 5971, 21226, 22744, 3549, 13594, 40237, 35041, 96815]"
113276,"[44419, 8974, 93285, 39310, 59554, 21301, 81543, 83594, 72829, 88138]"
113277,"[83007, 66080, 65868, 10939, 37699, 6047, 4158, 23657, 19643, 104121]"
113278,"[56151, 76045, 26660, 58052, 7500, 75137, 32282, 97499, 57050, 104067]"
113279,"[14873, 55007, 62106, 79684, 52654, 21406, 91405, 12384, 16019, 69345]"
113280,"[44537, 35651, 82997, 2653, 65665, 93706, 67533, 107615, 832, 94739]"
113281,"[51808, 47402, 7676, 95550, 63717, 82151, 45290, 16390, 90729, 80095]"
113282,"[31227, 67220, 85773, 91230, 63708, 84989, 76468, 72739, 12642, 55372]"
113283,"[3736, 82533, 10275, 69292, 2608, 106769, 3179, 39550, 55629, 22196]"
113284,"[104833, 100718, 89377, 61406, 58848, 74028, 83952, 71369, 1618, 60037]"
113285,"[75578, 9949, 38709, 17619, 98183, 56491, 13311, 38022, 49785, 49042]"
113286,"[47151, 10678, 52585, 45974, 25959, 100780, 4850, 27646, 101429, 103672]"
113287,"[86552, 29919, 37710, 40901, 60334, 21982, 9635, 71184, 10970, 31113]"
113288,"[42529, 7600, 97783, 98311, 103287, 4366, 82483, 79372, 105408, 91263]"
113289,"[47132, 63421, 41211, 31125, 11807, 106129, 91447, 12210, 45980, 35930]"
113290,"[95921, 25788, 56037, 50797, 104688, 66966, 26746, 8986, 86711, 81509]"
113291,"[64174, 41513, 4702, 109221, 69781, 55142, 100896, 59737, 102163, 65631]"
113292,"[8401, 93865, 56426, 14154, 36476, 11732, 101924, 5897, 77450, 59912]"
113293,"[84385, 93648, 36878, 16197, 8114, 99767, 105013, 76241, 29770, 57985]"
113294,"[28103, 29361, 101900, 6335, 22499, 58047, 31390, 64844, 97373, 29165]"
113295,"[64921, 58264, 65787, 17067, 3194, 45228, 39588, 102198, 54419, 6438]"
113296,"[70362, 91601, 85330, 103547, 17752, 39490, 25968, 96263, 19622, 90756]"
113297,"[30235, 100349, 75425, 92055, 41839, 50444, 4456, 82505, 53362, 44700]"
113298,"[19615, 49110, 103709, 959, 79026, 21643, 43907, 74025, 64537, 84185]"
113299,"[85289, 75412, 57043, 107067, 55699, 38400, 98249, 21467, 47609, 64383]"
113300,"[2749, 62083, 13677, 35089, 26642, 94589, 88558, 83275, 107163, 72752]"
113301,"[18261, 4188, 104484, 47147, 84198, 30002, 10240, 63204, 6265, 6833]"
113302,"[26947, 24041, 17834, 10489, 5444, 26473, 30592, 12155, 25211, 48196]"
113303,"[25973, 12945, 15224, 676, 93343, 78390, 46896, 21991, 88231, 107097]"
113304,"[5687, 99237, 53861, 108015, 6274, 81209, 88631, 87900, 19630, 36706]"
113305,"[106683, 92224, 31936, 20090, 95593, 85816, 26721, 108471, 101129, 61169]"
113306,"[47065, 48005, 62470, 4990, 40127, 37042, 12411, 42319, 20981, 934]"
113307,"[56611, 55513, 100006, 98487, 109634, 104668, 32679, 87116, 62310, 63712]"
113308,"[80151, 12662, 7190, 13157, 72273, 104648, 95746, 64132, 107668, 80975]"
113309,"[72625, 16689, 104921, 109310, 108803, 56098, 7979, 83752, 103246, 2385]"
113310,"[72117, 70389, 104454, 97184, 11869, 50872, 67351, 52757, 38992, 19158]"
113311,"[57218, 76777, 49547, 81494, 59446, 63825, 79517, 79737, 22829, 70802]"
113312,"[44980, 89900, 67617, 82450, 56936, 31065, 73719, 44810, 15509, 61845]"
113313,"[37505, 32189, 92812, 720, 9096, 29252, 92006, 2265, 101123, 77006]"
113314,"[70917, 38355, 65800, 20582, 107103, 84006, 31473, 13430, 85958, 97389]"
113315,"[84940, 71973, 44515, 41194, 75344, 35757, 75608, 52321, 29405, 94498]"
113316,"[82135, 76031, 40602, 96174, 105712, 92908, 75, 64965, 17895, 34544]"
113317,"[49606, 34225, 47598, 74302, 34442, 105323, 22351, 83654, 35574, 76780]"
113318,"[59377, 35036, 25346, 74980, 16517, 16994, 94428, 101001, 89544, 66434]"
113319,"[8465, 13393, 82033, 72140, 36848, 4007, 42893, 84837, 19696, 79835]"
113320,"[7368, 78459, 98658, 66867, 12542, 26286, 4905, 105159, 36106, 80157]"
113321,"[1864, 93513, 40564, 106261, 27164, 97333, 100080, 95126, 9433, 108356]"
113322,"[37163, 53355, 79939, 68071, 100915, 107358, 89700, 27698, 3012, 70594]"
113323,"[18710, 43817, 39289, 39468, 6950, 56790, 66173, 79512, 4859, 3657]"
113324,"[36025, 441, 73558, 104215, 96994, 84099, 67319, 27943, 97538, 51049]"
113325,"[105112, 48306, 86819, 21563, 92135, 34207, 471, 32914, 33274, 55437]"
113326,"[61837, 96272, 103828, 40324, 88170, 24117, 72944, 85789, 106207, 69835]"
113327,"[12680, 15697, 29581, 77940, 108367, 50501, 17067, 3194, 37565, 58286]"
113328,"[84217, 105705, 88792, 11913, 72682, 960, 11875, 32993, 8609, 84725]"
113329,"[65449, 855, 55675, 94855, 62435, 33696, 17269, 77116, 108093, 3059]"
113330,"[46200, 48393, 64208, 83536, 60844, 104103, 58594, 55959, 63202, 29201]"
113331,"[91824, 22868, 84127, 90213, 36226, 56649, 99119, 73147, 14065, 107570]"
113332,"[28380, 26161, 14104, 47715, 98623, 102571, 31372, 73145, 109609, 46695]"
113333,"[21935, 4664, 54520, 97162, 82080, 5911, 63714, 40642, 35537, 81960]"
113334,"[72875, 58251, 50638, 104515, 9604, 8667, 28904, 99220, 48016, 55290]"
113335,"[31416, 106877, 6264, 25662, 7586, 106071, 5650, 86685, 64850, 29510]"
113336,"[33930, 52177, 55278, 66604, 51114, 24692, 87462, 94220, 6532, 19324]"
113337,"[98995, 74937, 59295, 105759, 29717, 89627, 26695, 41131, 62028, 62805]"
113338,"[95690, 23897, 107682, 109021, 76748, 54587, 4220, 1234, 21141, 42206]"
113339,"[55770, 19233, 44660, 93691, 71657, 104313, 44423, 70680, 53614, 9687]"
113340,"[23949, 33113, 30670, 84254, 37213, 56273, 85417, 3807, 36196, 64878]"
113341,"[45462, 68347, 41296, 23667, 103293, 92126, 26819, 21335, 47879, 31785]"
113342,"[67767, 29225, 98811, 84938, 40278, 11068, 103949, 69924, 84352, 50202]"
113343,"[85460, 43549, 104746, 41763, 85440, 21439, 75712, 35526, 71365, 105694]"
113344,"[27916, 49907, 8410, 33629, 45305, 81393, 100301, 65867, 88736, 105684]"
113345,"[14078, 74755, 38495, 109640, 4019, 33277, 99446, 103238, 61006, 40089]"
113346,"[93434, 67005, 106889, 105456, 14161, 9844, 105355, 75195, 53684, 67012]"
113347,"[75239, 108940, 23237, 84456, 94462, 50570, 86548, 37743, 92124, 14717]"
113348,"[55918, 1418, 84295, 9663, 30852, 81684, 482, 87630, 949, 99656]"
113349,"[3509, 25791, 100214, 87258, 108824, 74564, 21992, 107606, 58421, 76663]"
113350,"[54075, 32313, 23970, 51214, 84960, 71063, 25737, 95040, 92995, 77634]"
113351,"[62307, 91855, 71920, 88674, 60157, 31710, 108053, 20954, 106455, 51384]"
113352,"[92963, 24240, 92444, 2101, 70829, 35686, 66576, 77608, 9862, 16799]"
113353,"[37771, 55407, 108274, 31404, 97730, 31506, 51815, 98096, 37227, 101827]"
113354,"[97084, 86144, 56334, 87193, 6736, 84309, 59405, 79316, 10546, 69522]"
113355,"[93549, 184, 93643, 85162, 73097, 17847, 33338, 103224, 55242, 98763]"
113356,"[61814, 7504, 55176, 98722, 53766, 87669, 50655, 105497, 79363, 83286]"
113357,"[17225, 57860, 73587, 91311, 89353, 19073, 61198, 106406, 40791, 5748]"
113358,"[90956, 93235, 80803, 72634, 77341, 78313, 51895, 29351, 44489, 26135]"
113359,"[46279, 76481, 27697, 81832, 27110, 20396, 65078, 14640, 81837, 108064]"
113360,"[27504, 41428, 49894, 72848, 20616, 78074, 84375, 73489, 109361, 87675]"
113361,"[37469, 8851, 109339, 60904, 23666, 616, 9153, 85994, 106793, 31061]"
113362,"[60822, 48472, 88443, 34884, 104899, 62008, 90152, 56823, 68975, 57354]"
113363,"[75441, 54728, 97054, 58139, 16533, 78059, 37461, 29293, 58116, 45258]"
113364,"[2276, 63433, 67750, 61696, 18901, 28398, 97094, 28274, 21288, 66985]"
113365,"[1549, 99270, 6877, 27971, 10370, 106360, 39160, 35286, 68895, 99893]"
113366,"[78628, 34334, 42362, 106739, 12336, 31890, 45902, 1685, 13987, 19109]"
113367,"[78426, 14591, 10039, 93490, 33851, 28938, 48116, 2415, 5137, 81635]"
113368,"[59876, 4280, 95258, 64330, 103737, 32473, 53819, 36611, 70582, 14145]"
113369,"[29122, 70298, 20343, 60294, 85544, 84554, 25582, 46934, 108835, 33768]"
113370,"[95817, 68556, 101588, 16050, 98009, 98807, 71091, 30280, 7064, 51419]"
113371,"[52427, 61435, 44710, 93221, 4487, 100419, 99990, 63381, 28799, 60834]"
113372,"[21882, 84597, 58167, 90260, 97949, 86524, 12083, 66236, 44064, 17637]"
113373,"[37476, 41704, 40478, 37272, 37367, 102951, 79067, 82020, 92740, 88288]"
113374,"[52558, 44220, 62112, 9934, 11184, 92701, 90825, 65260, 12748, 56454]"
113375,"[72667, 68521, 62864, 66008, 83995, 73651, 38648, 41316, 89095, 3014]"
113376,"[52070, 100295, 4920, 20383, 49370, 87906, 82699, 22406, 12674, 100755]"
113377,"[42127, 32379, 23674, 41923, 101036, 22561, 4340, 46122, 54548, 20585]"
113378,"[78420, 2375, 104632, 104303, 39301, 70398, 83414, 41400, 63595, 16276]"
113379,"[86066, 5203, 39488, 50450, 21938, 39616, 78065, 70582, 1727, 54397]"
113380,"[16831, 104744, 105875, 83956, 28168, 107090, 52665, 96873, 77205, 13363]"
113381,"[47619, 2373, 63319, 89106, 1874, 57910, 70428, 53522, 40241, 46377]"
113382,"[59976, 73996, 45237, 54468, 65045, 38198, 3927, 96878, 47275, 66593]"
113383,"[20719, 27865, 66700, 20226, 94741, 33587, 68461, 104502, 18668, 3640]"
113384,"[39345, 31310, 78804, 23408, 107161, 75889, 97520, 92642, 83796, 18246]"
113385,"[48423, 70980, 34360, 102635, 14529, 74905, 32901, 34198, 44958, 77691]"
113386,"[82320, 41709, 54940, 77728, 34531, 90142, 55427, 73486, 58875, 66117]"
113387,"[46858, 34120, 32218, 3009, 22373, 57030, 10953, 16255, 11266, 45633]"
113388,"[21903, 42256, 8981, 4221, 44790, 57769, 37652, 76809, 13383, 56009]"
113389,"[101880, 101900, 72445, 107730, 22499, 48024, 70725, 33620, 72279, 100299]"
113390,"[64713, 81032, 94773, 47417, 23977, 42541, 77764, 34920, 35176, 108708]"
113391,"[45950, 97524, 87949, 13248, 63230, 38620, 109240, 30115, 58925, 55075]"
113392,"[39542, 46353, 69485, 46891, 3991, 17574, 67846, 28898, 28761, 74562]"
113393,"[7073, 51105, 87960, 67828, 4031, 56142, 69554, 66391, 15239, 61432]"
113394,"[25544, 108558, 15506, 6222, 56321, 4083, 45695, 38055, 97091, 55015]"
113395,"[53052, 32712, 83915, 107902, 21856, 43509, 43174, 82310, 100409, 67392]"
113396,"[14903, 92496, 107994, 96433, 8579, 14811, 67577, 29760, 45382, 99794]"
113397,"[11495, 22134, 104935, 44005, 54603, 53068, 23483, 31685, 2865, 79560]"
113398,"[105570, 85885, 71900, 82399, 50708, 99298, 52281, 15595, 44792, 9131]"
113399,"[88310, 66681, 1976, 7474, 9037, 46243, 73526, 57570, 99362, 25746]"
113400,"[78461, 9403, 19858, 8879, 73637, 31026, 67553, 40088, 71838, 81099]"
113401,"[21042, 58987, 12508, 99756, 94435, 47540, 45620, 95102, 87083, 96122]"
113402,"[50700, 42192, 92265, 25567, 40537, 14825, 24354, 48920, 102051, 74837]"
113403,"[71422, 58214, 60051, 27989, 47603, 31929, 61388, 88557, 71814, 70048]"
113404,"[60432, 83719, 93058, 65145, 43046, 88422, 72605, 1130, 105471, 96301]"
113405,"[35654, 102169, 21093, 66772, 89424, 7150, 52570, 28453, 80072, 7926]"
113406,"[11832, 40221, 108033, 106909, 48442, 85448, 90695, 54795, 82579, 7851]"
113407,"[82525, 55828, 1659, 1508, 63551, 73466, 101513, 86054, 26384, 39145]"
113408,"[4233, 66244, 78105, 69187, 49162, 61011, 104273, 47673, 82523, 63743]"
113409,"[15331, 57286, 41612, 59662, 40607, 12979, 3478, 86697, 84551, 59060]"
113410,"[46895, 63356, 87670, 38361, 82342, 96128, 37713, 57622, 34550, 60889]"
113411,"[98419, 36303, 109574, 26868, 3683, 54191, 89948, 72068, 56014, 22349]"
113412,"[3576, 62018, 19148, 53412, 79080, 6736, 68762, 82963, 52843, 35291]"
113413,"[42618, 27376, 60929, 69702, 104937, 35522, 107859, 28385, 79955, 81215]"
113414,"[47508, 27352, 51967, 89418, 106726, 43769, 3675, 34520, 3036, 72227]"
113415,"[83130, 25010, 93652, 71777, 38997, 26316, 96625, 85230, 17077, 103117]"
113416,"[85648, 28720, 92520, 26974, 85105, 93086, 94065, 14985, 8135, 11475]"
113417,"[18185, 56406, 42142, 81088, 51168, 35198, 70639, 2233, 63100, 56700]"
113418,"[33759, 52112, 6232, 60784, 25688, 89380, 101959, 74200, 52562, 72351]"
113419,"[85472, 107331, 97580, 91707, 58639, 11362, 26041, 79736, 82737, 33676]"
113420,"[93864, 9023, 47464, 36143, 68427, 89230, 105532, 33644, 83470, 72314]"
113421,"[13309, 89357, 35259, 45272, 73822, 33223, 71896, 71257, 91413, 63847]"
113422,"[43007, 99965, 10695, 54502, 80255, 2018, 13369, 87819, 82444, 72395]"
113423,"[38067, 32069, 75485, 94306, 107795, 58294, 107749, 103079, 88495, 72654]"
113424,"[79558, 92514, 104875, 42081, 97485, 108730, 55627, 102512, 90986, 6598]"
113425,"[39940, 109414, 47122, 30935, 75333, 55041, 5003, 54985, 5494, 91182]"
113426,"[80042, 88215, 53359, 85084, 241, 21902, 14110, 66826, 99575, 37754]"
113427,"[92521, 25925, 66075, 5195, 5356, 28217, 42989, 43328, 44402, 93554]"
113428,"[24042, 25130, 67623, 75517, 84544, 31273, 96091, 6295, 34624, 43670]"
113429,"[22864, 56495, 72310, 62404, 41959, 38692, 21076, 7097, 15568, 104080]"
113430,"[98131, 72020, 91667, 63951, 58548, 104010, 59602, 1176, 59917, 109563]"
113431,"[52641, 99947, 64553, 15804, 30544, 43358, 106333, 91524, 103914, 67384]"
113432,"[38144, 52224, 73090, 14761, 76078, 66306, 101810, 57826, 37526, 16558]"
113433,"[38872, 106081, 108412, 92920, 51709, 71581, 78445, 11790, 29477, 57033]"
113434,"[4170, 88222, 42027, 68234, 79888, 15047, 62688, 44301, 76025, 360]"
113435,"[61556, 7583, 61305, 66082, 28928, 36819, 32034, 108036, 15346, 64500]"
113436,"[74145, 79855, 50076, 92922, 81316, 39110, 53588, 86281, 62285, 66312]"
113437,"[72408, 10669, 19262, 14991, 49814, 85454, 47998, 48969, 68361, 32257]"
113438,"[60360, 67460, 37331, 53274, 50776, 55328, 41217, 17049, 19261, 46904]"
113439,"[34850, 51080, 39198, 77705, 89933, 109618, 5024, 24023, 19472, 96461]"
113440,"[98048, 30217, 13891, 105314, 109139, 43354, 107173, 74471, 36019, 27481]"
113441,"[103542, 77072, 70355, 101714, 65475, 8672, 2501, 81220, 90423, 65371]"
113442,"[58647, 40334, 89190, 25372, 18292, 5886, 99931, 68739, 74672, 46677]"
113443,"[26224, 26862, 20604, 92439, 95146, 83012, 75241, 105939, 98328, 82833]"
113444,"[108019, 34047, 4095, 92851, 72037, 29681, 8086, 37624, 18025, 30842]"
113445,"[105164, 52069, 70583, 30947, 51429, 33620, 14260, 93769, 79168, 13703]"
113446,"[53011, 79557, 97555, 79174, 36209, 28336, 106450, 101686, 20840, 27922]"
113447,"[27660, 10060, 40448, 78183, 61135, 77673, 94246, 87375, 47602, 73797]"
113448,"[69795, 80071, 49703, 4562, 104012, 67896, 67886, 66057, 82572, 34220]"
113449,"[98159, 3976, 78408, 43583, 4362, 12467, 57653, 88551, 51006, 26636]"
113450,"[88755, 25402, 58033, 43445, 36220, 79452, 26515, 12307, 72357, 44845]"
113451,"[8213, 103639, 59301, 21955, 4818, 59533, 54914, 74698, 99608, 89060]"
113452,"[93982, 83316, 12997, 45551, 7991, 16191, 95345, 39232, 82889, 10492]"
113453,"[77267, 60991, 27716, 65454, 712, 98899, 40186, 78226, 108032, 78779]"
113454,"[58107, 28737, 25889, 40683, 61775, 18428, 91457, 87451, 103087, 77694]"
113455,"[50699, 35611, 55787, 12839, 20138, 29875, 70509, 49534, 18391, 50292]"
113456,"[46724, 106517, 68631, 72839, 52033, 31014, 47641, 20707, 83606, 29974]"
113457,"[99447, 9950, 2792, 72092, 7777, 24586, 7450, 67035, 30293, 68164]"
113458,"[80281, 11705, 80677, 17834, 26473, 60664, 12155, 1950, 77948, 69070]"
113459,"[72229, 16191, 26557, 82666, 52801, 23850, 61969, 103753, 85148, 87132]"
113460,"[38327, 109744, 16311, 49350, 44734, 32547, 42739, 45276, 87758, 27479]"
113461,"[70573, 88541, 58353, 61281, 35277, 67873, 93796, 74781, 75374, 83893]"
113462,"[100204, 32236, 78735, 90059, 56205, 29203, 92066, 31313, 22995, 12470]"
113463,"[16967, 25720, 63454, 98270, 23242, 34509, 32279, 36017, 5966, 54180]"
113464,"[39705, 9736, 100377, 54033, 37021, 51535, 2909, 31092, 60516, 54965]"
113465,"[16978, 33195, 66056, 69579, 98487, 45945, 40292, 108139, 80097, 67376]"
113466,"[5058, 54320, 25858, 6085, 459, 91935, 62924, 13541, 33683, 88939]"
113467,"[49661, 96871, 71060, 81613, 62421, 60480, 59193, 107554, 36812, 18692]"
113468,"[64334, 86700, 19955, 58950, 79419, 49160, 2863, 9826, 76327, 97701]"
113469,"[29399, 50734, 67990, 18547, 7684, 36454, 46149, 101114, 71557, 65425]"
113470,"[90390, 49765, 23911, 27093, 70387, 16537, 72310, 48797, 68972, 55285]"
113471,"[15618, 16633, 98002, 5289, 18866, 106101, 93198, 7135, 15489, 52680]"
113472,"[8652, 53972, 89289, 42874, 25432, 28087, 97744, 7606, 98267, 55158]"
113473,"[45835, 27120, 50703, 14649, 76686, 86687, 24138, 21267, 12588, 853]"
113474,"[57671, 63311, 42166, 35367, 100533, 24347, 69669, 104871, 17250, 60650]"
113475,"[71015, 106709, 6362, 104976, 71174, 66125, 73704, 6543, 99319, 9875]"
113476,"[89663, 28188, 17668, 35806, 12474, 94789, 87941, 85036, 96916, 52673]"
113477,"[30317, 16514, 65243, 52150, 55345, 37104, 29134, 54123, 65729, 86618]"
113478,"[4666, 91913, 15347, 100449, 20461, 104333, 22084, 20740, 15572, 59594]"
113479,"[26081, 90385, 66478, 2472, 89848, 9344, 11678, 46290, 92629, 2138]"
113480,"[97819, 85497, 20861, 71232, 43079, 82013, 85394, 64349, 17703, 99452]"
113481,"[15566, 5530, 47957, 28900, 76556, 36905, 92067, 104118, 803, 35619]"
113482,"[44236, 34300, 90022, 85064, 64343, 32777, 34511, 30691, 67437, 88901]"
113483,"[62784, 34975, 22876, 95938, 97334, 99564, 98711, 24984, 73263, 35513]"
113484,"[86357, 109344, 68563, 465, 49942, 735, 8278, 107074, 68608, 27416]"
113485,"[30224, 60683, 5830, 75081, 78937, 73151, 109231, 51520, 96480, 53397]"
113486,"[70133, 46947, 90985, 35543, 22439, 53350, 9438, 50689, 34010, 92044]"
113487,"[62223, 22570, 34882, 76665, 62403, 64918, 54413, 13292, 99250, 25701]"
113488,"[54114, 52793, 18678, 99019, 59906, 69519, 21989, 101355, 9376, 74888]"
113489,"[90202, 11209, 84366, 20730, 104533, 100784, 27164, 44007, 32443, 100126]"
113490,"[11482, 31953, 48765, 99473, 91196, 24914, 42728, 54567, 98150, 24152]"
113491,"[50741, 41337, 71013, 52360, 101033, 31557, 20265, 55181, 22076, 93860]"
113492,"[80963, 94770, 95533, 91600, 4539, 98075, 2739, 29274, 34228, 72884]"
113493,"[86731, 67689, 102845, 27810, 103034, 43831, 88259, 105831, 1660, 86074]"
113494,"[46701, 98928, 41517, 66345, 66563, 62913, 46158, 88340, 8208, 69513]"
113495,"[20183, 104647, 107729, 102125, 106367, 16702, 109088, 27848, 20420, 75158]"
113496,"[109566, 54446, 48825, 29649, 39026, 38511, 30171, 13404, 12780, 53976]"
113497,"[23625, 28941, 18967, 95863, 21237, 100908, 36361, 33457, 19156, 49585]"
113498,"[22574, 20708, 107360, 58269, 107008, 102693, 65167, 17597, 96484, 32286]"
113499,"[51462, 16523, 28556, 94170, 82047, 77899, 46577, 49094, 76849, 87252]"
113500,"[22200, 72503, 15469, 9899, 4368, 78872, 16236, 718, 21100, 5349]"
113501,"[61558, 76461, 80028, 98907, 6099, 62629, 35493, 104513, 84636, 96787]"
113502,"[28799, 20473, 101112, 63456, 48828, 4487, 100419, 49091, 99990, 66013]"
113503,"[53483, 33197, 42777, 100477, 91374, 4811, 8662, 92670, 10611, 17850]"
113504,"[105072, 89058, 68985, 96697, 18128, 64249, 61834, 68662, 1403, 62144]"
113505,"[41228, 74112, 87551, 98961, 93353, 24099, 1327, 31782, 14978, 47343]"
113506,"[58346, 54716, 11463, 83691, 15372, 88845, 96152, 59283, 52801, 39464]"
113507,"[514, 86109, 68498, 56430, 23442, 52857, 50874, 48465, 26121, 3419]"
113508,"[62142, 49804, 109489, 23593, 22153, 70071, 64003, 11361, 54640, 79416]"
113509,"[63111, 103895, 73528, 57112, 78099, 4637, 71881, 41733, 76848, 58357]"
113510,"[23195, 108335, 88099, 6918, 73778, 105468, 98040, 3437, 4571, 68036]"
113511,"[6261, 39371, 6846, 68495, 15830, 72449, 57518, 94461, 47431, 55185]"
113512,"[6327, 4806, 95221, 79486, 97748, 22450, 44428, 16491, 90946, 60087]"
113513,"[55310, 58044, 4283, 64629, 83387, 6191, 83146, 41507, 77632, 57851]"
113514,"[66573, 10950, 48432, 49209, 29305, 102852, 77692, 34401, 72809, 105293]"
113515,"[44501, 32512, 36484, 61750, 105829, 70353, 85197, 11657, 109736, 88272]"
113516,"[32346, 18735, 33076, 50792, 35515, 70558, 38549, 102864, 58232, 59108]"
113517,"[71069, 2691, 61159, 54533, 24462, 57116, 100687, 24966, 7489, 53780]"
113518,"[66833, 55135, 62336, 31515, 17783, 95321, 67011, 56541, 18877, 38000]"
113519,"[36431, 61330, 48823, 97189, 66560, 65590, 2197, 38200, 34160, 43496]"
113520,"[52173, 97753, 108831, 66762, 41606, 97456, 81264, 39495, 63029, 27713]"
113521,"[16686, 92975, 97024, 40974, 52112, 45989, 29966, 22907, 64298, 58888]"
113522,"[20778, 29997, 87250, 84320, 85352, 97097, 64798, 36336, 55749, 84909]"
113523,"[69961, 40718, 19147, 5112, 45524, 27630, 61795, 80253, 62610, 109008]"
113524,"[44287, 34832, 65530, 93694, 94262, 63621, 14966, 48579, 50200, 81169]"
113525,"[34921, 55468, 83458, 83816, 48629, 55379, 73843, 57013, 60559, 107812]"
113526,"[49961, 66680, 42514, 53233, 81095, 12557, 84121, 101155, 59184, 106717]"
113527,"[68039, 85031, 4740, 629, 87695, 50546, 33498, 45900, 61015, 105469]"
113528,"[104804, 99035, 96043, 10971, 33263, 57429, 2059, 54340, 102397, 105347]"
113529,"[32497, 19842, 69746, 52321, 42429, 26736, 25782, 14944, 80282, 22457]"
113530,"[101137, 72689, 82420, 78525, 62751, 80989, 84212, 11778, 51893, 66925]"
113531,"[34002, 83375, 43563, 6169, 22635, 9546, 23883, 93360, 87225, 8700]"
113532,"[103003, 90382, 69092, 33992, 61810, 9216, 97650, 81322, 16079, 31482]"
113533,"[88461, 61217, 91152, 86832, 107134, 72131, 43515, 65474, 83042, 52514]"
113534,"[106220, 92975, 72637, 16627, 98272, 63538, 20537, 96099, 81645, 86717]"
113535,"[108098, 96233, 43371, 106506, 20742, 35228, 4593, 31735, 109104, 27961]"
113536,"[25473, 21209, 24265, 66612, 95299, 14326, 77313, 52198, 58066, 78019]"
113537,"[69260, 1980, 76713, 70324, 89476, 2779, 59743, 42378, 64187, 59149]"
113538,"[98939, 36242, 10928, 18822, 97757, 59124, 68798, 68306, 104526, 55736]"
113539,"[70841, 4178, 67224, 26532, 33402, 47061, 15694, 29464, 18196, 914]"
113540,"[104912, 21443, 96753, 105757, 31631, 13165, 26773, 54372, 97281, 81728]"
113541,"[101220, 57038, 40900, 48189, 79580, 27554, 101273, 100540, 15278, 94641]"
113542,"[107373, 96774, 18435, 101079, 49917, 69853, 13596, 56710, 83804, 2854]"
113543,"[8279, 6438, 58264, 64921, 53918, 35897, 59939, 92258, 45228, 82567]"
113544,"[24229, 64549, 59572, 11523, 31673, 55666, 68010, 99287, 60285, 40152]"
113545,"[79417, 42404, 241, 21902, 45516, 34291, 39476, 80042, 53061, 85084]"
113546,"[60073, 39070, 84531, 25900, 91861, 10506, 457, 81142, 83108, 82165]"
113547,"[52451, 89884, 95482, 95545, 64005, 4281, 91242, 61293, 62735, 45320]"
113548,"[3117, 43357, 106097, 712, 46485, 65027, 10214, 94515, 98590, 12370]"
113549,"[19089, 6200, 81413, 99502, 9767, 107150, 79377, 33098, 83099, 54170]"
113550,"[71591, 37262, 23750, 106767, 98961, 20119, 5088, 73638, 14978, 47343]"
113551,"[97696, 106932, 109, 91298, 92578, 86604, 51722, 71590, 84270, 65275]"
113552,"[42613, 101102, 94990, 74978, 21937, 20179, 36119, 40394, 105364, 79135]"
113553,"[31723, 82104, 61907, 25884, 34559, 82469, 65844, 69794, 39166, 8503]"
113554,"[96886, 47792, 68280, 93214, 89455, 45995, 18516, 66150, 20220, 2970]"
113555,"[85525, 8140, 29670, 52331, 1772, 30264, 78713, 35059, 63474, 95003]"
113556,"[81910, 102806, 12255, 17834, 12155, 30592, 107481, 10489, 38367, 26947]"
113557,"[73571, 89600, 51961, 46296, 40707, 66869, 43603, 70076, 33413, 2862]"
113558,"[51068, 76849, 92021, 49094, 53565, 44933, 7568, 48254, 25594, 94170]"
113559,"[62382, 68080, 101141, 7993, 24546, 96235, 67198, 40071, 4015, 33511]"
113560,"[14788, 46008, 12267, 57276, 92089, 80400, 16180, 1351, 28980, 23716]"
113561,"[101697, 80362, 26317, 53054, 14263, 17553, 68162, 83034, 83071, 92495]"
113562,"[80939, 28829, 46403, 27118, 108264, 79895, 32716, 88602, 21416, 92530]"
113563,"[92675, 56383, 32978, 43719, 89361, 80439, 65436, 63957, 83016, 47083]"
113564,"[11685, 48251, 49669, 48067, 10549, 42241, 29363, 42231, 74156, 60719]"
113565,"[87182, 7335, 105246, 107265, 89969, 20197, 56239, 2096, 43412, 15641]"
113566,"[19569, 7798, 46603, 71795, 88207, 17322, 64320, 64445, 63993, 85254]"
113567,"[75464, 87916, 21015, 22024, 67933, 94703, 83845, 38713, 18475, 18886]"
113568,"[53301, 56543, 95720, 30240, 98578, 57268, 68309, 70406, 24905, 84210]"
113569,"[81615, 106532, 52173, 89655, 96173, 16102, 103099, 85278, 29036, 62419]"
113570,"[17885, 106959, 10339, 73557, 24174, 60829, 36677, 11766, 34806, 75009]"
113571,"[36124, 85166, 108764, 89489, 71675, 58723, 68918, 67656, 55876, 68203]"
113572,"[97986, 75604, 85221, 837, 10378, 9111, 11650, 107350, 56634, 65790]"
113573,"[37687, 36608, 8647, 22599, 31795, 50311, 84581, 29381, 37664, 28727]"
113574,"[197, 97820, 74111, 46176, 20749, 52775, 66658, 36702, 85848, 7662]"
113575,"[86319, 76149, 97082, 86125, 93186, 70913, 90661, 36216, 43915, 91745]"
113576,"[107389, 28918, 98652, 17186, 54636, 32681, 41078, 87377, 15091, 91379]"
113577,"[17006, 36896, 90633, 10367, 54793, 8821, 74817, 100254, 26880, 38522]"
113578,"[43954, 49077, 19759, 47891, 84535, 92892, 12200, 33081, 74266, 41183]"
113579,"[55138, 106336, 5436, 91934, 59075, 92239, 36731, 84238, 58075, 87517]"
113580,"[26452, 11207, 96700, 69110, 66924, 6380, 62645, 86876, 7813, 63093]"
113581,"[94328, 87423, 1550, 34158, 76354, 101141, 100173, 46963, 100967, 5140]"
113582,"[56013, 14705, 38109, 67579, 22098, 60521, 55400, 22995, 51066, 31313]"
113583,"[108675, 107517, 12123, 70869, 50886, 2620, 2414, 48443, 17638, 74002]"
113584,"[83969, 27435, 73584, 77783, 41093, 12816, 25030, 29679, 80557, 4624]"
113585,"[81933, 74678, 76753, 27769, 58952, 50698, 11508, 8627, 92814, 8483]"
113586,"[2711, 11453, 57387, 100975, 52922, 90602, 96322, 24278, 32798, 84072]"
113587,"[3405, 41990, 1812, 663, 19431, 93833, 28364, 26722, 65171, 10141]"
113588,"[20889, 21695, 64097, 64357, 84614, 32470, 41219, 93402, 17754, 4606]"
113589,"[91343, 81402, 73404, 29204, 49419, 46857, 19572, 76832, 5785, 33143]"
113590,"[80205, 49872, 98564, 104048, 79383, 4736, 55841, 102735, 28968, 82823]"
113591,"[60304, 89415, 76214, 64592, 46022, 45236, 77380, 47836, 58892, 56818]"
113592,"[31787, 83373, 66975, 49700, 109462, 18349, 107058, 43645, 49864, 48164]"
113593,"[68854, 18087, 1693, 84340, 48423, 92207, 29321, 32538, 10535, 29872]"
113594,"[79779, 25199, 3672, 41021, 83095, 11686, 5061, 1955, 69243, 43626]"
113595,"[28787, 61858, 16145, 34221, 38537, 91038, 7178, 67197, 72896, 100461]"
113596,"[94192, 49418, 83654, 54229, 66384, 51038, 7311, 78511, 50246, 407]"
113597,"[32797, 41780, 75322, 108983, 59595, 94509, 7357, 37361, 79608, 18873]"
113598,"[64059, 67297, 106537, 61996, 71762, 109201, 15255, 26472, 14254, 109728]"
113599,"[76983, 74452, 45773, 41434, 91256, 1043, 109068, 105639, 56220, 7709]"
113600,"[37802, 39137, 60990, 61011, 10048, 73260, 37906, 62002, 16929, 41125]"
113601,"[107464, 26616, 30062, 88839, 104899, 3959, 26827, 82384, 49442, 52260]"
113602,"[49775, 97865, 102390, 36229, 31622, 66064, 65537, 87289, 51634, 53142]"
113603,"[13790, 25803, 104565, 737, 42798, 45286, 23946, 41267, 99071, 103840]"
113604,"[80240, 42180, 4072, 91900, 51665, 32197, 10236, 58426, 70430, 50313]"
113605,"[75681, 47291, 65084, 41223, 3308, 79928, 56604, 7579, 105585, 53229]"
113606,"[53949, 28739, 100943, 96546, 81476, 94343, 62431, 30301, 39053, 29803]"
113607,"[85195, 102819, 80159, 40040, 52770, 39274, 50927, 99742, 107866, 72495]"
113608,"[96656, 2586, 95017, 69888, 15285, 8552, 65546, 72511, 106138, 40958]"
113609,"[66486, 76287, 45853, 76333, 34931, 33622, 88977, 96552, 47753, 16744]"
113610,"[61254, 19800, 65414, 104145, 65272, 94830, 11656, 84759, 85657, 80867]"
113611,"[35984, 43442, 89059, 30070, 94766, 71604, 41674, 50301, 102429, 23515]"
113612,"[50789, 14765, 52958, 9675, 78121, 61647, 34613, 108949, 77860, 51743]"
113613,"[30565, 15338, 46438, 57642, 34403, 23346, 105070, 5952, 85023, 109088]"
113614,"[72682, 99062, 27790, 91888, 84217, 78744, 64061, 20772, 8609, 105705]"
113615,"[56757, 101474, 49824, 90992, 58975, 32460, 57956, 80048, 68623, 5120]"
113616,"[20671, 9939, 79054, 13956, 72456, 51343, 26010, 106394, 109076, 75595]"
113617,"[90969, 26249, 26184, 107986, 89747, 15984, 22487, 56040, 41298, 88905]"
113618,"[10518, 52468, 20697, 89184, 93627, 109330, 16759, 74679, 35523, 70888]"
113619,"[38035, 5047, 31487, 66465, 62922, 2195, 515, 91361, 69552, 98471]"
113620,"[5536, 81182, 71223, 97394, 95970, 7789, 105400, 7855, 33604, 61899]"
113621,"[105998, 31821, 34377, 92746, 57660, 108156, 75660, 56602, 41833, 98642]"
113622,"[52964, 82986, 41816, 61719, 8463, 37380, 104498, 60758, 24428, 80906]"
113623,"[4193, 24302, 76200, 36137, 94441, 88802, 62710, 103544, 24919, 44803]"
113624,"[32891, 78704, 94084, 72143, 45045, 104068, 17062, 106575, 20591, 42006]"
113625,"[88191, 94714, 90960, 44656, 63814, 92561, 45703, 61822, 39187, 7863]"
113626,"[24545, 74576, 98680, 46155, 76782, 104296, 104392, 11077, 74798, 75173]"
113627,"[1364, 85691, 25630, 79500, 55457, 23119, 93007, 97112, 17153, 67684]"
113628,"[38165, 26875, 62378, 96693, 85030, 8242, 73133, 50084, 95716, 11269]"
113629,"[102286, 74041, 94590, 37381, 65240, 20793, 35638, 77847, 40691, 49359]"
113630,"[87607, 40312, 30086, 41009, 79155, 30227, 13101, 75674, 109149, 22803]"
113631,"[9822, 79669, 86491, 108007, 86376, 9600, 26036, 80685, 16060, 37204]"
113632,"[18150, 11630, 73339, 103623, 38316, 105833, 50978, 26223, 52864, 57895]"
113633,"[106063, 13740, 13463, 13994, 56493, 56441, 43448, 63247, 57040, 14587]"
113634,"[39600, 87415, 19703, 28211, 28761, 41343, 30603, 102626, 65584, 32994]"
113635,"[26635, 45993, 18239, 93276, 2094, 89483, 26655, 90732, 73681, 106354]"
113636,"[70899, 5591, 12442, 44325, 37295, 1255, 108873, 74114, 32749, 88257]"
113637,"[67795, 40743, 90490, 8895, 37561, 64057, 77304, 64141, 5373, 63466]"
113638,"[82624, 54794, 106139, 88921, 40247, 20533, 59839, 62912, 48739, 101615]"
113639,"[35554, 59491, 50337, 34697, 101756, 23678, 94486, 74457, 52117, 24611]"
113640,"[34698, 30534, 47797, 60907, 58922, 86242, 54798, 52913, 7008, 59200]"
113641,"[25311, 8050, 68386, 78206, 7734, 89239, 15508, 36625, 14805, 30526]"
113642,"[108166, 52118, 25500, 59528, 8148, 24463, 94853, 76831, 46384, 39139]"
113643,"[1921, 74760, 54096, 53926, 46232, 78912, 26122, 20354, 47860, 43208]"
113644,"[73453, 62432, 65320, 29813, 96211, 67681, 29656, 23754, 29927, 87175]"
113645,"[16168, 61571, 43595, 97100, 67010, 48010, 37859, 14028, 83730, 23935]"
113646,"[73717, 45544, 83442, 83711, 50474, 46165, 54621, 80528, 38591, 101128]"
113647,"[9284, 20509, 78417, 65571, 19624, 23420, 7138, 34517, 106810, 43149]"
113648,"[18187, 36153, 87969, 8597, 100859, 71503, 59258, 69028, 98397, 100524]"
113649,"[16782, 94519, 23092, 2926, 19108, 9494, 73352, 8546, 102680, 93966]"
113650,"[26292, 4110, 32196, 14945, 107376, 75745, 49748, 55066, 4416, 89385]"
113651,"[33625, 58267, 33607, 84297, 53160, 72026, 57759, 85677, 73827, 8300]"
113652,"[93820, 29654, 57350, 68926, 83750, 98684, 47611, 24491, 107869, 25976]"
113653,"[35915, 30556, 24217, 59637, 264, 5947, 105842, 85856, 103396, 99390]"
113654,"[45964, 103768, 56993, 98004, 60892, 57548, 27900, 96016, 32670, 2982]"
113655,"[68919, 71759, 94339, 2428, 48886, 106762, 104483, 63591, 29920, 30183]"
113656,"[104088, 97381, 35230, 82781, 63294, 106735, 49723, 63286, 55375, 3891]"
113657,"[81808, 29230, 97471, 23662, 401, 12039, 8093, 105218, 47133, 103223]"
113658,"[95468, 10409, 70102, 22807, 28673, 40738, 50005, 18062, 89322, 63520]"
113659,"[3368, 102944, 91976, 28970, 41947, 49682, 58133, 91833, 37159, 6580]"
113660,"[30589, 89940, 54545, 24963, 87206, 44967, 10942, 91868, 58311, 77276]"
113661,"[81473, 43558, 3671, 39188, 57724, 29825, 90545, 24556, 89007, 77173]"
113662,"[71579, 42257, 22022, 2150, 529, 100463, 36176, 93713, 43495, 69114]"
113663,"[91501, 12456, 70110, 34424, 48553, 6442, 40611, 41673, 105174, 67854]"
113664,"[88292, 47624, 65565, 15179, 84508, 9720, 85799, 62930, 76830, 33031]"
113665,"[76479, 18099, 11212, 39552, 37572, 52341, 89939, 74061, 30392, 34938]"
113666,"[36357, 18542, 30940, 15908, 59987, 57061, 42387, 71740, 63647, 36031]"
113667,"[72594, 104559, 18225, 98370, 86387, 107330, 41814, 82723, 103731, 93031]"
113668,"[55595, 85121, 47873, 75252, 8294, 93806, 85959, 83557, 104945, 75258]"
113669,"[64547, 67111, 25112, 33216, 93509, 13516, 3325, 67909, 45720, 1779]"
113670,"[78871, 78469, 42638, 18408, 50162, 50930, 88205, 75311, 41946, 45913]"
113671,"[49286, 79465, 5526, 13, 103891, 61013, 14661, 26715, 14512, 4197]"
113672,"[53345, 31139, 9907, 64159, 87693, 38307, 51666, 6, 92356, 37896]"
113673,"[58224, 44876, 20339, 80975, 19856, 6644, 12662, 2542, 7190, 25606]"
113674,"[51258, 55480, 90352, 34740, 87363, 9084, 90051, 35184, 1005, 69237]"
113675,"[95173, 27455, 3912, 47731, 71041, 69790, 63326, 6241, 95438, 42838]"
113676,"[103918, 44176, 22323, 109321, 37235, 11763, 38208, 75487, 20823, 37225]"
113677,"[15914, 22207, 32115, 9773, 3241, 91969, 90070, 60054, 90893, 104433]"
113678,"[75843, 19535, 39129, 61031, 107234, 105252, 106674, 22953, 72549, 67696]"
113679,"[2226, 3111, 54623, 71571, 35371, 19655, 43762, 6375, 36060, 70405]"
113680,"[40699, 47592, 8406, 31589, 82080, 14054, 91197, 5911, 105515, 72845]"
113681,"[99764, 74307, 87936, 46054, 55718, 64197, 56983, 78132, 82922, 4895]"
113682,"[57264, 527, 74046, 82837, 16016, 42295, 29011, 52509, 105298, 82912]"
113683,"[13561, 66012, 88034, 62651, 89297, 84336, 73487, 77629, 56385, 104717]"
113684,"[52727, 103798, 63619, 555, 10072, 49016, 95419, 14440, 64625, 100673]"
113685,"[16839, 29116, 18996, 86, 96935, 64489, 39554, 29804, 77304, 13089]"
113686,"[29942, 54203, 21184, 100708, 10758, 8388, 16053, 103945, 92235, 107139]"
113687,"[102949, 37405, 92897, 78210, 39999, 83257, 35774, 86026, 13833, 3449]"
113688,"[42029, 2559, 90397, 99553, 80255, 48206, 27371, 5884, 18954, 61657]"
113689,"[67954, 77731, 61169, 49169, 67059, 46567, 27838, 84785, 77964, 76650]"
113690,"[109484, 19131, 24803, 90127, 22662, 92651, 70810, 62280, 25931, 22695]"
113691,"[100172, 84530, 97429, 36393, 1995, 44915, 37468, 53962, 9770, 76020]"
113692,"[72682, 22735, 8609, 20772, 65820, 28988, 99062, 91888, 84217, 62516]"
113693,"[16635, 81671, 102157, 29135, 94863, 70504, 53290, 5010, 53073, 50735]"
113694,"[78605, 83432, 3357, 215, 54958, 60260, 41206, 14670, 90026, 85995]"
113695,"[30255, 30287, 102755, 68602, 91113, 84532, 22092, 88650, 76798, 31873]"
113696,"[58519, 55994, 98135, 95596, 53986, 103952, 61369, 22075, 58650, 101965]"
113697,"[56220, 76983, 88345, 15173, 16206, 52051, 74452, 59906, 99019, 103452]"
113698,"[54742, 105121, 56798, 106116, 103331, 47515, 61096, 13303, 5654, 57830]"
113699,"[76035, 90398, 97388, 60800, 70372, 107478, 33806, 96948, 43291, 106380]"
113700,"[90176, 103967, 84662, 94312, 56877, 57406, 11253, 40223, 38460, 15687]"
113701,"[67414, 48669, 40826, 106221, 32879, 18040, 44425, 87206, 61221, 1911]"
113702,"[53541, 72498, 78366, 105960, 4715, 15773, 51551, 103500, 13328, 43760]"
113703,"[4296, 44316, 64735, 71923, 49167, 46585, 42480, 6127, 101803, 8066]"
113704,"[18899, 77398, 107958, 28368, 70039, 34367, 104541, 21888, 58211, 58317]"
113705,"[59927, 37254, 85868, 31218, 59880, 35041, 32995, 5618, 55321, 102640]"
113706,"[35153, 37983, 86103, 8577, 75284, 90479, 49817, 16763, 8699, 104619]"
113707,"[18251, 62817, 30895, 52085, 75594, 86612, 10338, 47773, 74027, 55577]"
113708,"[78296, 94171, 57820, 40615, 64446, 49977, 102886, 31500, 101257, 78348]"
113709,"[65899, 86767, 80873, 7167, 23169, 5898, 4926, 73829, 97285, 63793]"
113710,"[61473, 29741, 38206, 56004, 72059, 29408, 3938, 50893, 51542, 22671]"
113711,"[59216, 108281, 22796, 37333, 102653, 92236, 54368, 101908, 87213, 75062]"
113712,"[54891, 69239, 39512, 91080, 70087, 105220, 80121, 5158, 89561, 107943]"
113713,"[27033, 56002, 91157, 91684, 55999, 90953, 109418, 13693, 3605, 17444]"
113714,"[67698, 101921, 81530, 77986, 179, 38530, 36966, 11474, 84655, 74092]"
113715,"[9163, 28363, 87523, 79093, 33850, 47771, 70640, 85574, 107577, 100286]"
113716,"[105199, 44369, 33826, 17727, 69556, 64062, 38828, 76543, 53133, 58036]"
113717,"[5530, 36905, 11615, 20465, 12417, 51697, 15566, 14074, 21412, 54476]"
113718,"[6982, 81557, 37570, 104450, 41749, 36349, 34986, 107806, 44931, 30586]"
113719,"[20141, 54294, 65132, 51328, 3971, 99481, 10100, 101101, 79509, 22432]"
113720,"[73192, 80081, 7226, 85583, 68082, 50736, 47125, 21013, 73354, 34722]"
113721,"[46134, 40756, 10566, 59800, 9529, 29245, 78482, 701, 104326, 49707]"
113722,"[66972, 106727, 71948, 63718, 9140, 10963, 54339, 78987, 32848, 78394]"
113723,"[90324, 84955, 77850, 101418, 27849, 37552, 60908, 32051, 57898, 5277]"
113724,"[23857, 21088, 81881, 11022, 86982, 63141, 51959, 105922, 109348, 68927]"
113725,"[47350, 35241, 56088, 87202, 91162, 79185, 24896, 103838, 16651, 39227]"
113726,"[42435, 72244, 105041, 46288, 90524, 82084, 85089, 43118, 96040, 33524]"
113727,"[12147, 11420, 18401, 52356, 76665, 105736, 47901, 102894, 54413, 13292]"
113728,"[86835, 62519, 69382, 91851, 21560, 16065, 100571, 66087, 92658, 92324]"
113729,"[75303, 62265, 64094, 96075, 109410, 47721, 66032, 20360, 73266, 51899]"
113730,"[14079, 29470, 32864, 79385, 94620, 31503, 41039, 61103, 591, 14921]"
113731,"[11249, 63286, 97067, 12695, 35469, 88896, 10281, 44498, 58284, 76423]"
113732,"[11102, 66970, 43272, 61672, 74169, 95151, 7523, 15267, 36478, 81144]"
113733,"[8666, 63339, 7425, 84277, 57535, 41530, 31651, 77450, 73628, 108743]"
113734,"[88591, 69854, 27477, 43282, 51775, 21861, 76277, 23824, 30827, 84577]"
113735,"[57807, 27231, 87757, 67287, 93889, 78633, 735, 13803, 101052, 3077]"
113736,"[94015, 98904, 24358, 14480, 12704, 99157, 40139, 18882, 70511, 102667]"
113737,"[36080, 35346, 22996, 78294, 65311, 35468, 63752, 17176, 19138, 89030]"
113738,"[16591, 70502, 27436, 99187, 7322, 56658, 108431, 72603, 83559, 99973]"
113739,"[86320, 62430, 61068, 59549, 93986, 347, 101053, 80967, 19310, 16981]"
113740,"[97108, 55810, 20244, 43103, 15211, 39669, 96648, 96867, 99504, 11725]"
113741,"[77921, 44973, 52664, 98849, 41835, 95755, 66356, 73132, 15635, 49942]"
113742,"[11411, 76739, 99997, 44500, 85796, 25129, 87178, 81810, 88812, 97935]"
113743,"[109526, 97575, 1185, 2573, 59589, 93573, 54324, 48433, 21144, 6964]"
113744,"[89873, 97547, 82165, 83108, 26554, 47409, 76649, 68491, 90318, 28018]"
113745,"[57361, 19215, 2639, 69796, 13036, 107678, 7497, 101933, 35942, 22943]"
113746,"[71818, 92630, 99621, 83371, 73821, 89646, 93282, 27351, 43544, 38083]"
113747,"[108977, 27050, 43163, 3574, 100796, 13134, 90003, 41580, 83551, 84046]"
113748,"[10215, 18805, 19522, 47419, 105419, 53204, 35801, 86542, 78828, 84376]"
113749,"[109480, 29742, 4204, 106013, 739, 41765, 88869, 100974, 95858, 33743]"
113750,"[98527, 90195, 48804, 107093, 16881, 74758, 40621, 58227, 10225, 44499]"
113751,"[6175, 59687, 6486, 92486, 54318, 44231, 71215, 14105, 68153, 69683]"
113752,"[25711, 50550, 47663, 17924, 19245, 106093, 56185, 76500, 72792, 79960]"
113753,"[65932, 40905, 62116, 74222, 30958, 31103, 95929, 106691, 101283, 43881]"
113754,"[70277, 46788, 72540, 86292, 37693, 47905, 105964, 68316, 45524, 69772]"
113755,"[34998, 36275, 96134, 44502, 49784, 47829, 74739, 78892, 20569, 55541]"
113756,"[40186, 106569, 61353, 7345, 77267, 78779, 108032, 78226, 712, 20621]"
113757,"[62492, 52564, 107314, 31348, 623, 78056, 103028, 42870, 7263, 6971]"
113758,"[90203, 53197, 84552, 75411, 28266, 36101, 57823, 76215, 94710, 86722]"
113759,"[90439, 105738, 21734, 93105, 54625, 20059, 70847, 17079, 61117, 10080]"
113760,"[108020, 1053, 74937, 98995, 69650, 5484, 25608, 10551, 86316, 6191]"
113761,"[100625, 93182, 28864, 85572, 59548, 84293, 17386, 11258, 30677, 105180]"
113762,"[101145, 20058, 87477, 62123, 108167, 98715, 67211, 33759, 90010, 102464]"
113763,"[5259, 34496, 55071, 108990, 9704, 93659, 58314, 23149, 96399, 62024]"
113764,"[58554, 26284, 92999, 56476, 50116, 64920, 49970, 64971, 58306, 58124]"
113765,"[60397, 93563, 106216, 65055, 52642, 74363, 31885, 24935, 21213, 17104]"
113766,"[19147, 52165, 61795, 66885, 9991, 38926, 41093, 7173, 43652, 27406]"
113767,"[59754, 93229, 86815, 1025, 61080, 49924, 50298, 48098, 17429, 94305]"
113768,"[19973, 90007, 51449, 8499, 90673, 5414, 33687, 21113, 37667, 102036]"
113769,"[100570, 99670, 34563, 40057, 107638, 95590, 1223, 4369, 46719, 21315]"
113770,"[88190, 78434, 78074, 84375, 92909, 53665, 81251, 73887, 18, 8033]"
113771,"[47010, 36874, 78148, 86831, 79409, 27929, 37873, 102720, 4725, 99913]"
113772,"[107495, 34329, 68862, 6887, 55026, 104337, 62362, 98362, 35441, 71765]"
113773,"[83589, 2519, 90035, 45017, 104233, 7419, 90464, 96030, 42342, 7102]"
113774,"[15686, 71012, 68191, 102166, 31922, 6140, 22844, 19952, 104491, 18766]"
113775,"[49689, 3361, 86582, 27209, 10684, 90168, 101113, 40647, 48657, 107722]"
113776,"[95568, 106214, 91163, 51796, 34851, 33458, 51756, 75535, 7473, 41209]"
113777,"[20478, 52639, 85165, 27016, 3516, 77336, 109477, 49181, 74349, 67829]"
113778,"[77814, 11060, 100042, 20934, 85374, 19276, 76813, 97666, 43776, 18695]"
113779,"[85338, 37799, 39039, 43267, 97618, 66565, 51268, 4586, 22256, 109660]"
113780,"[97238, 94938, 99829, 95460, 35853, 18321, 43412, 52292, 21004, 3570]"
113781,"[9095, 95920, 105026, 62989, 104809, 54301, 50213, 32320, 104517, 53734]"
113782,"[103129, 27640, 99696, 57381, 90142, 31534, 87681, 42712, 14967, 70860]"
113783,"[33248, 106648, 60022, 87335, 64934, 94031, 74722, 69093, 67725, 33971]"
113784,"[16587, 63062, 55168, 9367, 21668, 102275, 93083, 7289, 86945, 32289]"
113785,"[38028, 32810, 91556, 47824, 71558, 26783, 37607, 28837, 95922, 10588]"
113786,"[23669, 104449, 36544, 102632, 79713, 423, 79359, 76601, 8757, 72670]"
113787,"[54169, 84822, 16212, 84673, 70693, 107048, 11430, 89703, 80716, 68986]"
113788,"[31342, 86505, 39726, 81899, 42934, 77771, 64507, 87975, 82908, 36332]"
113789,"[32350, 55785, 54342, 41065, 58216, 70679, 31583, 38610, 105250, 55921]"
113790,"[61334, 30727, 46125, 82884, 101431, 68196, 98356, 58070, 92673, 67039]"
113791,"[42845, 90082, 49713, 9638, 99924, 72561, 31136, 49172, 7562, 106137]"
113792,"[63446, 102187, 35400, 33316, 78826, 12820, 3677, 794, 14754, 14591]"
113793,"[2298, 3572, 93546, 78867, 19736, 1844, 9366, 46468, 75948, 93819]"
113794,"[18146, 91452, 5959, 9561, 106556, 77566, 10809, 107091, 70349, 55159]"
113795,"[100626, 76282, 23024, 92588, 106112, 10823, 63486, 15954, 81985, 70224]"
113796,"[41500, 105096, 13075, 68181, 56526, 37816, 84113, 35997, 74101, 100456]"
113797,"[95544, 19222, 92243, 16998, 17241, 7821, 74746, 5401, 91283, 82156]"
113798,"[48990, 561, 88861, 100153, 103040, 102333, 2920, 30991, 86049, 92545]"
113799,"[57357, 66888, 58903, 84180, 13472, 44645, 45218, 91787, 99831, 51389]"
113800,"[39150, 104436, 48033, 94233, 54009, 34628, 81369, 26192, 55145, 43096]"
113801,"[71, 48857, 101985, 16860, 62857, 65035, 46676, 26952, 85504, 91956]"
113802,"[52037, 105082, 47775, 13216, 12777, 11066, 64578, 20770, 80703, 16670]"
113803,"[7825, 78298, 105396, 11697, 79044, 56425, 104816, 6157, 27595, 69007]"
113804,"[97603, 70364, 86805, 3835, 93231, 88971, 44019, 18362, 21282, 2400]"
113805,"[22950, 37267, 92418, 40676, 12701, 44517, 94383, 17235, 19523, 20149]"
113806,"[35582, 86402, 59677, 99205, 83145, 88969, 97532, 59233, 102837, 25064]"
113807,"[28383, 78072, 82036, 50227, 45038, 37744, 7089, 55127, 55919, 80034]"
113808,"[19546, 7053, 107301, 93809, 67541, 92185, 56003, 23802, 109552, 23385]"
113809,"[9459, 101089, 25800, 46493, 32184, 64011, 92254, 8536, 84296, 109100]"
113810,"[73405, 105037, 102985, 98106, 54534, 71664, 84116, 8220, 71172, 49259]"
113811,"[108453, 11991, 37986, 13278, 82819, 58527, 98371, 43521, 97587, 108875]"
113812,"[38397, 104134, 15080, 11265, 10422, 23601, 59017, 23145, 33081, 7508]"
113813,"[86036, 53693, 105313, 107123, 17129, 36980, 100278, 69615, 35636, 86230]"
113814,"[88744, 68811, 28248, 43531, 81565, 100627, 75014, 6339, 2289, 11805]"
113815,"[13264, 105864, 68547, 23318, 82896, 4431, 8257, 46126, 42634, 100219]"
113816,"[63328, 78000, 19213, 13393, 72543, 85945, 97927, 49181, 30204, 103549]"
113817,"[35483, 38935, 40481, 40002, 96837, 73222, 28291, 63120, 66865, 91365]"
113818,"[28756, 31518, 107183, 99494, 103234, 17846, 46689, 43832, 98878, 40406]"
113819,"[50620, 42842, 80059, 41026, 28880, 10406, 98137, 40796, 75211, 89860]"
113820,"[70049, 39649, 28120, 46392, 48485, 46566, 21483, 59341, 100973, 43466]"
113821,"[58064, 17708, 41148, 96756, 40282, 204, 107617, 39887, 41908, 19828]"
113822,"[39151, 47301, 44539, 29441, 5854, 108510, 76095, 108406, 75189, 21210]"
113823,"[21283, 40554, 102150, 66914, 85991, 69066, 33256, 6924, 13486, 39016]"
113824,"[72163, 66943, 50045, 50602, 53966, 26618, 87941, 9651, 92974, 83625]"
113825,"[63617, 102176, 63167, 73129, 5693, 30825, 59560, 95534, 63542, 88526]"
113826,"[84640, 91803, 55092, 73682, 69812, 79771, 107448, 33662, 18827, 91338]"
113827,"[7317, 57215, 87107, 33082, 77907, 19114, 79996, 98414, 66974, 61908]"
113828,"[109758, 2832, 99154, 96133, 20659, 12684, 48156, 15375, 95024, 86460]"
113829,"[90085, 64044, 106882, 82747, 94706, 108041, 14957, 29222, 90610, 76237]"
113830,"[103252, 9184, 70846, 83644, 36461, 5737, 56447, 91838, 23268, 93396]"
113831,"[61307, 42177, 700, 40257, 73109, 11580, 13729, 85710, 9816, 18177]"
113832,"[48605, 42889, 29867, 29368, 1661, 29444, 49584, 85204, 46635, 83830]"
113833,"[70858, 103018, 80054, 27867, 29061, 41369, 11192, 101606, 31655, 64729]"
113834,"[76041, 29237, 106161, 53590, 65093, 37842, 16051, 47111, 21317, 89982]"
113835,"[45914, 83518, 87620, 60452, 107704, 45203, 54215, 69694, 88154, 70335]"
113836,"[55634, 86095, 83934, 40481, 66865, 108638, 75553, 39731, 100000, 35483]"
113837,"[98556, 46971, 37400, 107233, 98468, 76203, 32046, 26775, 76901, 39913]"
113838,"[78042, 12404, 101818, 48148, 60226, 40003, 16114, 85807, 69733, 97177]"
113839,"[108148, 10276, 61058, 105598, 34051, 11393, 2646, 16654, 23220, 37291]"
113840,"[98084, 102279, 22418, 68838, 16253, 107087, 57705, 44791, 66199, 102510]"
113841,"[64712, 8341, 3964, 61114, 62258, 52605, 25171, 20046, 72506, 68684]"
113842,"[95924, 24461, 63423, 14393, 3289, 84308, 79828, 9221, 78565, 5228]"
113843,"[52189, 37008, 13011, 17190, 88571, 68157, 47385, 34286, 59588, 103302]"
113844,"[67397, 103372, 79593, 93846, 34133, 66448, 35760, 43370, 42628, 51648]"
113845,"[67550, 27353, 43225, 16841, 59092, 43627, 17709, 36098, 102160, 60710]"
113846,"[88624, 18634, 106847, 81270, 101677, 68276, 101483, 33453, 23794, 66662]"
113847,"[96290, 60005, 48432, 12421, 66800, 103026, 39598, 34214, 106418, 80464]"
113848,"[99702, 27717, 17301, 86535, 81538, 36534, 87925, 92264, 6619, 58017]"
113849,"[42383, 70482, 38012, 26377, 20662, 90740, 11488, 22689, 88234, 73678]"
113850,"[17027, 28570, 63088, 53857, 106493, 99367, 89740, 74232, 79607, 80959]"
113851,"[89653, 15247, 33170, 103392, 59330, 2587, 17367, 102650, 43560, 83036]"
113852,"[19691, 41681, 1381, 45508, 26083, 94335, 85687, 46448, 85634, 70100]"
113853,"[50746, 50773, 19466, 79852, 33168, 84561, 10584, 100692, 88130, 86093]"
113854,"[73597, 78147, 6818, 24339, 42919, 103903, 71919, 8520, 93247, 57321]"
113855,"[32470, 19180, 46696, 11536, 21695, 25820, 107238, 91616, 37491, 44053]"
113856,"[16649, 55986, 49473, 30006, 35428, 43597, 8625, 42521, 22893, 49243]"
113857,"[50010, 48115, 2424, 69126, 3094, 42802, 74775, 14086, 33470, 51691]"
113858,"[92979, 83550, 1927, 86241, 66510, 20056, 130, 83088, 85387, 106791]"
113859,"[57461, 106165, 94775, 81872, 109752, 68500, 53906, 28448, 11322, 31626]"
113860,"[63836, 42074, 91356, 58215, 12552, 50782, 89597, 77547, 47510, 43585]"
113861,"[51731, 105286, 46558, 9081, 29558, 39302, 45368, 34044, 19436, 7560]"
113862,"[58220, 6672, 7645, 40050, 77707, 77269, 82490, 81260, 91420, 102068]"
113863,"[34374, 67139, 40150, 75402, 46215, 94996, 5895, 98435, 58611, 106596]"
113864,"[101159, 26516, 21029, 16179, 72831, 11635, 10487, 25546, 36092, 105151]"
113865,"[23198, 38834, 55103, 1623, 39415, 99920, 46980, 51245, 13749, 109450]"
113866,"[9422, 105354, 91539, 46352, 1046, 33877, 67640, 55216, 15478, 23322]"
113867,"[73001, 44317, 60630, 76276, 24435, 104350, 62985, 100823, 64840, 69869]"
113868,"[10559, 91069, 107671, 51975, 3050, 5379, 106323, 58853, 13350, 67763]"
113869,"[61918, 99257, 45063, 18656, 5919, 65255, 57881, 20421, 56632, 25991]"
113870,"[83116, 100022, 64650, 31517, 86097, 38745, 60138, 106426, 95497, 7053]"
113871,"[98857, 25796, 20309, 108970, 94213, 91457, 26051, 38217, 12374, 98269]"
113872,"[105527, 71870, 100062, 24370, 60612, 64322, 20535, 16190, 11114, 104752]"
113873,"[29370, 88669, 81578, 50977, 55807, 42027, 68234, 66622, 2345, 57354]"
113874,"[78865, 5228, 88177, 93634, 54895, 108883, 33756, 10663, 97135, 95470]"
113875,"[105413, 77855, 73816, 94681, 96539, 39513, 18105, 26313, 7780, 30712]"
113876,"[40110, 53115, 103013, 30785, 13620, 11408, 21844, 31883, 67724, 40610]"
113877,"[76707, 45116, 25982, 27956, 5767, 86358, 79328, 18683, 25668, 15324]"
113878,"[109133, 90364, 71168, 17133, 96614, 85321, 18203, 40201, 81684, 19381]"
113879,"[89276, 33468, 55413, 10285, 21382, 27180, 22042, 64314, 71244, 95549]"
113880,"[24580, 60799, 82484, 32654, 11032, 44281, 76138, 70376, 58591, 100575]"
113881,"[52406, 75534, 61122, 78810, 12932, 45372, 10656, 13620, 95566, 8905]"
113882,"[66504, 9744, 70910, 79582, 53118, 11519, 7224, 77393, 51942, 24181]"
113883,"[26323, 78618, 59204, 85469, 69764, 59962, 46658, 18144, 60810, 37099]"
113884,"[83872, 16838, 55927, 14532, 72680, 96306, 106338, 101012, 21937, 11533]"
113885,"[52174, 95046, 6981, 71904, 107771, 25950, 2808, 21682, 44318, 80524]"
113886,"[105789, 61562, 19997, 78640, 23021, 8345, 20852, 12773, 97315, 32939]"
113887,"[7785, 78115, 98796, 40585, 16474, 16630, 98126, 28093, 51955, 53915]"
113888,"[77322, 4529, 1468, 22080, 81061, 5204, 70828, 24974, 11695, 71059]"
113889,"[29424, 92848, 80437, 3137, 51331, 68995, 71280, 99005, 16956, 62685]"
113890,"[84700, 24844, 39773, 24770, 38532, 79608, 51691, 5645, 99468, 59595]"
113891,"[106698, 82515, 88083, 50621, 61718, 86772, 22750, 50653, 34922, 9889]"
113892,"[80867, 61254, 26254, 4816, 9914, 84759, 11789, 85657, 81855, 36045]"
113893,"[22235, 76727, 66372, 62050, 43881, 74222, 62116, 6582, 43683, 53366]"
113894,"[65682, 46889, 65764, 21425, 55936, 71266, 108483, 101540, 46154, 81298]"
113895,"[34016, 25474, 100150, 77592, 46123, 94808, 20906, 96522, 84998, 65985]"
113896,"[25884, 61907, 34559, 44286, 15400, 82469, 81075, 31265, 94064, 72927]"
113897,"[57795, 1590, 22617, 89630, 2569, 57855, 8118, 66837, 76314, 104948]"
113898,"[99340, 58862, 108720, 80304, 4640, 48375, 65921, 78798, 31350, 106425]"
113899,"[13647, 89876, 77577, 28341, 101318, 76484, 16310, 101334, 567, 48144]"
113900,"[81521, 54228, 39890, 19507, 72987, 36429, 8999, 109129, 18255, 25936]"
113901,"[60189, 69591, 31406, 76059, 80618, 29198, 67268, 43674, 99843, 98448]"
113902,"[62358, 30776, 44266, 26587, 54684, 55143, 102415, 84578, 75631, 80538]"
113903,"[59441, 93801, 20022, 76943, 39664, 83714, 107494, 67863, 22237, 29037]"
113904,"[30601, 1775, 10741, 23458, 1180, 99882, 4005, 13637, 60138, 9884]"
113905,"[77842, 58141, 87734, 46363, 50775, 71517, 5964, 50614, 4516, 68725]"
113906,"[67291, 69143, 82236, 21816, 52014, 36957, 73134, 9408, 42063, 20880]"
113907,"[18172, 84403, 53696, 28823, 20206, 79756, 88458, 89770, 51512, 88074]"
113908,"[51552, 93009, 76322, 32883, 90823, 82739, 72387, 92632, 18022, 39016]"
113909,"[53853, 68125, 71975, 66325, 78189, 69253, 25997, 49047, 11248, 96321]"
113910,"[84968, 73141, 85536, 76411, 43222, 36768, 90357, 59248, 39693, 77244]"
113911,"[101167, 44023, 60928, 8042, 53344, 93049, 21048, 8136, 65618, 48703]"
113912,"[13557, 62283, 94784, 41706, 50888, 56266, 79315, 18754, 33315, 58906]"
113913,"[57460, 16794, 40325, 18614, 82134, 68473, 26048, 65563, 4406, 80756]"
113914,"[104139, 76912, 104957, 26182, 95630, 106498, 35835, 53495, 102251, 16975]"
113915,"[37082, 86507, 82942, 11781, 33305, 41628, 31368, 38101, 80087, 51687]"
113916,"[108126, 64205, 103817, 48765, 43642, 39787, 96622, 107277, 26871, 85624]"
113917,"[77147, 25728, 28769, 105462, 78513, 42785, 38736, 41524, 5971, 55900]"
113918,"[76700, 59131, 11909, 55530, 18071, 102748, 87901, 90069, 44608, 22081]"
113919,"[17223, 67868, 105711, 49392, 12514, 38073, 6235, 87005, 58392, 30821]"
113920,"[34581, 68481, 36067, 85294, 98560, 41647, 83928, 69352, 70555, 27981]"
113921,"[75906, 49011, 63117, 73175, 57734, 46227, 60327, 62638, 21497, 104239]"
113922,"[69317, 44587, 30106, 35628, 101657, 51471, 35519, 102687, 33738, 96546]"
113923,"[29474, 40405, 57311, 6143, 106502, 1499, 77362, 73936, 6305, 29356]"
113924,"[44756, 90075, 6445, 59463, 87967, 70976, 101066, 61573, 88698, 63455]"
113925,"[95737, 33177, 29427, 102713, 83954, 38411, 12589, 102292, 107058, 18349]"
113926,"[88099, 28212, 26498, 41698, 84935, 34891, 6492, 20651, 59487, 101098]"
113927,"[86331, 106130, 8537, 54346, 103472, 3778, 32432, 63626, 5551, 87874]"
113928,"[68257, 2618, 38948, 71960, 78420, 35606, 11670, 87860, 84760, 89820]"
113929,"[3611, 93217, 51706, 57008, 1394, 98490, 103087, 73089, 70374, 101565]"
113930,"[95083, 101486, 12056, 70866, 6468, 96898, 20657, 82612, 47487, 62820]"
113931,"[97849, 91033, 89523, 26644, 103381, 57449, 21500, 12179, 88320, 51907]"
113932,"[61471, 73175, 94850, 102747, 34863, 15649, 84216, 80669, 59361, 51803]"
113933,"[106781, 79936, 74264, 36120, 3817, 107201, 19753, 98076, 27406, 27835]"
113934,"[4906, 82171, 79573, 36880, 80722, 80928, 92720, 22536, 77044, 74046]"
113935,"[95613, 91788, 77579, 45672, 109626, 43629, 51104, 41696, 26445, 95243]"
113936,"[2923, 103743, 62569, 18638, 74172, 31196, 8469, 69695, 12658, 23368]"
113937,"[20280, 28843, 23495, 101252, 49565, 68110, 100305, 109412, 54864, 75314]"
113938,"[21482, 38294, 55739, 98118, 102286, 57305, 86153, 9454, 12307, 40847]"
113939,"[81684, 17133, 71168, 18203, 40201, 109133, 7107, 105672, 87630, 1418]"
113940,"[80074, 76483, 24656, 59450, 55459, 106897, 34829, 12607, 102000, 92418]"
113941,"[93028, 80229, 22618, 72474, 50397, 105380, 20992, 14992, 86025, 46556]"
113942,"[80331, 21335, 109620, 92687, 65143, 62809, 98575, 97779, 86382, 81782]"
113943,"[71024, 86508, 57308, 80857, 101532, 94251, 40935, 65467, 66469, 12665]"
113944,"[92063, 84711, 66736, 82249, 94492, 47471, 86705, 63512, 77909, 108458]"
113945,"[77871, 26211, 46232, 107477, 26122, 86812, 1800, 34668, 75384, 61698]"
113946,"[101180, 61458, 101914, 56797, 59905, 19095, 95092, 18719, 25588, 100611]"
113947,"[1049, 19570, 54660, 23270, 42445, 97498, 105988, 51387, 82540, 51002]"
113948,"[73253, 3454, 82470, 74160, 53086, 106219, 11208, 49099, 108424, 36111]"
113949,"[94240, 80836, 6458, 4397, 60593, 58851, 80369, 23966, 13057, 87157]"
113950,"[76310, 24362, 70079, 102391, 71497, 4708, 35669, 16937, 55821, 23346]"
113951,"[50298, 17429, 103750, 59754, 77912, 78512, 86815, 66096, 87559, 19308]"
113952,"[5699, 51935, 36799, 26132, 27029, 101022, 95980, 39556, 91734, 96228]"
113953,"[39214, 43950, 76149, 26549, 34631, 72606, 91745, 69682, 101371, 92579]"
113954,"[93055, 78100, 109774, 37484, 81766, 8408, 85183, 79196, 45578, 49422]"
113955,"[48299, 104367, 5525, 103332, 22272, 26595, 39634, 46208, 68887, 105895]"
113956,"[89599, 88335, 49881, 17582, 8320, 99541, 85931, 91049, 30931, 8097]"
113957,"[15059, 79170, 53337, 62615, 60415, 11417, 25539, 91549, 44761, 56502]"
113958,"[13300, 95391, 105918, 41432, 39512, 26310, 53213, 19970, 89304, 62394]"
113959,"[91539, 105354, 9422, 12360, 46352, 66128, 2598, 67640, 32996, 15478]"
113960,"[3733, 38096, 72307, 6292, 22060, 2120, 75783, 71242, 102376, 8907]"
113961,"[40568, 23307, 93613, 66159, 57081, 78489, 20326, 61115, 32366, 80886]"
113962,"[47756, 69643, 78541, 104877, 108187, 76793, 70246, 20411, 36304, 5449]"
113963,"[28817, 104796, 25843, 19891, 55149, 24865, 76596, 78321, 96955, 46920]"
113964,"[1855, 101166, 6408, 10499, 23995, 2066, 45312, 106697, 106663, 15933]"
113965,"[54857, 70043, 109408, 44001, 57383, 10466, 93763, 72393, 108731, 14541]"
113966,"[54161, 73679, 42051, 73049, 24619, 57852, 54035, 50047, 65332, 27190]"
113967,"[49781, 84903, 80283, 8579, 60065, 59472, 99809, 90762, 66507, 58629]"
113968,"[4553, 46436, 24490, 7197, 68662, 64249, 28913, 30363, 42087, 65711]"
113969,"[6781, 30892, 64106, 93796, 10698, 4308, 24446, 75220, 53814, 107005]"
113970,"[39224, 99845, 32624, 14111, 104789, 75026, 96425, 49490, 83747, 50336]"
113971,"[99292, 54370, 70259, 54869, 9933, 89210, 73879, 19172, 96891, 3801]"
113972,"[95984, 80674, 36158, 101883, 25885, 82767, 72935, 32599, 80591, 108487]"
113973,"[46989, 30578, 40313, 85950, 62022, 3037, 104886, 102511, 4798, 57609]"
113974,"[64927, 83528, 35214, 92673, 67039, 104548, 46125, 89068, 16081, 58592]"
113975,"[108916, 4448, 13081, 7111, 80016, 106699, 62491, 13843, 4272, 10041]"
113976,"[69132, 102160, 77440, 10895, 37258, 75274, 43225, 22410, 38665, 34163]"
113977,"[32024, 8295, 1254, 44668, 80113, 35549, 16368, 100132, 16818, 36781]"
113978,"[91098, 91348, 63318, 7900, 37372, 72241, 43954, 44362, 74573, 58188]"
113979,"[77635, 94081, 90045, 631, 22797, 20544, 103274, 20803, 43936, 82082]"
113980,"[90623, 75130, 39285, 19868, 28349, 107183, 28756, 33731, 43399, 37356]"
113981,"[57271, 21544, 14638, 50298, 77193, 33159, 103750, 5681, 3634, 24517]"
113982,"[95610, 11704, 104872, 44436, 1987, 23843, 92233, 84676, 69564, 98613]"
113983,"[81603, 66645, 21794, 87389, 79065, 72466, 71081, 4636, 53795, 65661]"
113984,"[97971, 75020, 95485, 65524, 49608, 12856, 43162, 6039, 65766, 47057]"
113985,"[79407, 77670, 62580, 3807, 41680, 71950, 38951, 85822, 41376, 44928]"
113986,"[9763, 96217, 70769, 29609, 38186, 51003, 34544, 59992, 5480, 41038]"
113987,"[32222, 31717, 94844, 106444, 8849, 75251, 107527, 8064, 29169, 88650]"
113988,"[25750, 93091, 32800, 41054, 69407, 8, 13369, 28181, 94566, 47126]"
113989,"[49256, 10914, 16553, 100465, 39387, 71270, 98222, 56747, 24187, 30529]"
113990,"[4147, 41838, 103501, 106529, 84168, 37682, 68569, 100865, 13817, 3140]"
113991,"[105388, 40710, 12005, 73668, 45121, 11688, 66967, 6176, 107527, 21353]"
113992,"[60447, 2381, 56100, 311, 29869, 37011, 83137, 101412, 75179, 87814]"
113993,"[93915, 86018, 29193, 9429, 108518, 82775, 1438, 12953, 102925, 18575]"
113994,"[289, 39742, 47139, 34536, 101439, 27269, 2749, 67025, 86714, 3943]"
113995,"[61521, 64577, 1410, 69938, 70380, 70283, 40410, 30853, 23411, 102107]"
113996,"[31943, 75130, 7876, 76893, 75776, 17165, 83490, 66412, 66298, 65290]"
113997,"[58038, 44220, 78346, 14095, 24132, 44079, 70620, 58118, 5657, 39176]"
113998,"[76846, 96308, 85633, 7191, 59619, 99288, 10653, 37323, 76016, 54540]"
113999,"[32922, 57753, 58754, 53968, 11265, 82898, 37133, 98599, 41859, 6848]"
114000,"[63555, 103421, 38496, 50083, 28011, 97893, 743, 36434, 82163, 106704]"
114001,"[56955, 106705, 9572, 66587, 104528, 71175, 70615, 66139, 22030, 98909]"
114002,"[16732, 104741, 85095, 9334, 82752, 24376, 65536, 67474, 65542, 41401]"
114003,"[56200, 82023, 11746, 98551, 33879, 15771, 63650, 92466, 13571, 10365]"
114004,"[14140, 75127, 85918, 4441, 57694, 54310, 101450, 97500, 63206, 31399]"
114005,"[97760, 102762, 44981, 79934, 98389, 33381, 74522, 54196, 6457, 53689]"
114006,"[91719, 64682, 12443, 73820, 50255, 48781, 39293, 33416, 22417, 74533]"
114007,"[48054, 59600, 55008, 17927, 57398, 108520, 87820, 29766, 83616, 15110]"
114008,"[39146, 41312, 61831, 57009, 40703, 36352, 16861, 97564, 37971, 94354]"
114009,"[71788, 92281, 96928, 14239, 47577, 68883, 24365, 7068, 70508, 26483]"
114010,"[104684, 107207, 57216, 7549, 97303, 71962, 52551, 74110, 65687, 103456]"
114011,"[90210, 14668, 95432, 16654, 77681, 108148, 3580, 33906, 10276, 21196]"
114012,"[100510, 92718, 82383, 108618, 46926, 34554, 67365, 39451, 11036, 26197]"
114013,"[42446, 62971, 59921, 27280, 96753, 38028, 29104, 82340, 106670, 35054]"
114014,"[60290, 57626, 4879, 101793, 46645, 97539, 10066, 52963, 15383, 64443]"
114015,"[22390, 5256, 70260, 26290, 86733, 23133, 101775, 109731, 23030, 19600]"
114016,"[17574, 89102, 44245, 64726, 30283, 16930, 17505, 90229, 51845, 67815]"
114017,"[33423, 64501, 39003, 66860, 41877, 43481, 18494, 35609, 90687, 63305]"
114018,"[34388, 92526, 105240, 67445, 38406, 45083, 77980, 10161, 21697, 12400]"
114019,"[28673, 89322, 63520, 96054, 70102, 10409, 40738, 73451, 46771, 22807]"
114020,"[58359, 1388, 59077, 38576, 11911, 26293, 86230, 109018, 68132, 40532]"
114021,"[64852, 37673, 65933, 32136, 91946, 82529, 84202, 2212, 103642, 21657]"
114022,"[96536, 45576, 31904, 7343, 19020, 79210, 12569, 64449, 80638, 20112]"
114023,"[85548, 14288, 94439, 45600, 9104, 102108, 27055, 48061, 88611, 17868]"
114024,"[106346, 30939, 86503, 46958, 87268, 45765, 21606, 12087, 4396, 85747]"
114025,"[76095, 100923, 15601, 24183, 78528, 2328, 40584, 20709, 60430, 91265]"
114026,"[29778, 29256, 55467, 87857, 108791, 72516, 63539, 95463, 105746, 72253]"
114027,"[72092, 1967, 65839, 7450, 54505, 90409, 10307, 44058, 16844, 18671]"
114028,"[69753, 77416, 20648, 10174, 87156, 56045, 42294, 34049, 85509, 82850]"
114029,"[70235, 62542, 78237, 8690, 56723, 1008, 3803, 22543, 88560, 887]"
114030,"[31121, 87099, 66234, 36581, 42604, 90371, 80645, 88830, 15798, 23761]"
114031,"[53988, 94049, 105016, 84082, 53034, 30912, 2602, 23429, 36304, 27406]"
114032,"[87128, 59054, 90581, 51472, 98834, 109151, 57661, 39149, 50273, 63761]"
114033,"[37476, 51002, 102951, 17443, 12947, 27727, 40478, 37272, 54660, 37367]"
114034,"[50227, 107615, 82870, 69337, 35651, 22603, 28437, 105050, 103771, 22485]"
114035,"[37599, 66228, 12741, 39164, 32576, 58952, 1842, 31345, 50672, 67974]"
114036,"[103551, 104297, 80947, 66240, 73992, 28760, 72832, 54698, 360, 73208]"
114037,"[84909, 84320, 85352, 81917, 84727, 36336, 55749, 51675, 20778, 60184]"
114038,"[28396, 17148, 102610, 41657, 4213, 97748, 99031, 22535, 77013, 89080]"
114039,"[61872, 5345, 55179, 4251, 42834, 80984, 69242, 81835, 25941, 33692]"
114040,"[77395, 35016, 46751, 28749, 24731, 9908, 109350, 8684, 89294, 64550]"
114041,"[41515, 20864, 106364, 78903, 54930, 87976, 86897, 36353, 3179, 4792]"
114042,"[70493, 101954, 88022, 72527, 60862, 90648, 14309, 51268, 46825, 11185]"
114043,"[86352, 47968, 105634, 35392, 18638, 40874, 44419, 71654, 16083, 109169]"
114044,"[101430, 104387, 54634, 91630, 15660, 77069, 57854, 98499, 59412, 10687]"
114045,"[8884, 49742, 47994, 57116, 38502, 97870, 1546, 71069, 2691, 61159]"
114046,"[19226, 24135, 43708, 53391, 24172, 95002, 62900, 29026, 93905, 34396]"
114047,"[5624, 97172, 100545, 71700, 32946, 50357, 95949, 51018, 72627, 18445]"
114048,"[80655, 61535, 23820, 41759, 30493, 18947, 59597, 39546, 72891, 5175]"
114049,"[46050, 19754, 61924, 76539, 59898, 36522, 32026, 94874, 45692, 74327]"
114050,"[76149, 70913, 90661, 36216, 93186, 22967, 86319, 91745, 8708, 27452]"
114051,"[98839, 103457, 60826, 10688, 108876, 27903, 81206, 13205, 38132, 52647]"
114052,"[1453, 71734, 31045, 42198, 32617, 58208, 83772, 82297, 76152, 3056]"
114053,"[23225, 4786, 106071, 42831, 7586, 29510, 97671, 16391, 88634, 31416]"
114054,"[15761, 7617, 103140, 54664, 47301, 19097, 35023, 49496, 1274, 5463]"
114055,"[49096, 53710, 30529, 63792, 38152, 79166, 20472, 30455, 91303, 39387]"
114056,"[43237, 73344, 94327, 17377, 36550, 64051, 11474, 89306, 103599, 91845]"
114057,"[61491, 13504, 13656, 107740, 92903, 10262, 107152, 101036, 94643, 10711]"
114058,"[84248, 103855, 81653, 23042, 87876, 60035, 66357, 10612, 30046, 129]"
114059,"[93499, 78308, 101057, 106460, 98095, 40347, 28055, 52264, 88120, 64355]"
114060,"[24435, 14955, 32390, 59915, 3001, 58774, 32921, 54998, 41716, 52668]"
114061,"[12561, 46366, 41672, 88024, 46991, 87893, 14482, 54984, 105810, 27674]"
114062,"[72929, 51544, 34709, 100322, 23472, 102870, 104081, 67758, 104784, 75987]"
114063,"[57541, 4483, 106334, 25850, 78464, 90883, 32634, 22169, 89061, 86464]"
114064,"[80089, 33892, 13585, 97054, 58139, 98190, 43805, 27986, 92140, 30420]"
114065,"[72430, 63402, 71953, 98976, 73265, 68516, 78109, 39524, 41844, 98844]"
114066,"[22087, 61878, 59162, 13744, 18385, 81641, 64059, 28985, 26194, 54735]"
114067,"[93695, 69977, 49574, 35224, 68330, 28974, 78765, 21001, 75478, 34650]"
114068,"[22341, 7139, 84686, 33446, 100503, 10198, 17898, 88548, 6738, 54791]"
114069,"[95458, 83173, 51443, 12802, 2409, 9089, 98903, 17930, 6564, 7529]"
114070,"[7168, 34294, 77738, 76548, 29473, 47306, 84940, 75608, 35757, 22430]"
114071,"[92650, 62695, 81319, 3984, 105870, 38170, 42395, 35156, 71780, 71240]"
114072,"[7807, 81789, 60720, 102981, 53848, 63705, 56679, 32967, 66515, 87506]"
114073,"[102412, 91235, 24303, 10535, 67774, 92207, 71252, 32633, 17172, 26612]"
114074,"[44333, 75155, 82983, 28937, 22400, 91394, 66322, 83570, 23962, 1156]"
114075,"[12102, 41707, 99915, 88559, 62582, 4967, 89688, 56892, 103842, 29273]"
114076,"[695, 103111, 90719, 83710, 51327, 22505, 45702, 50101, 12152, 48760]"
114077,"[62956, 27833, 64562, 41448, 83221, 108377, 45895, 4559, 39528, 2038]"
114078,"[16767, 97413, 15671, 12111, 99351, 53043, 91941, 67807, 68906, 69833]"
114079,"[49502, 21972, 59354, 2906, 55383, 75374, 99144, 79726, 16012, 101944]"
114080,"[41451, 101231, 86282, 38078, 77815, 19845, 100250, 45082, 1073, 94475]"
114081,"[80378, 7786, 95052, 37367, 60776, 5877, 10958, 39836, 34524, 30047]"
114082,"[71859, 109201, 84441, 25140, 18670, 81170, 100576, 91366, 31041, 58711]"
114083,"[37230, 81487, 99102, 90719, 100171, 109039, 103111, 9310, 93664, 269]"
114084,"[104514, 10765, 52833, 42662, 45226, 82112, 36547, 29731, 11761, 101888]"
114085,"[67586, 3275, 24515, 18754, 1197, 19320, 43612, 42977, 87358, 60694]"
114086,"[24048, 4051, 34467, 91148, 14725, 50028, 79490, 32062, 109416, 10268]"
114087,"[53596, 59935, 77369, 92820, 46301, 18270, 34864, 74170, 80418, 59269]"
114088,"[59723, 99234, 41898, 5044, 76881, 82926, 109132, 74722, 79754, 103702]"
114089,"[42248, 60803, 63584, 99876, 35580, 36931, 102926, 77392, 89819, 16466]"
114090,"[52931, 49909, 27841, 5980, 107061, 4687, 30955, 101173, 20347, 27748]"
114091,"[91935, 93507, 82371, 105629, 83751, 8619, 29736, 6085, 80005, 14503]"
114092,"[88441, 15926, 8991, 60253, 51990, 35488, 18803, 52847, 14442, 102776]"
114093,"[60721, 39950, 75489, 49863, 12208, 92367, 59590, 23607, 1694, 89548]"
114094,"[2752, 30812, 30584, 14386, 58632, 36307, 84771, 28926, 48456, 91207]"
114095,"[15395, 73651, 89095, 72724, 80691, 72667, 70219, 62961, 93916, 68521]"
114096,"[16163, 96899, 22600, 32286, 70354, 7840, 51742, 64262, 40148, 97384]"
114097,"[19073, 41621, 67662, 92564, 59763, 62683, 57860, 15296, 6014, 85010]"
114098,"[88909, 58809, 88372, 36180, 59964, 22158, 1850, 66347, 38381, 3940]"
114099,"[31290, 94419, 106945, 29007, 109470, 38563, 52559, 44657, 9243, 107939]"
114100,"[55618, 57557, 40332, 51923, 4601, 10375, 55811, 6906, 107977, 68835]"
114101,"[88702, 2292, 6744, 57593, 4618, 66219, 53323, 89012, 34136, 68229]"
114102,"[3272, 9836, 2096, 24204, 89280, 38393, 80827, 105856, 23168, 64612]"
114103,"[72805, 101892, 87415, 9548, 12440, 8661, 32994, 8177, 26315, 19703]"
114104,"[39651, 52770, 28862, 108513, 82494, 33005, 107866, 99742, 74877, 48200]"
114105,"[73499, 65538, 47273, 54430, 31349, 91461, 67691, 70628, 29013, 107015]"
114106,"[94144, 49295, 57683, 54664, 88730, 103140, 49496, 83417, 59957, 35039]"
114107,"[63780, 105892, 2170, 78809, 88684, 93887, 97492, 60617, 72291, 64204]"
114108,"[70246, 95398, 50267, 61967, 108187, 49976, 20411, 69643, 99205, 61044]"
114109,"[89602, 95637, 23553, 71922, 83023, 13642, 35532, 19045, 107631, 55539]"
114110,"[58458, 38140, 77263, 48740, 80627, 39241, 26798, 39678, 109694, 90609]"
114111,"[67197, 38537, 61858, 34221, 91038, 28787, 55578, 61959, 11437, 60921]"
114112,"[101644, 85706, 9720, 55024, 101484, 90902, 61926, 63426, 34797, 98819]"
114113,"[70673, 17882, 81975, 97217, 24058, 27528, 13223, 58607, 89806, 78546]"
114114,"[23821, 81876, 57368, 109739, 65207, 10459, 22985, 81203, 79203, 85567]"
114115,"[39640, 106263, 104384, 67116, 87787, 54278, 28169, 76881, 92819, 41898]"
114116,"[17882, 78546, 81975, 27528, 70673, 4754, 97217, 24058, 89806, 8866]"
114117,"[99549, 28238, 1149, 100339, 66765, 50752, 43963, 49164, 24099, 74112]"
114118,"[80840, 62330, 29332, 14224, 74763, 49238, 53044, 39735, 98615, 28149]"
114119,"[74375, 2750, 81947, 7118, 43498, 18483, 39647, 31895, 10483, 105392]"
114120,"[77197, 6611, 11429, 23490, 58482, 71581, 91967, 13715, 85520, 13004]"
114121,"[55651, 91821, 75968, 13729, 57973, 46633, 52543, 20307, 25650, 32704]"
114122,"[6895, 13232, 62587, 83047, 41399, 84618, 48515, 81640, 101561, 24419]"
114123,"[13855, 85871, 28579, 37661, 37962, 30991, 53316, 103878, 44863, 83614]"
114124,"[11901, 84, 35246, 102884, 83094, 64149, 25637, 59264, 101117, 62449]"
114125,"[28593, 84878, 74342, 74270, 17407, 107916, 28330, 38861, 29525, 6346]"
114126,"[98906, 15789, 92420, 22113, 26220, 5526, 83372, 101373, 79278, 11448]"
114127,"[109119, 41031, 79272, 75671, 30015, 36925, 106712, 1854, 54648, 79667]"
114128,"[6999, 78037, 49730, 6129, 7461, 57723, 328, 52144, 12529, 57754]"
114129,"[46092, 1665, 43483, 59191, 95875, 65575, 67887, 13001, 82595, 91140]"
114130,"[33180, 97696, 66857, 9611, 17908, 87515, 3331, 14941, 29119, 46388]"
114131,"[63294, 104611, 96092, 38710, 89956, 5611, 58284, 23369, 92488, 29818]"
114132,"[80047, 52599, 10680, 8166, 80586, 5326, 56095, 19416, 3539, 92730]"
114133,"[46227, 11190, 88682, 94019, 38281, 9720, 14164, 13713, 57316, 78818]"
114134,"[65309, 47858, 18762, 86348, 75248, 88672, 65507, 80122, 74433, 81969]"
114135,"[52847, 71600, 15926, 51990, 18803, 35488, 13817, 104704, 4620, 57442]"
114136,"[47750, 99654, 51712, 27982, 13884, 97475, 50932, 57946, 22181, 28360]"
114137,"[80836, 60593, 22100, 104953, 13057, 3944, 30131, 20973, 75604, 94240]"
114138,"[14866, 4533, 35065, 102614, 75962, 99896, 64389, 67523, 89555, 35778]"
114139,"[91911, 26655, 21865, 85298, 2094, 51779, 45993, 18239, 65244, 89483]"
114140,"[89428, 52838, 47982, 384, 26161, 31372, 14104, 109609, 46695, 28380]"
114141,"[58778, 25654, 63746, 15025, 30603, 51295, 63981, 32795, 206, 81752]"
114142,"[45492, 105876, 46639, 15967, 22427, 106164, 55967, 77610, 22262, 13685]"
114143,"[79468, 36214, 93000, 73411, 106575, 54827, 28523, 36091, 3859, 9004]"
114144,"[11482, 56817, 4891, 75607, 31953, 79428, 108812, 108727, 64430, 48765]"
114145,"[35379, 26806, 1087, 31317, 53124, 62750, 2123, 88317, 60334, 39108]"
114146,"[81556, 38442, 71944, 17587, 107254, 89829, 8328, 9510, 72096, 59804]"
114147,"[47880, 75192, 49464, 3281, 77036, 19284, 85615, 76251, 98952, 24956]"
114148,"[75413, 97624, 94781, 11484, 6603, 69216, 101680, 6842, 34092, 21767]"
114149,"[66941, 46182, 39853, 86410, 84481, 102062, 94803, 56511, 108965, 78922]"
114150,"[62785, 12799, 6540, 28741, 54402, 19460, 11009, 74639, 5835, 63533]"
114151,"[60447, 29869, 70135, 90061, 311, 101895, 39668, 68363, 19592, 83137]"
114152,"[23518, 498, 96636, 11341, 48147, 59788, 43723, 51257, 66528, 67530]"
114153,"[107116, 867, 30600, 100675, 90162, 41132, 58127, 10473, 11994, 35129]"
114154,"[12315, 80642, 49786, 19325, 14567, 69127, 97370, 12679, 20828, 22595]"
114155,"[97936, 59703, 29015, 40713, 51909, 103794, 30949, 25034, 11494, 67917]"
114156,"[46918, 85902, 61390, 55839, 69636, 45958, 45056, 69916, 89242, 6246]"
114157,"[45665, 92949, 8249, 94410, 8366, 82679, 4013, 56204, 94129, 88713]"
114158,"[59335, 16215, 65687, 94604, 83546, 12342, 107203, 2391, 97303, 107207]"
114159,"[56460, 82220, 56365, 69577, 74305, 99266, 2935, 99866, 92858, 66820]"
114160,"[77612, 78725, 65468, 102930, 60296, 5271, 60816, 11665, 50640, 31615]"
114161,"[92087, 85405, 69827, 67412, 78080, 77757, 94946, 95303, 45538, 28798]"
114162,"[65371, 65475, 90423, 81220, 103542, 80178, 87561, 92399, 40933, 94962]"
114163,"[90759, 42600, 94047, 78776, 86351, 23197, 97723, 8072, 17022, 57931]"
114164,"[41412, 104792, 55101, 39112, 50249, 39749, 22817, 49138, 55160, 46997]"
114165,"[101027, 51865, 82316, 79896, 4145, 62395, 63181, 76506, 71940, 66723]"
114166,"[87829, 40272, 4459, 94231, 20934, 13094, 81195, 85092, 63295, 109570]"
114167,"[67565, 28827, 82290, 76061, 14082, 13332, 36319, 81127, 30801, 20831]"
114168,"[105095, 73445, 29858, 15902, 79698, 75520, 73430, 29993, 13569, 31897]"
114169,"[108349, 107392, 4749, 77042, 107007, 75267, 46059, 28596, 30684, 22414]"
114170,"[97571, 98328, 30164, 63357, 51090, 68538, 3987, 9636, 75500, 26862]"
114171,"[3307, 36598, 63725, 614, 101300, 59862, 15689, 7202, 62789, 830]"
114172,"[39050, 71932, 89768, 18237, 109432, 60142, 97189, 108636, 44293, 95278]"
114173,"[50612, 24116, 28282, 25193, 16730, 39362, 19906, 55641, 70680, 103510]"
114174,"[34495, 86037, 8180, 52842, 5376, 22854, 14322, 101058, 42151, 106393]"
114175,"[98548, 38214, 48561, 30975, 11472, 20734, 772, 5833, 90269, 14980]"
114176,"[93135, 17892, 7950, 33898, 63035, 101970, 2645, 35094, 28375, 291]"
114177,"[60497, 11288, 12844, 101094, 40397, 86593, 8885, 40772, 78682, 21594]"
114178,"[44536, 70862, 23646, 80023, 16809, 107766, 55619, 84698, 8974, 46778]"
114179,"[9839, 85164, 84012, 79966, 105073, 52710, 54375, 54816, 68515, 64247]"
114180,"[14092, 107267, 59464, 52691, 8253, 52805, 58235, 19954, 90344, 16998]"
114181,"[48858, 60628, 56041, 6838, 19196, 32040, 53578, 56572, 73945, 31929]"
114182,"[5518, 102302, 69209, 37689, 3028, 51998, 282, 8649, 62540, 76825]"
114183,"[101467, 2279, 37507, 29609, 38186, 96217, 70769, 41038, 89021, 4565]"
114184,"[83630, 72165, 55849, 13251, 90863, 95854, 32270, 71197, 68828, 81801]"
114185,"[46281, 36567, 56324, 29578, 27628, 96707, 34161, 29502, 33539, 82722]"
114186,"[64252, 65686, 43642, 106840, 36594, 82141, 15325, 2910, 62883, 34324]"
114187,"[86456, 87293, 80233, 71073, 43243, 91034, 31608, 13269, 95153, 107492]"
114188,"[85667, 102561, 99118, 59993, 99903, 25138, 101591, 54157, 104199, 32142]"
114189,"[82683, 34799, 39906, 52562, 72351, 17928, 101487, 13629, 58888, 2001]"
114190,"[71790, 74850, 88209, 60232, 90489, 68179, 30542, 14001, 48514, 40535]"
114191,"[86046, 95281, 7899, 15967, 109650, 13500, 100732, 85465, 75069, 76185]"
114192,"[23753, 62621, 52291, 33856, 98668, 29440, 66359, 100529, 58046, 109064]"
114193,"[71829, 52771, 71408, 24873, 77173, 55032, 54656, 90781, 94641, 5919]"
114194,"[51196, 67310, 63881, 41921, 84780, 82039, 66186, 105316, 76667, 94892]"
114195,"[47688, 76435, 5522, 33011, 98369, 86007, 25533, 59488, 2197, 40197]"
114196,"[27439, 107361, 91823, 96943, 59346, 103543, 69252, 20037, 4514, 49005]"
114197,"[12546, 107612, 8748, 56347, 64596, 76154, 2750, 92092, 1998, 17962]"
114198,"[60258, 105256, 54081, 44717, 49146, 79035, 296, 3827, 80337, 72785]"
114199,"[55463, 44002, 48522, 26481, 83098, 103536, 91143, 54461, 20283, 93654]"
114200,"[26566, 20781, 83884, 108763, 64814, 41264, 72467, 15526, 88992, 107167]"
114201,"[32360, 45530, 15775, 82707, 95287, 104679, 7255, 30722, 52232, 66422]"
114202,"[54345, 88459, 102767, 23942, 45591, 58217, 12510, 48826, 30642, 20819]"
114203,"[93973, 88516, 50197, 28011, 106704, 54249, 22313, 107571, 92584, 13680]"
114204,"[349, 88896, 109191, 93381, 23236, 78615, 72092, 42493, 95408, 61298]"
114205,"[102029, 49344, 80693, 104150, 74217, 29109, 107870, 64345, 46637, 106603]"
114206,"[96347, 15985, 55993, 83264, 54162, 22208, 7793, 84629, 57987, 46133]"
114207,"[5612, 13837, 77103, 28560, 44773, 34761, 77532, 107218, 75124, 52874]"
114208,"[11079, 36222, 70627, 100148, 2, 4367, 12837, 49673, 79340, 96533]"
114209,"[15316, 52606, 34957, 92177, 29116, 24907, 87123, 39355, 46073, 86460]"
114210,"[102459, 46713, 5947, 562, 29724, 26139, 101247, 10306, 37543, 36236]"
114211,"[95992, 22694, 47976, 107865, 72071, 89099, 39102, 89343, 47805, 44927]"
114212,"[5054, 71782, 89713, 106117, 31707, 83175, 107460, 71084, 75563, 85803]"
114213,"[82250, 78265, 73382, 2521, 33317, 27997, 46522, 40639, 63901, 19958]"
114214,"[22035, 49153, 42531, 68812, 39057, 78508, 14201, 60133, 92636, 43691]"
114215,"[1436, 92047, 30814, 81492, 104058, 94663, 70687, 29319, 42357, 96580]"
114216,"[32722, 74209, 16324, 71153, 32779, 107634, 58531, 86833, 84715, 25586]"
114217,"[107680, 19467, 53997, 96060, 106181, 65528, 19283, 104464, 66257, 58433]"
114218,"[17053, 30401, 18669, 32433, 44652, 40748, 106786, 45027, 95639, 2443]"
114219,"[94432, 16916, 53269, 20678, 19061, 80350, 60201, 41811, 86500, 51757]"
114220,"[53807, 74737, 41237, 94251, 55859, 41892, 104110, 102924, 77227, 43745]"
114221,"[99246, 107856, 6595, 83911, 75696, 22945, 108969, 95375, 47871, 17347]"
114222,"[41012, 102189, 32925, 52040, 5416, 62426, 45211, 50716, 63166, 46729]"
114223,"[35065, 31370, 69553, 102614, 105654, 79958, 68096, 52404, 64389, 101936]"
114224,"[20999, 48020, 105973, 24941, 63514, 54988, 54911, 93311, 17458, 54391]"
114225,"[38104, 43768, 33808, 61670, 58449, 57567, 71998, 76742, 49955, 8683]"
114226,"[29198, 9418, 10072, 60189, 1373, 80618, 67268, 43674, 98448, 69591]"
114227,"[10457, 45281, 109600, 50466, 37928, 17002, 40922, 91727, 21081, 2767]"
114228,"[18374, 106251, 76171, 104253, 66978, 94734, 52445, 469, 44218, 93153]"
114229,"[38398, 50822, 60559, 27529, 104867, 64890, 12922, 66393, 90884, 64509]"
114230,"[78814, 61850, 23783, 82888, 12395, 11759, 108982, 36351, 85115, 98342]"
114231,"[27769, 87534, 3444, 83847, 8483, 79289, 84230, 77663, 1842, 33962]"
114232,"[20585, 95979, 22561, 79005, 13504, 73255, 54548, 13294, 107740, 92903]"
114233,"[85522, 56496, 15408, 55562, 66301, 52644, 108912, 9301, 51221, 66418]"
114234,"[71069, 2691, 61159, 47994, 5287, 7489, 57649, 97870, 79032, 2155]"
114235,"[21672, 107623, 88748, 96715, 48882, 101170, 31913, 74464, 8203, 108844]"
114236,"[10131, 15355, 68810, 38311, 67234, 102232, 60380, 73356, 46894, 33313]"
114237,"[85939, 106369, 90310, 13311, 38022, 43031, 31494, 75837, 74448, 61786]"
114238,"[38562, 68527, 29242, 77990, 22118, 53452, 7055, 53140, 53855, 81368]"
114239,"[40587, 29537, 66225, 47354, 82344, 25859, 18689, 14689, 15123, 38632]"
114240,"[100001, 32000, 14084, 17086, 93070, 83771, 98947, 82460, 74778, 5598]"
114241,"[66285, 105575, 72590, 8789, 10339, 77029, 95926, 55263, 17885, 66490]"
114242,"[108825, 21401, 105624, 788, 38606, 4148, 3603, 75560, 84139, 38662]"
114243,"[102399, 80237, 35422, 43046, 42352, 20593, 26715, 88169, 20773, 39862]"
114244,"[109219, 31246, 62205, 12858, 12712, 15380, 41830, 65818, 44127, 44398]"
114245,"[65046, 25944, 64737, 73479, 83656, 65223, 103513, 45018, 29239, 98519]"
114246,"[43329, 51184, 37077, 38517, 16144, 85435, 78206, 7734, 44750, 31715]"
114247,"[89392, 37369, 92907, 70216, 109109, 72078, 106134, 40192, 6612, 70237]"
114248,"[73443, 29938, 1694, 35896, 1245, 91384, 78697, 48832, 109410, 96075]"
114249,"[85626, 61654, 57545, 32002, 29714, 55972, 30568, 44118, 36346, 98119]"
114250,"[38241, 25519, 73426, 38422, 29325, 10088, 31795, 57656, 11611, 72111]"
114251,"[33064, 17389, 102918, 25452, 29728, 24814, 4748, 53387, 86361, 85867]"
114252,"[85662, 43118, 90524, 42435, 78526, 38230, 69555, 106246, 82084, 72244]"
114253,"[18021, 72117, 23480, 17915, 39870, 88824, 97184, 59977, 13996, 13117]"
114254,"[38330, 66443, 88360, 91473, 92669, 53703, 37266, 63968, 2991, 27180]"
114255,"[53676, 33201, 29265, 64612, 107265, 9836, 16851, 37152, 98360, 105856]"
114256,"[61368, 49686, 43332, 98813, 18206, 99755, 85218, 45968, 32825, 76752]"
114257,"[81889, 50275, 48501, 92175, 106559, 60207, 79589, 103729, 41375, 16673]"
114258,"[36992, 50107, 8433, 30635, 96686, 82941, 54186, 81589, 20181, 81465]"
114259,"[72232, 52841, 42145, 7898, 87162, 69763, 5867, 95904, 20853, 14240]"
114260,"[103364, 25253, 16983, 87652, 19177, 103410, 19047, 33856, 83688, 100401]"
114261,"[61605, 33436, 102443, 91253, 23614, 97448, 27972, 42232, 6338, 10965]"
114262,"[12701, 94383, 22950, 19523, 37267, 84021, 32450, 78650, 24592, 17235]"
114263,"[7131, 33923, 22152, 44495, 23170, 58849, 88339, 60878, 95916, 32620]"
114264,"[42798, 74898, 58214, 64653, 106843, 60109, 39638, 23384, 75925, 93696]"
114265,"[29513, 83901, 3027, 109100, 44527, 78075, 51651, 45363, 99268, 73879]"
114266,"[99447, 64397, 4432, 72791, 18998, 7680, 60249, 37186, 1967, 1810]"
114267,"[14565, 21823, 39948, 99952, 78407, 55515, 24658, 33399, 67977, 19256]"
114268,"[9201, 39661, 42873, 46452, 28179, 82709, 21983, 3040, 67158, 24866]"
114269,"[83598, 51889, 99303, 8131, 42194, 16657, 8050, 24056, 16144, 37982]"
114270,"[84888, 35999, 81923, 78222, 99353, 71111, 12139, 76179, 99780, 84837]"
114271,"[16009, 73444, 31952, 79371, 70564, 105966, 57813, 47368, 94686, 38416]"
114272,"[106726, 68238, 8915, 80767, 47508, 18424, 90229, 3036, 55075, 27352]"
114273,"[53933, 56763, 96755, 91274, 71843, 68263, 28310, 41886, 63706, 64445]"
114274,"[71905, 104412, 78197, 44637, 107672, 80355, 76579, 201, 32335, 13125]"
114275,"[84514, 101421, 16505, 12748, 67950, 47112, 31861, 36366, 105757, 81728]"
114276,"[83929, 63534, 63379, 29926, 90552, 3324, 25781, 23850, 2270, 341]"
114277,"[71131, 21686, 13244, 69596, 11986, 70948, 106022, 30015, 58008, 56225]"
114278,"[60481, 31721, 49483, 67809, 97434, 29945, 41784, 12521, 16726, 98355]"
114279,"[26152, 79528, 68056, 48575, 61783, 51381, 68692, 52095, 109702, 54979]"
114280,"[921, 18831, 55126, 92071, 37289, 86440, 75076, 21018, 32351, 29490]"
114281,"[87953, 36384, 104410, 95252, 28496, 50794, 45189, 42713, 18380, 19759]"
114282,"[54676, 95932, 7270, 98096, 21105, 11176, 65481, 18001, 104629, 38437]"
114283,"[63007, 93710, 13597, 101142, 72283, 57389, 96069, 77591, 91701, 92286]"
114284,"[86884, 108430, 69957, 35460, 14311, 58853, 10559, 97504, 80058, 78591]"
114285,"[95319, 86824, 8739, 6053, 56930, 96317, 50827, 68826, 65217, 41622]"
114286,"[89304, 36049, 60942, 6307, 59586, 16812, 67600, 70789, 90506, 19970]"
114287,"[104449, 102632, 76601, 79713, 423, 23669, 8757, 72670, 39944, 24996]"
114288,"[79102, 12889, 52544, 43969, 8855, 33942, 18616, 109041, 29541, 88002]"
114289,"[57817, 64797, 43221, 93378, 95058, 88327, 33138, 102019, 69307, 83164]"
114290,"[34772, 76055, 78123, 5333, 65087, 81104, 35035, 53152, 58410, 39884]"
114291,"[13899, 63008, 104520, 99503, 58678, 41034, 104696, 42843, 41925, 38607]"
114292,"[105664, 30492, 79000, 38101, 11795, 96209, 92219, 91451, 86861, 40694]"
114293,"[56871, 97682, 95940, 107602, 102428, 77641, 102042, 2514, 21948, 31373]"
114294,"[60565, 33721, 45403, 87840, 45341, 76051, 51764, 73419, 48922, 74280]"
114295,"[105417, 15669, 12083, 91783, 43084, 63317, 84597, 106396, 96988, 23953]"
114296,"[34862, 91406, 77786, 14853, 17216, 50718, 19783, 46796, 2019, 8067]"
114297,"[44677, 79470, 55867, 71020, 101281, 40776, 101863, 2565, 28690, 67290]"
114298,"[22546, 107867, 87993, 89003, 70714, 88079, 47338, 41105, 88131, 12009]"
114299,"[27818, 113, 100174, 55727, 31658, 75802, 16349, 25752, 10501, 103207]"
114300,"[81540, 3702, 12788, 19954, 36374, 104590, 98748, 72483, 66659, 18959]"
114301,"[15363, 53838, 50050, 50500, 31575, 61861, 84544, 5684, 36131, 8949]"
114302,"[37377, 81561, 107713, 20941, 60926, 47956, 9508, 103522, 71754, 83770]"
114303,"[67423, 106634, 37245, 52323, 104207, 89272, 97243, 60827, 85510, 39021]"
114304,"[84675, 14224, 25683, 80840, 56590, 18301, 98615, 3438, 109673, 48245]"
114305,"[39441, 45276, 87758, 63715, 86185, 25136, 79965, 90744, 59920, 2679]"
114306,"[35910, 21325, 9042, 35024, 29654, 18955, 56803, 25976, 24491, 15356]"
114307,"[74775, 48283, 90548, 47814, 100902, 69240, 84537, 72448, 17023, 3202]"
114308,"[88705, 17605, 72314, 39991, 57610, 67037, 42855, 7932, 44488, 57911]"
114309,"[4656, 42690, 86069, 55137, 92891, 32143, 80075, 46722, 104918, 5060]"
114310,"[5036, 86490, 59571, 66992, 76574, 105405, 23698, 89183, 2672, 60520]"
114311,"[68991, 62256, 39100, 13721, 89171, 27064, 75179, 87814, 32584, 71696]"
114312,"[88984, 101797, 35366, 16167, 95366, 30696, 89382, 17319, 48850, 16577]"
114313,"[43522, 88106, 70363, 24593, 10674, 103607, 63186, 37427, 57071, 61379]"
114314,"[87472, 52889, 65338, 28366, 81460, 2701, 102957, 60557, 39673, 68732]"
114315,"[32504, 66713, 8892, 45948, 106483, 64800, 4426, 95965, 108435, 72085]"
114316,"[75871, 103390, 22027, 65442, 42741, 62886, 107001, 68721, 86658, 12164]"
114317,"[52891, 38262, 35234, 97493, 57087, 19575, 45955, 63412, 23922, 67686]"
114318,"[50568, 63441, 90694, 108520, 36479, 29874, 57788, 1928, 109211, 23277]"
114319,"[18823, 63645, 13759, 6521, 55853, 17473, 107819, 27547, 76909, 21597]"
114320,"[100082, 273, 91906, 23491, 30639, 44341, 85782, 54197, 99057, 105675]"
114321,"[4121, 66176, 5750, 34824, 102223, 22420, 51525, 18804, 67118, 81099]"
114322,"[18674, 71913, 40747, 39262, 96485, 72975, 43377, 60139, 53493, 64948]"
114323,"[64749, 98633, 109247, 29644, 799, 6268, 27323, 66579, 68685, 99568]"
114324,"[73382, 16153, 78265, 82250, 63901, 8324, 27369, 12141, 37592, 26399]"
114325,"[14967, 87208, 88746, 70589, 70722, 54940, 30452, 37852, 97221, 17345]"
114326,"[10413, 105385, 87920, 9717, 94935, 54991, 99261, 52042, 68605, 55494]"
114327,"[24812, 33595, 64128, 21201, 54952, 66682, 78634, 14619, 89843, 44082]"
114328,"[61166, 86520, 95858, 81836, 38190, 44948, 17549, 71705, 89152, 28378]"
114329,"[81994, 83971, 39527, 26190, 50679, 61902, 68004, 7658, 31341, 67983]"
114330,"[57336, 25203, 65695, 59415, 95933, 108028, 1311, 60809, 53544, 43731]"
114331,"[55290, 79301, 81398, 100319, 72875, 58251, 89839, 85601, 43218, 99211]"
114332,"[52947, 65270, 95424, 73880, 101706, 75978, 94934, 25220, 66556, 56472]"
114333,"[86215, 103261, 15674, 55973, 79901, 101902, 49677, 10661, 73081, 91217]"
114334,"[55842, 49353, 3515, 34242, 57216, 7549, 98714, 31409, 46766, 42682]"
114335,"[99956, 5263, 104111, 47113, 89284, 15734, 68026, 35117, 3729, 44810]"
114336,"[26968, 36100, 23691, 27594, 107129, 37792, 90531, 38931, 46847, 44367]"
114337,"[97044, 107738, 46975, 43039, 103824, 24626, 7491, 12899, 22522, 39930]"
114338,"[30010, 94814, 10002, 27136, 90105, 80524, 11954, 14285, 55800, 65983]"
114339,"[97575, 1185, 15095, 103233, 21144, 73805, 109526, 2573, 68597, 81620]"
114340,"[80281, 17834, 26473, 60664, 1950, 11705, 32027, 85511, 27851, 26947]"
114341,"[29785, 38052, 48380, 30611, 101456, 96302, 75874, 67356, 78842, 60286]"
114342,"[59653, 1137, 43656, 65968, 84902, 63672, 35360, 35459, 55345, 66111]"
114343,"[60585, 56152, 91912, 15906, 4191, 34969, 109507, 36902, 27937, 7069]"
114344,"[57860, 89353, 59763, 73587, 93294, 91311, 17225, 102089, 92077, 19073]"
114345,"[4565, 11121, 93702, 28214, 38186, 29609, 56883, 41038, 52863, 89021]"
114346,"[17237, 3825, 30804, 42458, 16593, 105754, 74063, 34944, 6195, 53529]"
114347,"[25952, 97530, 93531, 67673, 91592, 99036, 11199, 5421, 102970, 88255]"
114348,"[36387, 11377, 583, 93830, 6622, 93935, 75670, 22202, 61214, 28227]"
114349,"[41117, 14526, 24055, 93756, 32417, 54143, 41642, 67859, 42412, 98849]"
114350,"[99725, 65997, 66438, 56685, 72944, 31198, 54057, 89864, 5427, 50857]"
114351,"[71030, 81234, 4977, 24245, 94448, 92386, 43568, 13188, 28401, 48736]"
114352,"[95458, 98903, 32068, 12802, 51443, 83173, 6564, 52160, 41405, 7529]"
114353,"[37487, 15878, 45665, 94129, 88713, 92949, 48434, 90029, 513, 8366]"
114354,"[35600, 72639, 106180, 67580, 45886, 107125, 39411, 90160, 51786, 55409]"
114355,"[3532, 17664, 13877, 61105, 68238, 24253, 58600, 58614, 41719, 14683]"
114356,"[20557, 85111, 102121, 36462, 68916, 87025, 102066, 57201, 9556, 87823]"
114357,"[39747, 88388, 63554, 10892, 55240, 103463, 7149, 7020, 69253, 53105]"
114358,"[105709, 21819, 1395, 97210, 74159, 26720, 28746, 73612, 46541, 6827]"
114359,"[103485, 23809, 55976, 85987, 66759, 99846, 94575, 5232, 19668, 74612]"
114360,"[103648, 47194, 30959, 60992, 63462, 90617, 51522, 53173, 39984, 50260]"
114361,"[48978, 91918, 22193, 64989, 41318, 70989, 85557, 5030, 30646, 38309]"
114362,"[54279, 76724, 96420, 47903, 32672, 27420, 24688, 69435, 7197, 72518]"
114363,"[33029, 25856, 40862, 105369, 13728, 38137, 103630, 68146, 5138, 20304]"
114364,"[74608, 19129, 67127, 92973, 18324, 94791, 88118, 17718, 27328, 54168]"
114365,"[93615, 15542, 44459, 100651, 31661, 90147, 2387, 25478, 23012, 39119]"
114366,"[40910, 50803, 2241, 25140, 23993, 49975, 87461, 15880, 59607, 12993]"
114367,"[20587, 78068, 92686, 30765, 19102, 75355, 107080, 58424, 75661, 60103]"
114368,"[30911, 85270, 59840, 39439, 61200, 54916, 9230, 45541, 56925, 72766]"
114369,"[87458, 14605, 46819, 12629, 57538, 80693, 62993, 99255, 100813, 88856]"
114370,"[1419, 26649, 1494, 28992, 90112, 57168, 101866, 30228, 28779, 44076]"
114371,"[46843, 50536, 81159, 49767, 51510, 97599, 23004, 19369, 33251, 88845]"
114372,"[65803, 56817, 4891, 88799, 33855, 15003, 98150, 24914, 99473, 82502]"
114373,"[38093, 36102, 44252, 104198, 103181, 93001, 81009, 78569, 59511, 57069]"
114374,"[95380, 24404, 107306, 38663, 89896, 11989, 41101, 67622, 2131, 9920]"
114375,"[78453, 6904, 55913, 88264, 21985, 69234, 75872, 2729, 108217, 74843]"
114376,"[70012, 30685, 39902, 95016, 88831, 85960, 22410, 82946, 86925, 102590]"
114377,"[84607, 25629, 13105, 26928, 44702, 36725, 28688, 82180, 41636, 39575]"
114378,"[67548, 49029, 54435, 91055, 88600, 43499, 51147, 77851, 41543, 80755]"
114379,"[105986, 31867, 66995, 71541, 44217, 38180, 24075, 4446, 5171, 90006]"
114380,"[70262, 53510, 69366, 81854, 64257, 101808, 91536, 68953, 20151, 108716]"
114381,"[31853, 2822, 107113, 56622, 90255, 107175, 75790, 32151, 87892, 78662]"
114382,"[23173, 49910, 54553, 76248, 54551, 29209, 83056, 10332, 26584, 94138]"
114383,"[88874, 55704, 89817, 61232, 22930, 3842, 64650, 105328, 60138, 65887]"
114384,"[83880, 43527, 95645, 101131, 97502, 94242, 51904, 25255, 28610, 83440]"
114385,"[2916, 96908, 60027, 60115, 108244, 33641, 56693, 62989, 105026, 60658]"
114386,"[50213, 74510, 54980, 44248, 20000, 10398, 71488, 51132, 17682, 35430]"
114387,"[48266, 10369, 41411, 20759, 96914, 108480, 39224, 59697, 69893, 70029]"
114388,"[84323, 21226, 7774, 58341, 23351, 60753, 15681, 1069, 59186, 84435]"
114389,"[106518, 47920, 86523, 103210, 86795, 69274, 9242, 42692, 33764, 11347]"
114390,"[48102, 77409, 108218, 32326, 95231, 91510, 76655, 64800, 8069, 37429]"
114391,"[96860, 74007, 31735, 27286, 104282, 9766, 58635, 102482, 96233, 43371]"
114392,"[44609, 78297, 5074, 8472, 66992, 4904, 105405, 87259, 35351, 68469]"
114393,"[38428, 10596, 3439, 106818, 95368, 70411, 44065, 65567, 97873, 66542]"
114394,"[65214, 80711, 97984, 83968, 85343, 21135, 79501, 16269, 23293, 40352]"
114395,"[85323, 25411, 70484, 6103, 73306, 46075, 96725, 30870, 67043, 94310]"
114396,"[24459, 105042, 10639, 48812, 52045, 41900, 70424, 95227, 49835, 25929]"
114397,"[49908, 41683, 87639, 19240, 44185, 86816, 43434, 9398, 47384, 37145]"
114398,"[54671, 56205, 107276, 33785, 35797, 44430, 22995, 50668, 32603, 82756]"
114399,"[23537, 69831, 17953, 91839, 35533, 103640, 109388, 29682, 56563, 64026]"
114400,"[103952, 16228, 54648, 93988, 100880, 6820, 7813, 66956, 56074, 97995]"
114401,"[90767, 80856, 38268, 99755, 38025, 32825, 61246, 38308, 43332, 76694]"
114402,"[12230, 27704, 62482, 88159, 42131, 3098, 67043, 70290, 69133, 270]"
114403,"[26734, 68030, 12358, 75829, 85637, 55604, 99726, 813, 67395, 92089]"
114404,"[34741, 16196, 56828, 106451, 63763, 59867, 103294, 108711, 31326, 47152]"
114405,"[9835, 84013, 23733, 49921, 72499, 27917, 2941, 3567, 3519, 14864]"
114406,"[105157, 42034, 30103, 107904, 46462, 66963, 100780, 2167, 93666, 86863]"
114407,"[93595, 28696, 59071, 31573, 58326, 100640, 106645, 75904, 3249, 51968]"
114408,"[74561, 8755, 106059, 80014, 97854, 54251, 65193, 85012, 98142, 16200]"
114409,"[57723, 91127, 71928, 36877, 52185, 34633, 7686, 6999, 69498, 38921]"
114410,"[29038, 80647, 89818, 99905, 21467, 29462, 96543, 106848, 85467, 40358]"
114411,"[12960, 92416, 74610, 68504, 99798, 43909, 109067, 108061, 43305, 21915]"
114412,"[97672, 57645, 46413, 6101, 19658, 21829, 40731, 107322, 65042, 96799]"
114413,"[6928, 69409, 80452, 93356, 77547, 104609, 55753, 6930, 42610, 72368]"
114414,"[21477, 22590, 65435, 47916, 73369, 26724, 100720, 100596, 106821, 17316]"
114415,"[22274, 11100, 18157, 57579, 41007, 67169, 44409, 48535, 2955, 43498]"
114416,"[53392, 23595, 85955, 64078, 43094, 54986, 4679, 51363, 88357, 7975]"
114417,"[87953, 95252, 50794, 45189, 42713, 48598, 104410, 36384, 28496, 7957]"
114418,"[84941, 90206, 29243, 46032, 98940, 57159, 81884, 104638, 26758, 51529]"
114419,"[10609, 15379, 57999, 33537, 50300, 559, 62599, 29499, 58206, 101290]"
114420,"[22650, 66691, 315, 5786, 102370, 21016, 11601, 91891, 44615, 20962]"
114421,"[26287, 54507, 8076, 5871, 20349, 835, 36630, 20244, 97864, 61870]"
114422,"[50363, 101704, 9584, 2327, 86240, 46427, 43779, 53043, 73929, 22428]"
114423,"[72955, 16936, 3475, 108008, 8910, 59359, 97548, 22654, 13911, 69778]"
114424,"[26478, 77333, 94573, 80968, 54551, 76248, 99420, 27780, 95236, 71789]"
114425,"[75371, 15326, 93118, 96652, 48723, 2913, 48057, 85704, 104451, 98417]"
114426,"[104382, 40157, 73978, 5757, 37344, 203, 106889, 44484, 31960, 105355]"
114427,"[5930, 75036, 73732, 103939, 25848, 94073, 51461, 84738, 47030, 13666]"
114428,"[18204, 15092, 59126, 65070, 10270, 79077, 76791, 12031, 82047, 67915]"
114429,"[69972, 31629, 10487, 52465, 49234, 56605, 45593, 72937, 2067, 22827]"
114430,"[26329, 106394, 55322, 4164, 65708, 4640, 88534, 22523, 104281, 103379]"
114431,"[63675, 64774, 74561, 8755, 106059, 80014, 82987, 105460, 80999, 101176]"
114432,"[3347, 26150, 82211, 39895, 47021, 67191, 39236, 101966, 96858, 2537]"
114433,"[14230, 80091, 38141, 105207, 41294, 44470, 62444, 79816, 71725, 62489]"
114434,"[25503, 89067, 32175, 4928, 16645, 63791, 20816, 285, 90940, 281]"
114435,"[40, 44667, 14762, 38900, 31956, 86887, 31077, 82365, 46710, 90895]"
114436,"[96326, 71256, 32612, 30213, 96734, 24337, 45090, 81304, 89280, 55671]"
114437,"[60652, 22190, 51298, 21405, 81279, 2869, 55035, 11250, 64868, 93626]"
114438,"[84192, 84476, 54657, 102443, 47542, 33436, 36429, 39890, 27972, 9028]"
114439,"[91706, 14531, 57739, 79876, 40181, 24675, 405, 3822, 78951, 15981]"
114440,"[47405, 2105, 26418, 41794, 36811, 49492, 63221, 13335, 53837, 83744]"
114441,"[87718, 42919, 103903, 71919, 66955, 93247, 8279, 63812, 73597, 87361]"
114442,"[92035, 3871, 59250, 46952, 73006, 21893, 75456, 109759, 12251, 10137]"
114443,"[34553, 88306, 87865, 47256, 39884, 94393, 26466, 12017, 26256, 33667]"
114444,"[81366, 60446, 67327, 100249, 36390, 106763, 49774, 38929, 5076, 82329]"
114445,"[880, 91392, 28298, 23194, 46169, 81905, 3554, 59109, 69389, 23523]"
114446,"[92283, 24228, 50359, 20524, 28104, 104996, 7578, 56385, 55747, 38055]"
114447,"[32587, 96833, 13130, 34847, 10850, 50728, 18558, 15521, 74934, 18578]"
114448,"[122, 86659, 61738, 50908, 838, 50572, 15807, 30890, 50810, 29667]"
114449,"[50637, 63229, 14826, 107734, 55569, 4364, 63327, 49040, 84970, 42636]"
114450,"[16650, 34054, 53370, 106811, 102287, 29621, 69965, 351, 93821, 3318]"
114451,"[50405, 52304, 82150, 76026, 102922, 48685, 90450, 107472, 72787, 22474]"
114452,"[43491, 55857, 106530, 28708, 80345, 18280, 88342, 13475, 67752, 16578]"
114453,"[48487, 52375, 29463, 98186, 61836, 83042, 52514, 40954, 88173, 75724]"
114454,"[102382, 78261, 75884, 62077, 63966, 104676, 13896, 103030, 87536, 5014]"
114455,"[19525, 102091, 55472, 14866, 59217, 33129, 67523, 69770, 4533, 75348]"
114456,"[90946, 27758, 79486, 54221, 5336, 82654, 90696, 97748, 85947, 44428]"
114457,"[103560, 20628, 17039, 26006, 84298, 27498, 88548, 2735, 6122, 12829]"
114458,"[81265, 26390, 42092, 18610, 41402, 99402, 6410, 51007, 59534, 62707]"
114459,"[63744, 11825, 61587, 109247, 75265, 73162, 95959, 64166, 67250, 72647]"
114460,"[67712, 61662, 60817, 77906, 91249, 51187, 103830, 92881, 43130, 69773]"
114461,"[17134, 74912, 99199, 82161, 16939, 87216, 105904, 76866, 95799, 50472]"
114462,"[98028, 89032, 5616, 50470, 63633, 25980, 107921, 107255, 80924, 20716]"
114463,"[35413, 94240, 92078, 3382, 97709, 62964, 109768, 55805, 104371, 106779]"
114464,"[67699, 102180, 25943, 89381, 99299, 31001, 35604, 689, 2438, 89899]"
114465,"[6358, 35297, 38259, 24733, 58165, 62356, 60187, 96678, 31964, 21585]"
114466,"[39421, 75087, 13668, 70885, 67974, 10425, 63561, 64499, 14188, 93697]"
114467,"[35006, 89166, 40495, 97251, 76490, 105100, 45813, 23770, 60384, 91624]"
114468,"[51400, 75714, 104505, 63902, 83897, 28434, 89338, 3445, 60326, 75215]"
114469,"[64771, 23512, 107531, 44848, 93734, 67511, 71528, 74162, 26926, 88533]"
114470,"[65939, 8385, 79992, 29305, 27638, 5086, 62730, 30406, 42515, 76735]"
114471,"[46312, 39633, 90931, 87117, 50534, 78601, 4053, 47492, 7663, 97802]"
114472,"[73204, 27394, 33247, 108746, 39520, 69473, 86233, 45192, 17667, 50282]"
114473,"[11329, 46271, 54023, 96112, 33779, 87469, 90550, 3356, 22931, 82682]"
114474,"[27429, 74442, 14861, 46939, 87296, 56945, 80142, 81617, 66745, 43709]"
114475,"[92924, 104930, 56837, 9492, 56608, 23382, 82925, 109685, 42554, 86659]"
114476,"[50579, 14540, 45065, 27581, 95124, 5949, 69308, 20250, 9087, 60029]"
114477,"[104184, 24585, 878, 49797, 83992, 86529, 24983, 9883, 10082, 76321]"
114478,"[81576, 58283, 25912, 73942, 95039, 8190, 89499, 69310, 99050, 95073]"
114479,"[89661, 102369, 17791, 109301, 60770, 106004, 96172, 9922, 100160, 20725]"
114480,"[7442, 22594, 6904, 69234, 78453, 54024, 98501, 2729, 16171, 96219]"
114481,"[32377, 1534, 51721, 8252, 75937, 6903, 63212, 67177, 74164, 21121]"
114482,"[24769, 96096, 41805, 95249, 66442, 66877, 99484, 64972, 76178, 7779]"
114483,"[23377, 29846, 12304, 83716, 10248, 104127, 28202, 63254, 23200, 776]"
114484,"[85537, 36986, 9968, 58125, 43500, 87252, 12136, 4772, 35105, 83452]"
114485,"[47005, 74252, 32671, 5079, 49570, 8983, 78201, 66147, 7758, 14867]"
114486,"[50801, 79641, 92986, 52990, 91044, 103612, 98366, 66935, 69760, 29323]"
114487,"[71505, 25224, 95270, 49850, 75611, 12803, 5734, 76023, 74131, 85474]"
114488,"[38308, 557, 941, 52315, 86025, 7359, 43332, 39778, 8310, 99755]"
114489,"[957, 25493, 54693, 105820, 17729, 65688, 76151, 43623, 52246, 21337]"
114490,"[79494, 77931, 19758, 14114, 13099, 49400, 36159, 98718, 11047, 23734]"
114491,"[29410, 13711, 90957, 29352, 85272, 90319, 58559, 50109, 58025, 79054]"
114492,"[55683, 8790, 1413, 14005, 69480, 35048, 43993, 14580, 99196, 90503]"
114493,"[21055, 64710, 7393, 29263, 68164, 67844, 59052, 60980, 99447, 32594]"
114494,"[31907, 62056, 107141, 807, 49416, 83793, 64745, 76647, 63461, 46501]"
114495,"[47377, 19303, 10654, 41899, 4446, 69357, 105986, 43545, 19714, 37279]"
114496,"[35602, 102527, 86522, 84662, 91459, 51735, 67124, 55816, 37368, 63486]"
114497,"[47083, 43719, 89361, 80439, 65436, 56383, 83016, 57666, 92675, 26996]"
114498,"[96594, 10795, 73561, 88121, 83874, 96731, 45999, 20726, 16687, 46830]"
114499,"[14785, 105212, 58560, 54524, 95400, 75924, 88889, 28644, 108668, 49761]"
114500,"[90695, 87438, 11832, 108033, 85448, 39896, 94738, 48442, 24332, 32631]"
114501,"[557, 8310, 33908, 86025, 105851, 38308, 7359, 73829, 4926, 941]"
114502,"[107289, 101662, 109008, 77937, 81771, 40718, 39093, 93954, 108187, 33404]"
114503,"[104002, 51420, 90502, 22140, 42934, 77771, 1139, 67525, 71519, 106790]"
114504,"[5651, 49782, 56137, 30188, 38742, 72125, 17452, 4876, 108373, 10520]"
114505,"[96581, 68425, 52799, 10309, 103427, 31307, 81621, 109124, 13644, 73989]"
114506,"[101815, 65961, 108351, 3088, 10781, 25185, 78380, 9648, 97994, 98390]"
114507,"[26950, 41017, 42647, 8523, 45112, 61639, 47917, 88496, 106175, 77348]"
114508,"[84791, 10675, 51343, 31350, 56619, 106425, 106905, 108121, 45575, 61608]"
114509,"[46111, 80293, 84437, 3739, 103606, 35696, 91727, 108567, 90193, 44923]"
114510,"[97510, 77178, 13930, 50234, 52655, 42251, 35521, 37432, 58270, 4022]"
114511,"[96201, 64474, 42099, 56521, 84862, 77930, 81949, 107815, 37616, 53304]"
114512,"[61697, 45273, 15211, 65113, 52719, 42317, 75201, 60975, 89169, 104239]"
114513,"[14518, 53779, 46799, 67464, 23923, 7956, 61463, 97241, 58525, 53810]"
114514,"[68552, 65254, 17517, 99063, 46176, 71237, 85663, 52775, 74243, 197]"
114515,"[6124, 70938, 96467, 23793, 78678, 79191, 35857, 45663, 43065, 83991]"
114516,"[36820, 35996, 88876, 75019, 31143, 11161, 31871, 33360, 54326, 33161]"
114517,"[106843, 25360, 89112, 22691, 74285, 63866, 107867, 57498, 97588, 53137]"
114518,"[55580, 8515, 89702, 83693, 2963, 48602, 51889, 97666, 18192, 93822]"
114519,"[49286, 71615, 56362, 79465, 82277, 4197, 14512, 79856, 5762, 26538]"
114520,"[16516, 105645, 26527, 10802, 55905, 24222, 37889, 68646, 91863, 2954]"
114521,"[23738, 81326, 47017, 30976, 14207, 6500, 104141, 34556, 56793, 68344]"
114522,"[71644, 43806, 34807, 34615, 98448, 92296, 67268, 99843, 109223, 47217]"
114523,"[76402, 106060, 1959, 103670, 39042, 70505, 38777, 25932, 81101, 25049]"
114524,"[68278, 11891, 77879, 65332, 33062, 29559, 41860, 14921, 14755, 45000]"
114525,"[102459, 82351, 105579, 17194, 59310, 101247, 26139, 80779, 46713, 8648]"
114526,"[5696, 63133, 53000, 528, 58975, 6058, 8788, 42755, 24555, 77576]"
114527,"[103690, 99628, 66250, 97673, 52092, 24084, 13160, 71027, 98473, 70773]"
114528,"[28956, 1402, 10954, 79718, 24524, 42500, 6751, 7670, 84971, 34355]"
114529,"[16114, 103537, 40003, 103101, 90073, 74078, 53998, 106424, 104470, 59864]"
114530,"[92997, 78307, 79667, 2905, 16363, 86980, 45259, 6565, 97727, 15749]"
114531,"[8371, 28570, 53857, 106493, 89740, 74232, 99367, 51667, 79607, 77800]"
114532,"[97483, 98615, 104011, 21389, 42459, 39261, 98422, 49840, 84496, 29332]"
114533,"[83659, 55039, 6345, 91622, 92121, 55159, 5175, 58105, 63589, 4103]"
114534,"[87622, 88332, 30971, 29214, 15843, 75560, 52474, 100103, 105624, 50661]"
114535,"[48930, 62821, 103031, 85665, 21961, 3168, 16825, 67811, 95295, 98201]"
114536,"[9586, 10983, 90965, 4044, 56889, 37218, 45415, 55465, 94543, 75591]"
114537,"[37511, 87366, 59184, 2062, 104718, 20829, 53233, 98023, 106717, 90011]"
114538,"[99800, 13167, 57196, 84015, 26102, 64896, 19512, 78622, 86967, 4299]"
114539,"[58657, 11122, 47980, 6529, 68155, 62353, 103265, 22403, 54031, 62747]"
114540,"[42329, 100484, 100481, 19081, 20374, 55032, 81473, 75299, 24873, 90781]"
114541,"[26293, 71075, 53622, 2956, 58359, 107416, 69073, 30957, 4422, 86755]"
114542,"[90612, 79001, 102723, 72038, 58726, 108736, 78568, 40019, 17509, 14988]"
114543,"[29960, 35092, 85956, 49, 39032, 52083, 24530, 20211, 96257, 16696]"
114544,"[85408, 98404, 899, 100685, 64839, 40161, 105056, 7597, 25091, 55598]"
114545,"[59439, 84028, 100883, 101287, 9679, 100828, 75141, 44277, 91610, 97049]"
114546,"[29181, 56291, 79120, 80863, 99140, 15073, 35262, 67891, 3230, 101800]"
114547,"[83941, 97185, 10674, 73603, 44393, 12876, 18786, 61379, 48943, 108578]"
114548,"[82677, 6610, 99146, 5594, 55420, 86252, 80686, 67694, 109220, 45307]"
114549,"[6912, 85161, 53324, 87017, 59769, 103299, 42363, 18008, 84293, 11258]"
114550,"[77339, 84762, 22883, 87158, 65505, 95207, 97562, 51546, 9182, 52480]"
114551,"[55148, 109194, 3389, 105032, 610, 41622, 7138, 76236, 9625, 43083]"
114552,"[73867, 1129, 11057, 22671, 7977, 58182, 43511, 56542, 105861, 109365]"
114553,"[85613, 68850, 105975, 102524, 29757, 26269, 106103, 38435, 65431, 70229]"
114554,"[93808, 59510, 19139, 71784, 100963, 4853, 39267, 17211, 62828, 8258]"
114555,"[25577, 84093, 11480, 83380, 47735, 97764, 47821, 47369, 28011, 40039]"
114556,"[57552, 18818, 30122, 103378, 17425, 85415, 27878, 19431, 109367, 41615]"
114557,"[63398, 25923, 21881, 82983, 64683, 59122, 54919, 13309, 28937, 359]"
114558,"[32706, 11566, 62117, 84883, 66020, 3609, 42770, 8437, 25005, 35902]"
114559,"[96714, 91120, 7163, 8549, 21886, 14882, 95528, 46966, 56111, 54719]"
114560,"[26787, 8229, 30974, 83095, 15, 2988, 25199, 71209, 3672, 41021]"
114561,"[19370, 87369, 6746, 67619, 45933, 103470, 35394, 20201, 80791, 99080]"
114562,"[67383, 53494, 88857, 66704, 96966, 42205, 104252, 69222, 65552, 55759]"
114563,"[63425, 94535, 86672, 3034, 88872, 39660, 65518, 49683, 103319, 60593]"
114564,"[77977, 56810, 10815, 17132, 93152, 5001, 32690, 96505, 28585, 98321]"
114565,"[75065, 86609, 69686, 99566, 75092, 109693, 49054, 37447, 7516, 75488]"
114566,"[102447, 64624, 67994, 90710, 82103, 99195, 41035, 55734, 51826, 60530]"
114567,"[82743, 70578, 43894, 63567, 47424, 3259, 29478, 11131, 90301, 68448]"
114568,"[82493, 26540, 83976, 67200, 26250, 80061, 78463, 35119, 35247, 97289]"
114569,"[40633, 6236, 57684, 82516, 64757, 52493, 33136, 54076, 41891, 92129]"
114570,"[14024, 67813, 18994, 64811, 104807, 72109, 46571, 4435, 43875, 46632]"
114571,"[95172, 55633, 22230, 21141, 6434, 96889, 33761, 84693, 36638, 54886]"
114572,"[48424, 40109, 33987, 95152, 22259, 14392, 823, 40005, 74131, 69569]"
114573,"[61055, 104004, 8564, 81545, 76273, 54421, 84495, 61178, 7462, 85830]"
114574,"[104606, 85760, 108930, 26212, 45738, 59953, 70779, 98123, 59223, 22843]"
114575,"[54228, 96240, 39068, 88983, 66635, 25936, 18255, 72987, 108162, 102838]"
114576,"[21263, 26306, 90816, 104218, 29494, 25831, 69441, 20060, 28523, 16773]"
114577,"[72126, 29064, 66500, 94959, 47346, 105067, 66093, 57239, 52888, 39325]"
114578,"[20502, 100132, 35549, 80113, 27984, 67424, 101076, 89275, 104215, 55801]"
114579,"[94803, 98513, 9503, 108965, 66941, 3121, 56511, 2638, 33274, 84481]"
114580,"[108213, 27775, 52744, 53439, 49261, 76113, 53856, 70539, 53134, 1284]"
114581,"[72470, 25236, 61112, 88900, 8655, 91584, 64465, 19959, 79469, 84017]"
114582,"[17534, 84724, 67429, 98815, 96729, 32194, 35686, 28776, 19356, 21124]"
114583,"[98014, 58811, 104557, 45380, 39055, 45564, 71026, 87307, 26356, 80988]"
114584,"[92386, 43568, 78903, 20864, 15866, 28401, 41375, 94448, 101732, 27563]"
114585,"[84771, 14386, 58632, 2752, 30812, 56418, 30244, 20254, 76681, 29786]"
114586,"[59347, 84281, 97114, 103343, 109236, 68730, 39462, 17447, 74415, 14724]"
114587,"[67412, 61046, 94732, 66534, 87627, 67473, 29124, 93672, 38779, 38375]"
114588,"[26875, 38799, 36976, 5214, 55854, 42561, 52022, 37191, 95716, 38165]"
114589,"[78849, 39202, 80396, 11119, 16608, 31352, 13063, 32506, 24791, 6749]"
114590,"[66543, 97120, 25023, 52431, 67722, 22135, 59040, 44607, 109142, 57171]"
114591,"[102077, 38682, 16182, 74031, 103995, 68118, 51503, 91144, 106922, 45882]"
114592,"[65371, 92399, 28007, 8672, 33413, 80178, 65475, 108182, 77644, 90423]"
114593,"[81672, 80055, 32904, 105129, 64895, 39312, 46833, 33799, 34587, 5489]"
114594,"[47268, 74023, 6329, 1450, 31832, 91455, 35749, 75879, 41453, 61739]"
114595,"[100272, 26554, 33720, 79631, 12789, 4444, 25071, 46417, 26838, 45977]"
114596,"[6784, 9709, 69975, 86047, 34886, 23247, 62465, 41981, 30998, 91310]"
114597,"[93969, 49726, 17494, 23303, 106915, 30966, 64135, 25836, 31251, 87525]"
114598,"[91217, 24792, 3386, 29701, 24768, 77251, 70231, 100994, 83163, 36803]"
114599,"[72039, 66089, 54089, 33940, 55930, 84726, 84353, 75653, 55247, 40248]"
114600,"[980, 90828, 67701, 35194, 35939, 30602, 28277, 40856, 75316, 1200]"
114601,"[41615, 31016, 19431, 663, 4495, 41990, 63442, 1812, 64112, 16969]"
114602,"[4999, 109666, 93725, 69815, 59391, 24948, 96300, 30878, 89212, 90606]"
114603,"[94428, 89544, 84147, 101574, 24526, 105704, 17224, 101338, 87780, 70650]"
114604,"[24599, 41191, 45821, 29391, 74395, 11724, 88001, 29407, 96670, 51614]"
114605,"[12200, 52653, 30416, 33081, 103539, 86340, 1824, 53829, 105547, 14307]"
114606,"[10435, 4033, 436, 61283, 59445, 101798, 43822, 6430, 72989, 28663]"
114607,"[13917, 73027, 24258, 1734, 69433, 91279, 23103, 31476, 67476, 73705]"
114608,"[48544, 81970, 22946, 66102, 101018, 88083, 101134, 38221, 92760, 6584]"
114609,"[30336, 23448, 53557, 45896, 84211, 63201, 1641, 89535, 81606, 60727]"
114610,"[14892, 15866, 76197, 53224, 101732, 57563, 12095, 104271, 58315, 64073]"
114611,"[57729, 45073, 88149, 69805, 75429, 47000, 29553, 37115, 8977, 23532]"
114612,"[565, 17987, 5117, 24839, 46381, 108867, 60812, 61050, 39629, 16840]"
114613,"[57299, 9065, 50043, 44822, 45265, 35762, 35582, 56226, 101662, 4344]"
114614,"[83799, 57054, 50355, 180, 13700, 69191, 38718, 89960, 44965, 20632]"
114615,"[60390, 43663, 80166, 32485, 57210, 70715, 52712, 59572, 97427, 56818]"
114616,"[38545, 101797, 53470, 34315, 61727, 44630, 91028, 35366, 70295, 30696]"
114617,"[95837, 8793, 102540, 83803, 44106, 12660, 92266, 101025, 63437, 65423]"
114618,"[3972, 32119, 12807, 61869, 25394, 45097, 100794, 9570, 79209, 45123]"
114619,"[55517, 22298, 78895, 76622, 26475, 29783, 13688, 43425, 17627, 14750]"
114620,"[63120, 40667, 15112, 69954, 104770, 36572, 77111, 105111, 29150, 86553]"
114621,"[30745, 90795, 8408, 52298, 35820, 4094, 69792, 34289, 91965, 83831]"
114622,"[82515, 61718, 86772, 3447, 106698, 60502, 4965, 21760, 106926, 39802]"
114623,"[91262, 36780, 42665, 49637, 75195, 9844, 73978, 5757, 203, 91513]"
114624,"[6778, 103959, 56919, 78104, 94616, 91374, 17784, 46307, 78185, 63202]"
114625,"[89778, 46470, 42325, 23098, 64505, 44786, 64092, 87030, 84663, 42077]"
114626,"[94141, 45128, 81445, 52671, 73917, 9870, 94682, 105323, 86043, 38507]"
114627,"[10742, 4649, 14179, 62444, 73457, 94172, 66421, 27310, 46026, 79597]"
114628,"[25085, 58160, 105208, 48322, 17762, 6012, 6021, 101462, 92628, 7219]"
114629,"[105530, 61069, 92203, 88726, 66827, 12306, 20590, 56653, 61788, 17859]"
114630,"[95438, 79588, 34875, 31280, 49528, 69790, 19731, 34305, 15443, 18273]"
114631,"[5253, 62124, 100130, 23404, 84915, 33528, 16976, 72442, 89472, 6128]"
114632,"[19616, 38154, 55431, 60426, 53069, 83053, 49187, 17304, 75203, 42309]"
114633,"[8155, 101455, 1917, 48155, 79581, 17211, 32336, 31652, 93808, 52549]"
114634,"[9852, 68863, 4141, 65881, 57521, 95480, 3905, 11993, 82476, 19119]"
114635,"[76630, 25435, 102690, 70673, 21305, 24564, 17960, 87924, 68364, 97535]"
114636,"[86254, 26097, 41155, 46212, 101633, 41067, 65194, 14823, 108865, 66401]"
114637,"[76, 3577, 46975, 10090, 109680, 91929, 80235, 69651, 59073, 24626]"
114638,"[41440, 3136, 42218, 80462, 44606, 44578, 18820, 38765, 21143, 105796]"
114639,"[82401, 103423, 34379, 43925, 107816, 60785, 97274, 34440, 46978, 6659]"
114640,"[54486, 50017, 82920, 89257, 73006, 5340, 44322, 10828, 75456, 82547]"
114641,"[32519, 21660, 71861, 96698, 46829, 78492, 108133, 30886, 34115, 75949]"
114642,"[28901, 90081, 15755, 1188, 20163, 91697, 45769, 92739, 80556, 103014]"
114643,"[3284, 86053, 41583, 59241, 85692, 346, 7416, 82320, 2819, 67114]"
114644,"[63485, 24445, 44219, 63949, 65213, 92183, 89579, 10651, 61825, 109514]"
114645,"[98194, 5169, 8470, 13869, 19657, 71767, 43667, 89399, 7618, 36279]"
114646,"[44519, 25799, 32690, 5001, 6627, 20516, 22040, 42106, 100835, 70674]"
114647,"[31425, 6396, 42420, 107537, 83623, 18548, 83744, 52930, 9298, 45220]"
114648,"[11919, 24653, 101327, 23324, 96958, 5693, 99304, 64074, 85829, 58614]"
114649,"[90107, 64395, 72376, 15579, 40256, 16450, 101259, 49135, 65281, 96368]"
114650,"[47671, 108499, 49991, 61875, 66319, 63262, 102895, 51351, 66180, 14072]"
114651,"[78856, 109452, 81369, 65203, 26192, 57926, 50811, 89422, 43096, 20033]"
114652,"[61075, 7315, 10230, 51802, 101387, 6352, 26352, 107967, 7279, 1867]"
114653,"[10597, 9652, 63357, 30164, 106027, 96907, 43251, 105089, 95998, 101773]"
114654,"[98015, 80873, 18583, 40317, 73920, 83947, 63793, 101106, 98810, 20139]"
114655,"[101194, 79674, 47681, 65605, 82932, 95511, 101394, 88124, 44154, 34678]"
114656,"[17540, 38411, 98421, 58262, 72902, 109591, 95737, 52273, 8175, 94753]"
114657,"[14784, 106179, 84274, 99005, 19722, 83584, 33122, 100561, 38222, 74600]"
114658,"[28468, 49166, 87317, 97902, 38551, 51678, 71547, 34462, 9765, 89694]"
114659,"[64000, 15137, 66381, 36732, 53024, 24154, 24469, 99342, 28072, 105582]"
114660,"[67566, 103981, 84473, 35121, 94535, 55746, 65346, 84823, 40895, 13057]"
114661,"[108389, 102948, 9391, 73678, 96121, 42833, 86408, 42383, 56545, 70482]"
114662,"[9051, 18491, 38951, 27432, 79531, 37213, 30670, 71362, 95318, 20427]"
114663,"[41093, 24101, 83969, 12816, 33272, 25030, 80557, 29679, 82068, 4624]"
114664,"[56388, 74540, 973, 26304, 28987, 96319, 91434, 97181, 98754, 64418]"
114665,"[99003, 13660, 73229, 7971, 2167, 74547, 69859, 4850, 47264, 94914]"
114666,"[34432, 70717, 92519, 12880, 1019, 78336, 28635, 84740, 37103, 7366]"
114667,"[3395, 86532, 99191, 66035, 75832, 25977, 37598, 22431, 48063, 47360]"
114668,"[108783, 39358, 52705, 79507, 67796, 5517, 28461, 102321, 99819, 348]"
114669,"[91103, 106463, 82599, 44545, 96990, 80381, 85721, 102996, 10820, 60985]"
114670,"[101970, 79365, 93135, 90052, 83279, 55811, 68835, 47716, 96528, 47878]"
114671,"[15743, 100183, 50575, 37631, 207, 81763, 105558, 82865, 93072, 66672]"
114672,"[99405, 78110, 36176, 93683, 7461, 71680, 49730, 60061, 2150, 27658]"
114673,"[78739, 79335, 38988, 78178, 25523, 20596, 101407, 100563, 26298, 6724]"
114674,"[69829, 102970, 98974, 28454, 25952, 97530, 46662, 102908, 44735, 83420]"
114675,"[21577, 16933, 53644, 43278, 78656, 46595, 86020, 75632, 98679, 75901]"
114676,"[80863, 29181, 79120, 1448, 99140, 97982, 96046, 23454, 37116, 14123]"
114677,"[79603, 24641, 24434, 36962, 65592, 7749, 53952, 77995, 3647, 34505]"
114678,"[87252, 43500, 97307, 9968, 57606, 84193, 12136, 83452, 71824, 51462]"
114679,"[66546, 84033, 47454, 2599, 3970, 109680, 60602, 80079, 75196, 101901]"
114680,"[96829, 80361, 70252, 87836, 48211, 71057, 20871, 77534, 80289, 71734]"
114681,"[33696, 65449, 35790, 89684, 45837, 62407, 45332, 80464, 34214, 89037]"
114682,"[3038, 17376, 82752, 36311, 53025, 18309, 104741, 5932, 37578, 83087]"
114683,"[52657, 24002, 101901, 45666, 40782, 77277, 24626, 51391, 45780, 103676]"
114684,"[27735, 40666, 87830, 94506, 29837, 47504, 106821, 99279, 7866, 29688]"
114685,"[13451, 31098, 34597, 51603, 19366, 51671, 34988, 95086, 58217, 8853]"
114686,"[16012, 21169, 60363, 109338, 68750, 101944, 86343, 21972, 74781, 82272]"
114687,"[37715, 71470, 98823, 28143, 73468, 3924, 109234, 90943, 93735, 28981]"
114688,"[84703, 40672, 82856, 59961, 70491, 11014, 65259, 57990, 80268, 22135]"
114689,"[53126, 69827, 2558, 57009, 40703, 32778, 3695, 42668, 97564, 5246]"
114690,"[41810, 21541, 19088, 87014, 88507, 4404, 72921, 17197, 97835, 5021]"
114691,"[764, 96567, 104269, 45784, 90974, 78938, 109004, 31062, 6208, 85168]"
114692,"[53030, 33620, 8154, 107030, 105320, 97856, 105164, 66959, 45726, 59188]"
114693,"[87175, 22761, 32693, 20486, 105897, 48177, 77796, 11259, 41391, 73453]"
114694,"[11249, 67101, 35469, 69469, 64952, 68164, 65227, 77917, 63606, 103346]"
114695,"[100783, 11092, 36451, 48137, 96172, 2292, 14966, 40266, 15790, 24676]"
114696,"[1904, 11468, 52883, 90052, 17892, 13339, 22004, 45527, 98398, 98532]"
114697,"[105642, 99200, 58767, 25531, 17744, 20904, 106270, 40414, 44280, 15137]"
114698,"[2598, 108314, 6998, 98818, 12360, 30418, 37534, 35387, 81258, 32996]"
114699,"[96546, 53949, 75187, 62431, 68530, 83157, 99617, 62981, 102940, 28040]"
114700,"[79919, 28735, 50517, 83791, 36563, 80385, 69544, 41666, 108429, 29987]"
114701,"[70015, 103384, 54189, 48347, 96418, 80347, 60765, 23406, 92415, 55912]"
114702,"[89221, 2616, 35292, 9015, 105656, 30009, 30030, 6017, 55245, 102259]"
114703,"[42768, 74397, 1690, 27735, 94506, 20458, 7866, 2183, 40666, 95904]"
114704,"[64396, 64142, 89258, 74790, 94294, 15260, 94660, 11722, 13818, 84915]"
114705,"[71349, 44574, 106316, 102009, 45062, 45084, 92075, 81085, 29149, 92847]"
114706,"[64695, 23144, 19684, 34681, 48088, 78231, 1397, 38801, 15848, 108901]"
114707,"[17069, 58308, 66141, 77232, 9249, 43054, 11973, 66575, 70730, 88043]"
114708,"[72315, 102915, 45693, 91720, 8998, 85261, 38020, 97222, 101845, 28029]"
114709,"[45594, 69471, 90543, 14675, 14707, 109720, 13034, 38835, 40323, 79817]"
114710,"[30156, 36546, 84619, 27392, 58639, 36416, 67890, 89038, 49627, 52046]"
114711,"[33760, 52005, 34040, 24621, 72054, 90409, 23626, 90768, 45556, 303]"
114712,"[106354, 83329, 11078, 93276, 73271, 93095, 28022, 49879, 72454, 85292]"
114713,"[13240, 95240, 60472, 100793, 108134, 18172, 84403, 53696, 74288, 88930]"
114714,"[53722, 99854, 73246, 29851, 31114, 39893, 102366, 68539, 34590, 46023]"
114715,"[3841, 22150, 58154, 78710, 23248, 73734, 32781, 3925, 64996, 106056]"
114716,"[52882, 10617, 75068, 93372, 17969, 12475, 1426, 27090, 87682, 39140]"
114717,"[48930, 5881, 56982, 40850, 86568, 85665, 21961, 9662, 3168, 1896]"
114718,"[58311, 23228, 36, 31771, 85643, 54545, 61221, 90295, 108109, 75377]"
114719,"[84028, 59439, 101763, 27768, 50247, 89871, 1483, 5, 96673, 101287]"
114720,"[30662, 45466, 70032, 65772, 46389, 34123, 67165, 95502, 17428, 45041]"
114721,"[16091, 88680, 15721, 72854, 29016, 56730, 29569, 17279, 33225, 54738]"
114722,"[99169, 27706, 89040, 102283, 109243, 79554, 31780, 50730, 61433, 59454]"
114723,"[904, 33036, 8865, 72080, 100879, 33002, 25416, 29851, 40606, 73246]"
114724,"[82870, 49171, 102632, 69337, 35651, 21907, 22485, 54070, 39264, 94471]"
114725,"[68772, 14185, 52740, 9269, 49329, 20348, 25754, 64686, 54134, 19204]"
114726,"[58008, 106022, 6766, 106167, 15749, 17756, 43229, 82466, 11986, 70948]"
114727,"[93859, 59936, 34721, 66482, 39200, 4447, 73644, 42226, 99862, 21254]"
114728,"[75769, 40555, 7275, 101589, 7979, 91980, 99198, 31412, 58924, 76457]"
114729,"[66437, 94737, 76382, 52606, 60793, 23721, 8521, 80608, 48391, 33566]"
114730,"[42751, 56553, 101182, 31846, 28945, 11892, 98324, 105339, 26586, 62683]"
114731,"[63871, 4627, 48407, 30699, 100837, 50490, 53052, 103863, 88283, 53232]"
114732,"[43505, 80908, 93896, 80215, 38276, 90840, 35985, 24716, 19317, 11421]"
114733,"[96601, 85312, 79662, 96412, 84150, 46654, 91757, 51983, 68871, 38863]"
114734,"[1305, 61596, 55025, 11713, 82216, 93423, 19651, 32943, 20496, 7285]"
114735,"[16766, 29398, 85742, 56675, 25894, 101304, 12604, 42238, 36798, 44762]"
114736,"[98323, 54425, 35621, 39888, 106653, 32342, 7371, 85002, 101535, 91372]"
114737,"[5249, 28653, 78195, 94420, 41728, 51302, 92291, 106420, 67858, 65268]"
114738,"[37573, 35812, 68901, 87888, 5588, 7665, 91064, 3952, 89975, 105791]"
114739,"[87347, 16508, 72665, 18093, 4322, 78883, 47630, 109380, 84689, 4834]"
114740,"[21776, 56510, 573, 70245, 16380, 25337, 31140, 87233, 60264, 36719]"
114741,"[108302, 56785, 68584, 51847, 103366, 2631, 87782, 9809, 80508, 107387]"
114742,"[69256, 107959, 49783, 59477, 47826, 1598, 25389, 40412, 38718, 62272]"
114743,"[175, 18641, 25302, 76654, 40547, 68412, 29806, 66920, 93627, 84249]"
114744,"[11731, 82253, 94630, 27884, 109206, 42196, 96720, 81547, 94633, 5879]"
114745,"[63247, 57040, 6578, 352, 75773, 36429, 61982, 8999, 12885, 85264]"
114746,"[28155, 61536, 40018, 3745, 65550, 35713, 88586, 109000, 84425, 10924]"
114747,"[107545, 9171, 93053, 85263, 27397, 58973, 36141, 71415, 39537, 8365]"
114748,"[22707, 82189, 21101, 54227, 76549, 68473, 82694, 92120, 2429, 86133]"
114749,"[6056, 68393, 95160, 20310, 26524, 104509, 97561, 50364, 101092, 35491]"
114750,"[72411, 72910, 103182, 102863, 11343, 44056, 63143, 37940, 27010, 62707]"
114751,"[26832, 78171, 31621, 23864, 65946, 39132, 44873, 54368, 48282, 59216]"
114752,"[9462, 27254, 27567, 1738, 61676, 56481, 75157, 33123, 64689, 31505]"
114753,"[23652, 50958, 100321, 19507, 69524, 37057, 99868, 5828, 9028, 82344]"
114754,"[14338, 94817, 36129, 88911, 66347, 38381, 24950, 37600, 106576, 64087]"
114755,"[65230, 106623, 101853, 90231, 43517, 2091, 77032, 41866, 71023, 26728]"
114756,"[5380, 8633, 1086, 72633, 9173, 105767, 93542, 97604, 60779, 94571]"
114757,"[43315, 7611, 21246, 80086, 26979, 84890, 101496, 28520, 1777, 75576]"
114758,"[101288, 69307, 52484, 38914, 23252, 85791, 3861, 35433, 16911, 90730]"
114759,"[15155, 70780, 23587, 3053, 51270, 74832, 59331, 28778, 65578, 822]"
114760,"[56597, 64410, 5490, 4377, 88010, 94617, 78500, 77920, 88336, 11325]"
114761,"[68698, 85257, 83465, 66465, 27296, 74599, 89773, 69446, 64235, 63467]"
114762,"[1161, 49919, 85360, 39780, 72087, 83922, 47209, 51995, 9257, 4149]"
114763,"[66389, 15637, 25042, 29929, 78182, 41336, 70740, 10639, 22196, 82675]"
114764,"[78719, 4098, 12183, 41754, 19911, 26583, 107673, 20613, 81419, 84596]"
114765,"[66275, 90089, 89373, 7833, 11272, 7262, 1110, 105458, 34750, 88363]"
114766,"[37569, 68328, 45824, 1841, 29329, 61681, 66207, 20279, 79656, 43803]"
114767,"[97523, 42112, 104956, 32399, 99056, 58462, 55775, 19107, 107670, 27352]"
114768,"[103124, 75825, 21330, 79210, 17323, 68118, 7901, 74053, 54815, 36757]"
114769,"[36164, 55224, 28390, 104130, 26292, 57012, 82510, 98405, 101557, 1863]"
114770,"[34582, 23201, 11733, 41189, 86013, 19418, 40407, 7931, 8959, 43584]"
114771,"[79717, 101618, 31756, 57078, 109309, 86864, 47227, 7289, 86945, 32289]"
114772,"[95737, 33177, 102713, 29427, 72550, 43734, 10167, 56272, 87318, 9647]"
114773,"[1337, 85398, 86606, 76851, 52167, 41761, 100017, 98336, 33205, 70486]"
114774,"[17456, 34638, 30338, 20579, 53174, 27134, 74302, 94192, 34442, 22351]"
114775,"[59438, 103, 66163, 67444, 30807, 94004, 42032, 24196, 95461, 70815]"
114776,"[366, 83872, 9589, 96172, 42628, 51648, 30194, 106338, 83807, 22646]"
114777,"[2498, 16226, 13215, 69645, 73978, 5757, 104382, 203, 14161, 40364]"
114778,"[40468, 5781, 13035, 88970, 104276, 68014, 87896, 109496, 42761, 78093]"
114779,"[66642, 97878, 90527, 29641, 89269, 92204, 46812, 8860, 63448, 8877]"
114780,"[50230, 18931, 41488, 99685, 33260, 16103, 46798, 58411, 51416, 102250]"
114781,"[63999, 15524, 67820, 96407, 53769, 83360, 97146, 100239, 4011, 31106]"
114782,"[48338, 16330, 35170, 108047, 71350, 82425, 97560, 87029, 50253, 73259]"
114783,"[100238, 109372, 85496, 36596, 95790, 38860, 35541, 42913, 19630, 52381]"
114784,"[74519, 46137, 62581, 10152, 77988, 50203, 24102, 42572, 59851, 51422]"
114785,"[41286, 64329, 10202, 97259, 7070, 53729, 7354, 107950, 19653, 72034]"
114786,"[37617, 60742, 21615, 24349, 10106, 53503, 50469, 39686, 56685, 67768]"
114787,"[93892, 35974, 77798, 5200, 52822, 22315, 65539, 107449, 18097, 107714]"
114788,"[89427, 59101, 63236, 90049, 48750, 41724, 44647, 35847, 91118, 84002]"
114789,"[69268, 79117, 49915, 108135, 80833, 68822, 97223, 44521, 49710, 77989]"
114790,"[84837, 19696, 54268, 1606, 36848, 54095, 48560, 82167, 11085, 73746]"
114791,"[38265, 25560, 67836, 84029, 95, 62739, 83313, 20970, 80566, 6858]"
114792,"[21804, 22710, 10606, 37885, 11769, 100266, 60844, 68179, 53211, 36778]"
114793,"[24443, 22102, 67614, 49509, 85001, 25255, 43527, 95645, 39466, 36548]"
114794,"[40531, 98555, 84177, 92693, 68255, 37630, 3498, 68114, 77355, 17131]"
114795,"[68629, 89726, 88122, 78254, 38428, 7121, 58375, 21340, 10596, 109089]"
114796,"[27821, 79394, 95805, 52218, 30246, 75935, 5025, 38093, 59362, 74383]"
114797,"[19102, 16991, 19683, 16644, 75355, 107080, 35831, 77337, 49475, 108719]"
114798,"[94426, 102607, 81520, 68137, 72637, 60312, 27404, 71372, 101636, 47725]"
114799,"[47880, 75192, 49464, 3281, 77036, 19284, 85615, 76251, 98952, 24956]"
114800,"[41964, 32883, 28122, 71007, 72494, 56481, 1738, 61676, 65532, 27254]"
114801,"[12592, 88620, 67422, 95511, 56995, 50118, 99193, 25239, 84575, 109453]"
114802,"[23197, 40231, 108091, 42465, 36006, 64823, 24396, 105860, 36824, 79615]"
114803,"[2814, 105119, 153, 52207, 34808, 92036, 78096, 10887, 71338, 42731]"
114804,"[52588, 109317, 49005, 69163, 60713, 96943, 52022, 76662, 46893, 4381]"
114805,"[56221, 87603, 95943, 27020, 109589, 79377, 13525, 42527, 72300, 61905]"
114806,"[91676, 107167, 67805, 80589, 107217, 51885, 14575, 67316, 63106, 103388]"
114807,"[19979, 55203, 52667, 42205, 51937, 38466, 71357, 27147, 89039, 100193]"
114808,"[31101, 40282, 66307, 16676, 50358, 96568, 9064, 96682, 99472, 63824]"
114809,"[87459, 20476, 46691, 106405, 66703, 1559, 14778, 78667, 73710, 54939]"
114810,"[49126, 108274, 78906, 31506, 108767, 37771, 74075, 43752, 55682, 5952]"
114811,"[30435, 94845, 10256, 70288, 61141, 78926, 56603, 30531, 23628, 4198]"
114812,"[83484, 8063, 15806, 46264, 63950, 45991, 70664, 3815, 88246, 71123]"
114813,"[2918, 106243, 100999, 7075, 55525, 49597, 46509, 103309, 43937, 79237]"
114814,"[49083, 75401, 64631, 103118, 71640, 13073, 54650, 10208, 57513, 89631]"
114815,"[70560, 61641, 35230, 42557, 70981, 73400, 24586, 7777, 101953, 23369]"
114816,"[46228, 697, 58856, 90137, 90153, 98094, 38301, 27186, 79976, 43982]"
114817,"[92240, 46672, 60593, 80836, 26327, 18818, 41615, 67468, 65518, 49683]"
114818,"[42490, 44622, 5575, 73999, 53168, 29626, 79356, 29662, 78310, 33919]"
114819,"[15624, 30638, 74556, 85318, 68195, 90832, 1052, 104740, 60731, 74872]"
114820,"[104540, 71274, 32212, 8326, 54401, 10783, 13853, 8148, 62263, 81354]"
114821,"[48669, 106221, 32879, 77324, 99369, 54178, 98387, 89940, 3939, 104425]"
114822,"[36899, 93196, 1654, 60353, 5477, 104162, 83288, 15999, 32242, 75155]"
114823,"[19350, 46753, 37555, 71502, 104824, 59620, 108281, 31621, 52860, 31120]"
114824,"[88429, 58739, 40979, 106964, 37234, 89520, 79760, 36958, 12259, 32818]"
114825,"[91744, 70345, 23326, 8084, 27446, 10350, 73794, 95427, 54223, 29212]"
114826,"[100696, 4274, 14192, 19902, 153, 83304, 42795, 26831, 11407, 76430]"
114827,"[16004, 35208, 50419, 99648, 56300, 74734, 89097, 5168, 109653, 1672]"
114828,"[102459, 11225, 101126, 38918, 82351, 105579, 17194, 33237, 35237, 42859]"
114829,"[55206, 34842, 89461, 17631, 1015, 80713, 91805, 32250, 97025, 30342]"
114830,"[95331, 71234, 89909, 106337, 82094, 89093, 52120, 34186, 9872, 82585]"
114831,"[100743, 52629, 67818, 59244, 27758, 24658, 33399, 54221, 29514, 70972]"
114832,"[93924, 102744, 11975, 98547, 50165, 72230, 107599, 19105, 105581, 23535]"
114833,"[90645, 58779, 42557, 53955, 108388, 48179, 29358, 35230, 8070, 79184]"
114834,"[85769, 2324, 30802, 16883, 8087, 42006, 20591, 93179, 53100, 78704]"
114835,"[16580, 105152, 60624, 13198, 12764, 64489, 77202, 62001, 39554, 29804]"
114836,"[79848, 104768, 84758, 104724, 20909, 17052, 6177, 78600, 36950, 59822]"
114837,"[39698, 64423, 37418, 60925, 85024, 46856, 49964, 27880, 17440, 99505]"
114838,"[68303, 68253, 65612, 6322, 68863, 49056, 14195, 99254, 60708, 67688]"
114839,"[7770, 68092, 43469, 108041, 53717, 68172, 38618, 109614, 55823, 91580]"
114840,"[97350, 21515, 85491, 101753, 107837, 19999, 88496, 42647, 41017, 57572]"
114841,"[26848, 36070, 74975, 98090, 13082, 106940, 52224, 73090, 14761, 57826]"
114842,"[102187, 22611, 30391, 86001, 73458, 17031, 64655, 19523, 10112, 29962]"
114843,"[50612, 24116, 28282, 19906, 65340, 104818, 76638, 6254, 54627, 90887]"
114844,"[71375, 41050, 84637, 105395, 30478, 107012, 106214, 53103, 10043, 13141]"
114845,"[95847, 78143, 85756, 56416, 14200, 16533, 71453, 7677, 22939, 53237]"
114846,"[88275, 90257, 25131, 37408, 63042, 73736, 109554, 104272, 32549, 59877]"
114847,"[39945, 2524, 108419, 1802, 47106, 93576, 80545, 69168, 56016, 62323]"
114848,"[14757, 8798, 65672, 53957, 82733, 88759, 72249, 25367, 51330, 5645]"
114849,"[83521, 90111, 68427, 60574, 31325, 89140, 42105, 18446, 16632, 93864]"
114850,"[74600, 86367, 36086, 84080, 68580, 62387, 80406, 83584, 19722, 10110]"
114851,"[109244, 63551, 36230, 39145, 70080, 68269, 78885, 94777, 69225, 73294]"
114852,"[84985, 20625, 55680, 27619, 65231, 88100, 63216, 60423, 77669, 67808]"
114853,"[73601, 19072, 31136, 49172, 82244, 20157, 109106, 19971, 2129, 84671]"
114854,"[1187, 78899, 42336, 41626, 54311, 2579, 21795, 58982, 108138, 91809]"
114855,"[80085, 18504, 22757, 100766, 104116, 48317, 73101, 34336, 20269, 60445]"
114856,"[867, 6658, 58127, 27031, 73508, 86964, 64086, 60215, 2487, 98075]"
114857,"[92773, 109461, 33089, 74496, 96156, 26303, 21616, 19778, 7475, 9202]"
114858,"[66628, 109172, 81515, 121, 38938, 5299, 9786, 5010, 53073, 106471]"
114859,"[60628, 737, 90942, 99071, 41267, 25803, 81759, 48340, 12806, 19196]"
114860,"[56054, 53116, 69100, 52477, 92913, 59525, 107854, 96591, 52368, 46927]"
114861,"[87076, 24882, 5414, 20338, 56413, 68032, 94381, 90007, 37667, 15078]"
114862,"[63712, 39087, 94747, 77535, 94143, 68670, 20850, 20949, 40025, 59926]"
114863,"[42882, 78838, 37122, 68690, 19285, 27159, 44328, 24378, 10017, 83033]"
114864,"[72777, 107651, 19771, 46924, 14654, 50444, 45947, 1705, 21518, 75742]"
114865,"[31739, 103723, 53750, 53748, 33574, 38966, 75226, 11887, 66910, 68456]"
114866,"[91235, 43418, 92207, 24303, 102412, 10535, 67774, 107882, 3409, 2303]"
114867,"[95295, 33694, 67811, 16825, 58271, 79444, 8334, 86377, 48930, 3168]"
114868,"[21126, 17440, 8043, 99505, 21547, 53948, 89505, 106061, 39698, 34185]"
114869,"[46532, 17239, 104857, 23433, 36419, 2115, 10478, 66255, 68940, 42279]"
114870,"[107710, 94465, 88884, 51556, 10052, 66006, 88891, 5404, 54926, 21297]"
114871,"[2587, 83036, 43560, 16204, 36900, 42397, 91282, 772, 48302, 103169]"
114872,"[66289, 105668, 108577, 62263, 29112, 38991, 38446, 108692, 68536, 53619]"
114873,"[78646, 105450, 36474, 37433, 45509, 76829, 61827, 54491, 107394, 93274]"
114874,"[93261, 15249, 102454, 84505, 105441, 96626, 15043, 109272, 76334, 40445]"
114875,"[98909, 100947, 9588, 77876, 66587, 42078, 104528, 88496, 43383, 66139]"
114876,"[89491, 5637, 104284, 35941, 64647, 36610, 62531, 7567, 71601, 107083]"
114877,"[102666, 59226, 97739, 51820, 61143, 62090, 43789, 32804, 2804, 93288]"
114878,"[39936, 4506, 45440, 72710, 296, 49918, 22863, 5726, 89823, 16296]"
114879,"[20909, 17052, 87228, 60522, 97385, 70187, 32302, 2601, 106816, 70729]"
114880,"[91713, 53568, 18843, 33064, 87913, 51018, 66776, 26946, 20324, 87455]"
114881,"[24771, 103871, 30169, 14033, 42110, 65716, 101486, 9069, 69858, 36656]"
114882,"[65560, 26151, 38801, 54608, 23144, 41929, 40049, 47569, 80413, 64695]"
114883,"[75756, 102372, 58770, 54527, 10973, 63837, 19284, 32951, 36445, 66756]"
114884,"[28825, 75871, 4853, 49311, 84685, 39267, 79508, 84131, 75632, 79523]"
114885,"[27113, 78717, 1910, 86858, 68416, 69821, 104572, 5601, 40841, 18444]"
114886,"[106910, 67231, 78597, 98536, 79045, 86294, 67409, 91276, 57395, 66397]"
114887,"[82295, 107812, 65846, 66458, 914, 18196, 59950, 12922, 69161, 101686]"
114888,"[30711, 58803, 63798, 54602, 57571, 23565, 78333, 61712, 77669, 21618]"
114889,"[17251, 38085, 39509, 42193, 14364, 17024, 18450, 35345, 85142, 39682]"
114890,"[19266, 74196, 57866, 74720, 42709, 105497, 5230, 7961, 42275, 100839]"
114891,"[74090, 35132, 53618, 106449, 10644, 30192, 100316, 58950, 97701, 42384]"
114892,"[75793, 40466, 8331, 67902, 5077, 61526, 51467, 68140, 55102, 37614]"
114893,"[39758, 52732, 87618, 88628, 94008, 22142, 3705, 102646, 64741, 55670]"
114894,"[100231, 91456, 7644, 56909, 464, 12967, 109103, 26052, 61720, 27626]"
114895,"[5384, 7390, 46171, 7555, 48365, 87757, 48650, 98755, 13519, 93889]"
114896,"[43505, 19317, 42453, 101095, 101354, 93896, 49492, 80908, 35985, 11421]"
114897,"[48427, 86487, 11356, 17594, 42947, 108068, 50578, 103024, 106383, 88214]"
114898,"[28179, 89481, 15735, 2431, 1381, 39661, 85634, 67158, 9201, 36485]"
114899,"[38384, 62073, 8531, 78331, 23104, 93198, 89219, 49345, 27763, 27816]"
114900,"[54739, 72653, 74117, 109039, 61740, 12824, 31926, 32406, 5485, 89878]"
114901,"[9219, 68059, 97637, 75950, 35685, 35563, 75864, 88552, 48051, 81354]"
114902,"[46292, 40881, 105727, 4226, 22948, 93418, 41416, 105218, 38289, 22344]"
114903,"[95271, 97267, 66284, 63392, 12198, 75665, 35739, 100651, 34645, 93615]"
114904,"[88024, 46991, 83843, 54984, 12561, 46366, 41672, 12760, 94033, 85884]"
114905,"[32395, 18810, 48871, 13672, 101040, 109340, 25288, 22930, 68882, 105328]"
114906,"[52280, 56479, 88254, 3042, 36839, 9369, 103786, 71085, 89159, 62346]"
114907,"[43366, 33449, 104151, 14660, 98750, 36378, 289, 101613, 98558, 19022]"
114908,"[68024, 11853, 65369, 25235, 72568, 64113, 49880, 55996, 18754, 19679]"
114909,"[15240, 65725, 23155, 41518, 54951, 38671, 59298, 94152, 106756, 20153]"
114910,"[23522, 36763, 19786, 16741, 46976, 1813, 102893, 81219, 9020, 47317]"
114911,"[92285, 74259, 19619, 3036, 17390, 74390, 31860, 104163, 82880, 47410]"
114912,"[82383, 89678, 92718, 67365, 82841, 39700, 89671, 96362, 100510, 108571]"
114913,"[31811, 31815, 49025, 96641, 2387, 100834, 31661, 23012, 54992, 55766]"
114914,"[97523, 42112, 43345, 88072, 92706, 19107, 104956, 74236, 58462, 55775]"
114915,"[1179, 1576, 11576, 25245, 6320, 6207, 76095, 10764, 45494, 93764]"
114916,"[88884, 51556, 44921, 102404, 88891, 107710, 53245, 94465, 28167, 109745]"
114917,"[108412, 43721, 74815, 57033, 76452, 31119, 52190, 7157, 39691, 90099]"
114918,"[84377, 30505, 42125, 91688, 16177, 80420, 10397, 96534, 47622, 33310]"
114919,"[32675, 33048, 24359, 26247, 83774, 4171, 47940, 37828, 43559, 24831]"
114920,"[92812, 37505, 87648, 32189, 26994, 52245, 101123, 100920, 720, 50202]"
114921,"[53812, 22065, 68773, 66581, 18553, 58681, 75002, 10601, 20043, 114]"
114922,"[50382, 75489, 14795, 30571, 46275, 83542, 85026, 40877, 94610, 39950]"
114923,"[98833, 75897, 37660, 35796, 12832, 48758, 9568, 7154, 18482, 86871]"
114924,"[63653, 97554, 93752, 14624, 76532, 54303, 68302, 7011, 14400, 41206]"
114925,"[88312, 29832, 57772, 27218, 106978, 57160, 32274, 26581, 104400, 31141]"
114926,"[18211, 36826, 89341, 78930, 89392, 99805, 45981, 72698, 31338, 37174]"
114927,"[76217, 2708, 65962, 41349, 73183, 72401, 68591, 107907, 15483, 15275]"
114928,"[38958, 77256, 103457, 98839, 108876, 61179, 107299, 27903, 81206, 13205]"
114929,"[95462, 19529, 68081, 89626, 82403, 51581, 19849, 78935, 15731, 67840]"
114930,"[109741, 64367, 16495, 52631, 76620, 90711, 73702, 28851, 58994, 84778]"
114931,"[83944, 96613, 25735, 105605, 45389, 42245, 61509, 18779, 83416, 51454]"
114932,"[31140, 53373, 21776, 109589, 103153, 36719, 89069, 27980, 48055, 57564]"
114933,"[38545, 10387, 91028, 44630, 70295, 53470, 51323, 35366, 34315, 33997]"
114934,"[21686, 70731, 33512, 60722, 38560, 38475, 69832, 43771, 18980, 13244]"
114935,"[10150, 104564, 93548, 24362, 58566, 94685, 59293, 79270, 53039, 105200]"
114936,"[3614, 68608, 46431, 99082, 95269, 28610, 44162, 98849, 41642, 66356]"
114937,"[42444, 30687, 65220, 51482, 90140, 44089, 84600, 100971, 68810, 77357]"
114938,"[46960, 99793, 50426, 33769, 48515, 101561, 41399, 7631, 62591, 79185]"
114939,"[53590, 85337, 109267, 73722, 18277, 47228, 104560, 61695, 102173, 39819]"
114940,"[90179, 23030, 38391, 85705, 70260, 92911, 26290, 86733, 22390, 77915]"
114941,"[101145, 44059, 104236, 2888, 12024, 14312, 63296, 87477, 92023, 101733]"
114942,"[18045, 83543, 49818, 27929, 83378, 83318, 13400, 1630, 10908, 96349]"
114943,"[54183, 70979, 26903, 28826, 89486, 51518, 99817, 76810, 34419, 36292]"
114944,"[34771, 20388, 102707, 14426, 19820, 103442, 30753, 67787, 40875, 64914]"
114945,"[3031, 50201, 59757, 15328, 104491, 54155, 76150, 25765, 77868, 68191]"
114946,"[74510, 39939, 71291, 27087, 93541, 15828, 88770, 97657, 85586, 44248]"
114947,"[24799, 26210, 59530, 77030, 59906, 99019, 50253, 100810, 74888, 61308]"
114948,"[99636, 81199, 13774, 93432, 5183, 67326, 48650, 42207, 34958, 51620]"
114949,"[28446, 77806, 64997, 13350, 16463, 16384, 93389, 69804, 97831, 108184]"
114950,"[25558, 92229, 54461, 91143, 80398, 45770, 65225, 4158, 38163, 2626]"
114951,"[30537, 71079, 72447, 937, 99801, 80475, 109397, 44205, 58608, 4309]"
114952,"[6705, 102075, 57813, 36083, 23722, 17922, 52108, 76581, 47996, 65437]"
114953,"[75383, 106968, 50943, 93276, 34874, 56678, 79221, 17422, 46892, 74921]"
114954,"[82833, 8318, 75710, 42730, 107715, 16714, 39891, 9473, 21849, 84937]"
114955,"[7912, 40747, 43426, 60053, 98949, 70030, 11278, 84590, 98412, 8796]"
114956,"[78104, 94616, 6778, 103959, 82977, 17536, 17784, 46307, 18198, 66488]"
114957,"[75202, 11928, 64926, 35549, 3961, 29886, 68857, 29643, 63047, 76369]"
114958,"[87991, 53036, 950, 109113, 14579, 10943, 103692, 101652, 36016, 32663]"
114959,"[60747, 67782, 91025, 9880, 45151, 16470, 103103, 2549, 50017, 29898]"
114960,"[90807, 82269, 47075, 30832, 25595, 86216, 6356, 9214, 102405, 40262]"
114961,"[6847, 5755, 57237, 17139, 44266, 8432, 50223, 11241, 84578, 102415]"
114962,"[34894, 16152, 91664, 87280, 75501, 18725, 49923, 107983, 18950, 68470]"
114963,"[40039, 25577, 28309, 59145, 47369, 84093, 11480, 106163, 2694, 32162]"
114964,"[6982, 70498, 16349, 75802, 19386, 86315, 34986, 55727, 7230, 30586]"
114965,"[68539, 53722, 99854, 102366, 34590, 29851, 15264, 107797, 8865, 33945]"
114966,"[83819, 17380, 57981, 47198, 29775, 21723, 36082, 16924, 79392, 41726]"
114967,"[38691, 53062, 24195, 51746, 26610, 21489, 90682, 21666, 16621, 96446]"
114968,"[74435, 35060, 77474, 44064, 77740, 58395, 35257, 47819, 46702, 78787]"
114969,"[30700, 55109, 108808, 47562, 73506, 30427, 74299, 99124, 106538, 99384]"
114970,"[16122, 50154, 32537, 22254, 59290, 4527, 98456, 69091, 45360, 100073]"
114971,"[106569, 40186, 93882, 712, 81806, 98899, 89815, 61353, 77267, 76177]"
114972,"[67122, 30141, 81783, 98403, 106604, 4244, 7580, 91387, 39708, 9162]"
114973,"[18280, 47631, 60752, 79544, 11444, 24634, 75447, 70168, 43565, 76743]"
114974,"[17220, 16864, 95857, 86443, 108896, 66729, 97240, 49463, 45303, 38219]"
114975,"[81105, 46512, 103053, 20504, 14543, 71745, 69786, 52043, 105604, 40016]"
114976,"[66073, 25626, 102147, 106714, 103997, 6065, 97606, 10498, 817, 57256]"
114977,"[50136, 37951, 72836, 102410, 46340, 73195, 23328, 105304, 67966, 70670]"
114978,"[68353, 13506, 56105, 109014, 68594, 87047, 56094, 8897, 69011, 6511]"
114979,"[11143, 101029, 82712, 57140, 19989, 76462, 6649, 49020, 17483, 73604]"
114980,"[5912, 57399, 20216, 26040, 104586, 101902, 83728, 39565, 38284, 73467]"
114981,"[45251, 2996, 96937, 88004, 86661, 17642, 28699, 76814, 29758, 40804]"
114982,"[85667, 59993, 102561, 99118, 99903, 25138, 101591, 104199, 54157, 72152]"
114983,"[57711, 103104, 50760, 58814, 28572, 41846, 107303, 93293, 6435, 14891]"
114984,"[74788, 988, 47210, 101542, 76600, 24156, 30703, 76537, 34011, 109649]"
114985,"[97959, 48386, 56834, 85995, 15791, 48060, 70088, 51144, 19915, 75666]"
114986,"[104067, 5985, 106344, 61769, 3854, 55615, 42076, 100121, 27938, 93475]"
114987,"[13088, 40026, 99430, 101644, 55024, 61801, 71513, 45430, 74146, 15265]"
114988,"[101209, 100036, 42007, 90131, 98526, 31653, 72468, 58653, 23332, 16256]"
114989,"[40435, 72913, 13998, 56150, 26195, 37797, 19117, 10924, 76635, 21274]"
114990,"[32739, 73565, 2890, 64168, 37496, 24426, 43861, 5180, 84111, 48511]"
114991,"[107375, 38362, 31215, 74604, 57294, 7032, 23498, 86344, 2304, 80940]"
114992,"[24164, 99016, 101002, 51658, 48639, 52470, 66994, 36311, 1050, 44959]"
114993,"[32608, 96672, 84398, 52960, 29092, 31682, 50717, 89499, 99050, 43880]"
114994,"[14900, 24355, 88923, 34362, 74195, 85498, 1695, 83672, 29027, 48847]"
114995,"[106479, 59030, 38219, 37363, 36812, 96678, 60187, 691, 45303, 88445]"
114996,"[15461, 11648, 724, 58367, 94857, 41222, 87407, 102520, 39340, 91555]"
114997,"[82058, 66580, 9222, 43967, 77101, 869, 48507, 80371, 98443, 89746]"
114998,"[48991, 108662, 98766, 45517, 41179, 27612, 76416, 22201, 71990, 82640]"
114999,"[62438, 44644, 21814, 58022, 66537, 38600, 71192, 92931, 8196, 15449]"
115000,"[101811, 32888, 68535, 437, 106667, 87126, 94851, 62944, 88008, 55668]"
115001,"[1524, 54283, 106130, 103472, 5551, 63626, 35810, 103872, 76948, 105319]"
115002,"[35197, 87379, 56706, 73648, 20602, 83055, 78665, 57722, 97297, 68833]"
115003,"[35956, 25290, 23203, 14185, 91394, 63222, 91413, 34406, 64456, 27837]"
115004,"[76308, 6526, 100528, 73336, 20210, 16618, 107135, 36846, 62153, 62597]"
115005,"[18761, 35561, 86513, 12281, 91697, 92735, 92739, 32337, 102523, 48383]"
115006,"[96042, 107828, 6254, 84814, 48809, 101198, 74813, 66019, 33858, 41967]"
115007,"[53596, 90726, 55391, 47079, 92820, 77369, 49586, 52353, 88671, 59269]"
115008,"[19239, 9416, 11092, 43615, 9489, 4735, 3522, 7883, 51753, 625]"
115009,"[23359, 23904, 56742, 72216, 50163, 90446, 104343, 12878, 91333, 95968]"
115010,"[16997, 36135, 97970, 63625, 45217, 19813, 1371, 16138, 56609, 74900]"
115011,"[59761, 27122, 54913, 4069, 95750, 27811, 97856, 29074, 64648, 33244]"
115012,"[36229, 74174, 38422, 32319, 87139, 103605, 83784, 58407, 1620, 103232]"
115013,"[71531, 35725, 102575, 38828, 13090, 96256, 101933, 107678, 18217, 78288]"
115014,"[72443, 16352, 75375, 56065, 63867, 82769, 17666, 109771, 50326, 41036]"
115015,"[73000, 61980, 44218, 60705, 18085, 98855, 45758, 92344, 70426, 87894]"
115016,"[43721, 31119, 7157, 21633, 89715, 65670, 87796, 29299, 105463, 53847]"
115017,"[104536, 18958, 26056, 14936, 64188, 48175, 49327, 92890, 19975, 25312]"
115018,"[36697, 17606, 93190, 54622, 71643, 58329, 19063, 50494, 66996, 91013]"
115019,"[47102, 105086, 37817, 75796, 5240, 64193, 103883, 74419, 89611, 2670]"
115020,"[44617, 22536, 78316, 8217, 50697, 99897, 29671, 65507, 74794, 26805]"
115021,"[46075, 14304, 101044, 6103, 88750, 95142, 96725, 92509, 7076, 53940]"
115022,"[70123, 51479, 63300, 84445, 60636, 25767, 90395, 39090, 92237, 86784]"
115023,"[36117, 87465, 11931, 15286, 77123, 6942, 38124, 92841, 53593, 33336]"
115024,"[38010, 27361, 63620, 37791, 90706, 46086, 76450, 76506, 11328, 39511]"
115025,"[36702, 22936, 7662, 50177, 22607, 81780, 90834, 29618, 36369, 34846]"
115026,"[66284, 66103, 77846, 93881, 14115, 85516, 44459, 20515, 5544, 26278]"
115027,"[76244, 58243, 50614, 108246, 37896, 72552, 5964, 27193, 62730, 9907]"
115028,"[92870, 46043, 98131, 46562, 88806, 38470, 12027, 41496, 73792, 93033]"
115029,"[17204, 46411, 17110, 40375, 63156, 86317, 61792, 40786, 66531, 35845]"
115030,"[1074, 107703, 46751, 50148, 86746, 49863, 23607, 21008, 2928, 89765]"
115031,"[10506, 68514, 57169, 44847, 63481, 93315, 78566, 11547, 102265, 12732]"
115032,"[36157, 54469, 49869, 76696, 34108, 11625, 83358, 81604, 12268, 85714]"
115033,"[12081, 98839, 103457, 81206, 13205, 27903, 60826, 100161, 62677, 27058]"
115034,"[101348, 79255, 37243, 23200, 776, 104646, 49454, 93909, 76070, 3120]"
115035,"[15618, 96902, 62073, 17515, 107811, 12652, 21394, 81861, 5289, 66688]"
115036,"[65920, 91997, 81501, 74048, 83903, 62402, 76160, 27677, 109065, 72960]"
115037,"[51891, 96033, 24331, 62763, 32239, 72351, 1883, 19023, 105554, 107942]"
115038,"[72409, 18636, 95649, 4003, 105071, 55028, 51142, 102954, 73248, 52505]"
115039,"[96250, 43260, 46232, 20354, 44449, 43208, 38785, 90670, 6645, 26211]"
115040,"[5430, 55228, 105339, 23694, 71653, 28711, 47273, 90056, 49778, 20114]"
115041,"[88966, 96533, 64027, 20345, 59139, 104413, 5392, 46807, 38809, 67462]"
115042,"[65486, 91195, 8085, 83492, 109611, 98189, 26526, 24177, 25847, 95081]"
115043,"[5654, 90771, 106973, 89788, 15353, 22206, 59010, 11826, 39271, 29486]"
115044,"[30150, 34252, 88375, 46265, 70062, 67952, 54054, 33025, 104779, 9036]"
115045,"[88566, 34462, 37993, 75506, 1344, 21651, 71547, 14947, 24863, 60519]"
115046,"[74354, 96963, 91377, 892, 32627, 61277, 30001, 75739, 93850, 103326]"
115047,"[101330, 18023, 29380, 70164, 104066, 35622, 5637, 94918, 106615, 89491]"
115048,"[42901, 43408, 43133, 62737, 98283, 29877, 67119, 86486, 87916, 22024]"
115049,"[28923, 86583, 39426, 75493, 55228, 69990, 28711, 40400, 91562, 90165]"
115050,"[103406, 36903, 87478, 57129, 47532, 43713, 13365, 30151, 41469, 25644]"
115051,"[108718, 22575, 56972, 73540, 102280, 1382, 48047, 62370, 37788, 7483]"
115052,"[83172, 61890, 96820, 93473, 3670, 52224, 68932, 38751, 53353, 42100]"
115053,"[39717, 100428, 95910, 81357, 25160, 42884, 56423, 21686, 63963, 11222]"
115054,"[46439, 33756, 86070, 69254, 84716, 81013, 70089, 88594, 8252, 104075]"
115055,"[109514, 27442, 99588, 2977, 254, 100638, 30018, 22269, 63223, 70429]"
115056,"[45004, 52921, 106727, 78391, 32731, 79313, 107762, 57224, 60746, 55153]"
115057,"[57485, 43815, 58917, 98831, 57486, 104817, 37845, 55034, 102524, 102676]"
115058,"[47158, 75520, 29990, 92385, 47002, 89844, 31095, 5725, 62532, 37827]"
115059,"[4448, 13081, 2262, 10041, 4272, 13843, 83694, 68029, 73525, 108916]"
115060,"[49564, 59047, 17845, 66487, 72151, 58150, 72406, 53572, 11268, 41084]"
115061,"[11077, 53582, 69271, 15522, 5163, 56427, 50955, 85506, 24545, 25724]"
115062,"[12938, 36821, 60261, 53322, 77142, 108415, 11279, 77326, 39809, 44488]"
115063,"[61094, 94535, 75604, 85221, 97986, 100446, 87308, 30203, 26892, 15763]"
115064,"[92523, 98162, 93823, 1974, 2723, 106135, 47638, 30855, 67524, 91333]"
115065,"[36789, 68894, 39764, 64659, 24741, 1141, 2227, 75524, 33674, 23407]"
115066,"[34088, 13494, 38009, 22453, 74915, 77057, 94723, 49407, 66061, 19374]"
115067,"[81669, 89759, 56491, 42987, 50584, 50323, 109245, 77628, 84300, 15201]"
115068,"[41877, 64501, 10050, 71575, 92639, 43481, 66860, 39003, 33423, 105503]"
115069,"[89706, 72902, 52028, 41611, 94588, 83527, 7649, 100599, 68645, 105962]"
115070,"[107925, 13683, 70294, 70178, 35797, 29701, 83163, 47274, 77251, 7512]"
115071,"[92931, 38600, 62438, 44644, 62963, 78114, 69170, 42582, 18864, 71192]"
115072,"[53275, 38112, 33217, 51301, 86151, 109646, 27391, 33131, 15923, 2148]"
115073,"[78986, 94449, 13705, 85490, 29232, 331, 46039, 44145, 63098, 99851]"
115074,"[65587, 31849, 44199, 91239, 22704, 81766, 59965, 5114, 108848, 30745]"
115075,"[21762, 26625, 37594, 98022, 81334, 62076, 75503, 86586, 87753, 58187]"
115076,"[2697, 29552, 107619, 72017, 38350, 9509, 51873, 64242, 32535, 5851]"
115077,"[82450, 66782, 89284, 23273, 24307, 67331, 68026, 12438, 68019, 62417]"
115078,"[6313, 97836, 61952, 96386, 38638, 24151, 79031, 40613, 22792, 45326]"
115079,"[92239, 93459, 85362, 26931, 66804, 88671, 75296, 57665, 46608, 27161]"
115080,"[77240, 29884, 105910, 72873, 77867, 57222, 17806, 36000, 57765, 75914]"
115081,"[55415, 87001, 61609, 67919, 90589, 26776, 57307, 29378, 61574, 50585]"
115082,"[12875, 29626, 4378, 108495, 40263, 54084, 53168, 33919, 78915, 44622]"
115083,"[97329, 85531, 85126, 10881, 63490, 72209, 13696, 51431, 21117, 51717]"
115084,"[98944, 38360, 39347, 86398, 66613, 84311, 15231, 76030, 105823, 92234]"
115085,"[13838, 15162, 30186, 78884, 8239, 33813, 6975, 39490, 74648, 77581]"
115086,"[91309, 1919, 42290, 69844, 44456, 7039, 3239, 41893, 89051, 37622]"
115087,"[19287, 102487, 53020, 33977, 107182, 77931, 14114, 615, 30732, 70437]"
115088,"[25027, 34935, 7024, 54770, 52099, 24363, 62976, 95618, 31871, 85771]"
115089,"[18264, 27144, 45828, 107380, 32557, 29384, 71993, 58509, 41302, 9040]"
115090,"[23141, 109447, 41989, 44894, 6775, 42450, 79481, 55091, 11796, 108118]"
115091,"[92163, 104857, 72648, 54903, 17239, 23433, 36419, 74701, 99295, 57559]"
115092,"[99187, 82523, 65432, 84034, 102539, 10048, 16929, 72652, 44982, 39910]"
115093,"[35913, 101248, 101021, 62434, 22884, 14703, 93197, 78612, 7983, 39056]"
115094,"[75892, 107855, 1176, 59917, 16186, 5979, 41653, 25068, 46562, 59602]"
115095,"[75032, 33698, 79434, 12961, 74393, 8315, 91207, 5369, 21200, 27639]"
115096,"[87817, 11817, 73449, 5625, 57211, 97544, 67154, 103156, 25146, 84388]"
115097,"[73733, 80645, 23511, 23761, 90747, 70516, 32574, 67482, 42328, 22585]"
115098,"[56914, 21834, 33600, 10921, 21867, 109043, 106526, 15651, 106221, 36]"
115099,"[54793, 8821, 17006, 59445, 68993, 36896, 10367, 90633, 92293, 74817]"
115100,"[74071, 98984, 85875, 11137, 37958, 27497, 4966, 91020, 54855, 88813]"
115101,"[57407, 4449, 107128, 23801, 99721, 5774, 68337, 1557, 82057, 36735]"
115102,"[23439, 81528, 32856, 43162, 62406, 35800, 72585, 77000, 59628, 42370]"
115103,"[94812, 86901, 70806, 18086, 87195, 19690, 20858, 45012, 8364, 78361]"
115104,"[22746, 45903, 89352, 32785, 78535, 67876, 40281, 33479, 57875, 7447]"
115105,"[89169, 45273, 1688, 1207, 11725, 89813, 73175, 46227, 97108, 55810]"
115106,"[49892, 25739, 94068, 68321, 18620, 13597, 106547, 97390, 102172, 42966]"
115107,"[39971, 18617, 57846, 9642, 77858, 34479, 13943, 103775, 42940, 69150]"
115108,"[27687, 26298, 28623, 64768, 75460, 34701, 23051, 84939, 85418, 80935]"
115109,"[95719, 106903, 16211, 87190, 71141, 12061, 88585, 27646, 103672, 3947]"
115110,"[50472, 17134, 74912, 75397, 22168, 18329, 77830, 107398, 86982, 11022]"
115111,"[3868, 75430, 2038, 23400, 77719, 47212, 61303, 61375, 41448, 3763]"
115112,"[39933, 36191, 41927, 51741, 76684, 137, 48586, 26913, 13772, 28195]"
115113,"[7718, 94001, 61706, 66528, 51570, 80034, 20991, 16786, 26134, 66535]"
115114,"[30118, 77338, 12611, 52958, 29771, 61647, 13101, 70412, 51653, 74660]"
115115,"[21790, 38062, 88783, 37619, 30409, 50370, 73686, 89088, 84128, 106012]"
115116,"[38353, 77426, 25153, 81032, 45700, 71572, 77489, 23977, 17901, 79350]"
115117,"[61204, 46527, 54451, 12183, 15041, 83826, 67968, 47915, 2922, 14692]"
115118,"[26882, 69863, 44013, 109342, 63760, 92430, 85438, 89566, 49288, 102451]"
115119,"[30246, 361, 30746, 76499, 24115, 44169, 19314, 70708, 66815, 11187]"
115120,"[105869, 30873, 90278, 47256, 13211, 72490, 52635, 60876, 88306, 73967]"
115121,"[19853, 5788, 88648, 64700, 92118, 31374, 84259, 18055, 83950, 74307]"
115122,"[42436, 47921, 29487, 29692, 8602, 43952, 78909, 31728, 66539, 68677]"
115123,"[51357, 103130, 88606, 37046, 20579, 53174, 27134, 37869, 14726, 34638]"
115124,"[103120, 32058, 3827, 71156, 43814, 30849, 2362, 55088, 21243, 105087]"
115125,"[4602, 15784, 9048, 74421, 2688, 22896, 71333, 109635, 96516, 95219]"
115126,"[14444, 71465, 49121, 29775, 42243, 83819, 38217, 12374, 99838, 37998]"
115127,"[108246, 66573, 50614, 5964, 102852, 62995, 77692, 72809, 34021, 50265]"
115128,"[43993, 195, 30712, 18101, 99990, 28230, 78582, 41205, 55683, 14005]"
115129,"[77348, 97255, 61639, 47917, 101753, 42647, 41017, 86006, 8523, 45112]"
115130,"[18491, 27432, 15076, 71001, 31709, 38417, 25079, 108666, 84566, 71362]"
115131,"[37052, 23646, 18839, 41537, 96957, 7846, 16809, 16083, 71654, 75899]"
115132,"[69826, 55462, 7980, 74364, 51969, 92094, 32912, 56332, 47087, 17978]"
115133,"[22675, 63352, 92550, 56807, 78416, 94669, 106718, 35109, 67575, 38731]"
115134,"[72293, 53882, 108355, 24017, 16610, 54543, 88851, 75449, 85314, 73836]"
115135,"[8041, 67157, 30319, 63062, 55168, 35917, 109475, 43735, 32620, 98781]"
115136,"[5199, 82038, 52289, 57112, 78099, 30651, 53584, 19886, 71881, 93943]"
115137,"[109173, 39857, 35376, 100880, 55783, 80841, 6161, 107348, 105750, 45797]"
115138,"[79358, 33860, 93363, 84170, 52076, 43677, 49276, 72788, 108953, 72144]"
115139,"[22352, 100468, 5666, 49051, 62459, 17903, 89838, 34726, 100413, 23579]"
115140,"[63470, 101900, 2353, 65462, 75176, 47123, 95352, 6130, 47938, 13571]"
115141,"[64597, 95766, 88460, 52333, 44543, 85037, 26898, 62441, 108572, 8550]"
115142,"[73618, 95491, 70363, 25143, 70301, 82564, 54458, 16816, 29205, 102878]"
115143,"[59129, 7446, 5833, 14980, 79577, 495, 100018, 90269, 21672, 34409]"
115144,"[73621, 4363, 63611, 88227, 67779, 14139, 54813, 57469, 98591, 103822]"
115145,"[105529, 92500, 22759, 37514, 45629, 34038, 73922, 53483, 15914, 31900]"
115146,"[65003, 66772, 3504, 61899, 52208, 35569, 4721, 83633, 97268, 40595]"
115147,"[69558, 40917, 54987, 99807, 101067, 93497, 25352, 97271, 53607, 91968]"
115148,"[51119, 63246, 15962, 107487, 57554, 93392, 31783, 85639, 79110, 58027]"
115149,"[300, 80554, 59367, 52902, 27930, 53263, 66175, 27969, 22359, 102225]"
115150,"[18932, 33185, 16408, 25599, 79030, 54188, 7124, 20672, 13839, 98812]"
115151,"[61435, 70695, 81532, 93221, 38892, 20169, 7417, 39946, 92005, 63456]"
115152,"[47716, 47926, 73391, 55303, 44991, 31445, 57557, 40332, 51923, 5265]"
115153,"[19024, 63203, 104234, 102106, 28351, 2108, 42509, 77230, 80353, 39296]"
115154,"[70798, 71903, 83721, 40374, 32520, 107329, 15227, 90537, 10366, 72421]"
115155,"[58015, 31833, 50422, 22613, 24553, 62592, 69751, 91186, 80108, 102788]"
115156,"[86767, 25615, 23169, 89542, 65899, 97285, 63793, 61599, 7167, 22306]"
115157,"[106084, 70249, 74267, 96350, 72334, 105716, 40897, 87992, 44698, 85280]"
115158,"[34313, 71112, 23497, 45844, 13211, 72924, 108711, 109089, 23194, 109017]"
115159,"[59930, 75568, 24016, 88123, 25828, 93296, 73516, 59738, 79312, 108527]"
115160,"[60117, 11574, 59087, 84216, 74097, 19774, 42807, 43602, 56309, 2231]"
115161,"[28894, 26925, 10486, 92341, 70613, 65689, 21318, 7996, 57182, 95403]"
115162,"[23056, 108915, 67571, 45422, 36409, 74717, 39518, 100918, 28738, 12800]"
115163,"[26819, 25604, 36743, 72343, 16788, 36293, 88776, 64358, 7604, 42839]"
115164,"[79826, 90334, 94322, 33234, 58289, 5987, 89268, 2617, 54532, 76990]"
115165,"[65701, 61745, 12929, 37680, 24403, 4660, 65397, 79367, 52645, 54001]"
115166,"[55910, 24382, 42252, 18311, 520, 98358, 89009, 64483, 79787, 45083]"
115167,"[43204, 99602, 87368, 57273, 3892, 4955, 44102, 71323, 8611, 7622]"
115168,"[54227, 91553, 34381, 7036, 25676, 40622, 9452, 67273, 104918, 61142]"
115169,"[89239, 84818, 99303, 67256, 37982, 57918, 25536, 47953, 53616, 76460]"
115170,"[68218, 108316, 8518, 43081, 81688, 11219, 46767, 70523, 30055, 8936]"
115171,"[72403, 771, 94836, 68437, 93707, 72925, 67188, 21154, 54008, 100243]"
115172,"[9714, 108924, 24358, 821, 10390, 98904, 84225, 14480, 62718, 91441]"
115173,"[71622, 39676, 65327, 60962, 53534, 87934, 74014, 30159, 68013, 29748]"
115174,"[45486, 103534, 67568, 109131, 86293, 106171, 1522, 14205, 23403, 75920]"
115175,"[12857, 25315, 3948, 86560, 104559, 67097, 90593, 70889, 28748, 24912]"
115176,"[22519, 108662, 33902, 70586, 63254, 103067, 104894, 105185, 21494, 54712]"
115177,"[23869, 42403, 41524, 92788, 61288, 48960, 16685, 12716, 61745, 79616]"
115178,"[3038, 17376, 16500, 82752, 37697, 28731, 27019, 106470, 18309, 103533]"
115179,"[45483, 36433, 12826, 46387, 43828, 89120, 7420, 45416, 75016, 33088]"
115180,"[92261, 91017, 10152, 56836, 6467, 2713, 77023, 99216, 106313, 41361]"
115181,"[26171, 2081, 96940, 5863, 42721, 67019, 37003, 12062, 27773, 109569]"
115182,"[10691, 41456, 9380, 8383, 97715, 28019, 61192, 95634, 23514, 59284]"
115183,"[60782, 98048, 109139, 87899, 64917, 13891, 108591, 36019, 23975, 96028]"
115184,"[94997, 5195, 79261, 34062, 87302, 64607, 42989, 31735, 102801, 43328]"
115185,"[84878, 6346, 28593, 69583, 17407, 102547, 87303, 29525, 49304, 82486]"
115186,"[12115, 43720, 79811, 12125, 82947, 63727, 29732, 85673, 49184, 102982]"
115187,"[87569, 58099, 9573, 31128, 82565, 8794, 98988, 6012, 34746, 58160]"
115188,"[6133, 49427, 105265, 16925, 63853, 4726, 61052, 38368, 12903, 97915]"
115189,"[23615, 40661, 60438, 1323, 77315, 95931, 105352, 55694, 56994, 91264]"
115190,"[29418, 104975, 50686, 70933, 60823, 42701, 77955, 102667, 47521, 108827]"
115191,"[73007, 8271, 22714, 49605, 41724, 44647, 64763, 70490, 89718, 30437]"
115192,"[27433, 34246, 26454, 90299, 77577, 89876, 108796, 56719, 4414, 14975]"
115193,"[70010, 78198, 7627, 100673, 81146, 76080, 107756, 51372, 85589, 103798]"
115194,"[66412, 95085, 24238, 45806, 75776, 90151, 17165, 12928, 66298, 67895]"
115195,"[82252, 26616, 82384, 49442, 87769, 74834, 360, 11626, 72226, 61942]"
115196,"[92473, 61282, 38424, 56750, 77117, 50264, 66880, 49406, 59175, 102789]"
115197,"[89429, 10677, 82457, 67337, 101252, 49565, 109412, 75314, 13491, 46119]"
115198,"[23999, 31233, 42351, 77620, 19445, 26153, 19146, 78395, 1509, 72514]"
115199,"[44113, 21410, 11916, 78252, 14833, 74842, 6760, 22695, 49357, 54445]"
115200,"[51330, 98589, 18873, 4686, 6830, 33633, 69240, 91560, 7357, 72249]"
115201,"[109413, 21450, 22117, 23183, 2776, 35287, 67168, 93844, 97704, 79359]"
115202,"[104229, 63306, 46992, 40277, 33321, 84591, 18361, 94806, 84781, 33571]"
115203,"[82118, 81337, 39228, 32645, 27743, 18611, 13712, 53908, 38328, 30694]"
115204,"[38525, 13258, 90780, 85478, 66273, 81240, 79606, 3710, 4974, 38291]"
115205,"[26237, 28036, 76977, 86889, 93506, 29469, 69487, 70796, 27336, 102418]"
115206,"[68328, 5131, 20279, 96248, 46332, 60440, 63787, 37515, 109147, 82228]"
115207,"[46668, 30291, 65176, 31406, 27286, 76059, 104580, 83138, 23063, 104282]"
115208,"[103373, 43246, 57343, 32109, 102441, 3980, 107020, 45003, 105157, 45974]"
115209,"[49361, 5226, 101600, 86717, 24668, 70320, 734, 107169, 98080, 23832]"
115210,"[68414, 62562, 86694, 68031, 12951, 101898, 3429, 51650, 7045, 77077]"
115211,"[21473, 93399, 35171, 65263, 62136, 46471, 106304, 42632, 70432, 4871]"
115212,"[63111, 102896, 73528, 76848, 82038, 106871, 79643, 86218, 103895, 71881]"
115213,"[54374, 15424, 6729, 42519, 10200, 52072, 3613, 35899, 87196, 47884]"
115214,"[27355, 48574, 96702, 69119, 19957, 35824, 50599, 52842, 78695, 18057]"
115215,"[87976, 78840, 60131, 80242, 70740, 61114, 22975, 36934, 41515, 99810]"
115216,"[81066, 25206, 43349, 84708, 59332, 70955, 53598, 94945, 93082, 31170]"
115217,"[77833, 64774, 59107, 101176, 83809, 45568, 70476, 105460, 76653, 53175]"
115218,"[38668, 88140, 24699, 94197, 59868, 794, 36387, 22778, 102439, 78826]"
115219,"[64494, 2080, 25520, 2033, 39987, 2463, 62097, 25664, 39889, 56181]"
115220,"[56200, 35251, 33879, 98551, 13571, 61903, 10949, 81773, 75176, 86283]"
115221,"[37341, 61741, 57750, 94755, 445, 67741, 102276, 77711, 105043, 27699]"
115222,"[62810, 245, 23354, 64005, 8134, 98471, 54020, 45565, 84354, 64235]"
115223,"[5610, 3820, 95589, 76011, 79024, 1608, 55238, 66220, 23153, 78917]"
115224,"[95820, 6074, 71616, 26502, 87881, 57313, 7964, 48190, 41106, 55650]"
115225,"[94969, 17028, 59024, 106174, 85730, 25428, 105885, 54150, 105397, 79006]"
115226,"[80890, 6288, 50678, 106720, 77226, 4126, 106842, 23919, 5859, 104715]"
115227,"[104405, 102736, 23512, 64771, 78802, 6052, 44848, 91875, 54734, 61970]"
115228,"[37201, 17692, 26626, 99410, 79378, 91919, 45420, 76466, 19380, 20286]"
115229,"[56668, 55823, 43469, 108041, 14148, 7770, 68092, 90085, 68172, 53717]"
115230,"[84049, 61445, 39425, 10044, 27301, 29481, 42928, 76314, 69562, 76875]"
115231,"[9024, 9479, 36912, 40530, 28869, 49408, 38841, 108741, 37339, 44268]"
115232,"[25369, 94981, 106255, 9530, 49950, 106636, 23834, 72874, 64321, 49632]"
115233,"[45337, 102967, 49365, 99465, 106550, 71515, 79275, 89479, 24058, 8866]"
115234,"[52389, 59923, 80271, 50152, 63407, 102755, 30287, 49860, 44115, 18231]"
115235,"[99646, 101681, 1115, 96957, 41603, 105094, 103641, 21301, 81543, 47968]"
115236,"[1450, 35749, 48705, 67555, 43693, 40316, 85282, 91455, 41453, 105595]"
115237,"[15037, 84466, 90788, 63966, 69609, 102382, 104676, 33554, 13896, 103030]"
115238,"[92309, 56772, 54489, 77706, 38651, 9500, 28718, 56876, 102457, 36868]"
115239,"[80784, 108758, 62426, 69295, 34716, 56906, 108257, 102189, 41012, 21592]"
115240,"[89990, 86344, 19607, 102437, 54931, 40391, 37494, 40360, 47001, 42693]"
115241,"[6737, 5084, 1812, 89419, 19431, 108160, 28364, 26722, 10141, 40176]"
115242,"[108980, 21573, 106528, 75262, 97689, 90504, 59240, 42738, 11497, 19442]"
115243,"[17319, 99717, 19803, 29731, 37807, 95371, 48850, 95366, 101833, 33209]"
115244,"[51799, 83103, 98400, 80819, 65123, 96344, 101285, 27767, 81154, 45742]"
115245,"[10215, 18805, 19522, 47419, 105419, 53204, 35801, 86542, 78828, 84376]"
115246,"[98042, 106918, 32607, 73988, 31731, 47589, 30384, 48147, 42070, 71782]"
115247,"[90419, 96182, 97299, 91987, 51268, 1279, 25506, 49618, 91644, 52155]"
115248,"[6177, 104724, 20909, 17052, 79848, 32302, 90358, 59822, 104768, 97832]"
115249,"[50752, 101482, 67329, 99698, 1149, 41379, 38626, 62626, 28050, 66765]"
115250,"[4457, 36281, 108964, 30714, 83610, 101365, 9858, 67499, 101403, 86891]"
115251,"[29737, 71651, 56764, 97894, 57573, 3525, 15648, 84728, 1222, 24740]"
115252,"[45582, 96659, 48404, 71558, 107049, 80643, 32810, 23863, 49488, 21472]"
115253,"[35354, 22112, 28343, 38897, 75457, 63077, 727, 78014, 93181, 41335]"
115254,"[47090, 4797, 44340, 47456, 87462, 23247, 105556, 77553, 5533, 56026]"
115255,"[30019, 26675, 92251, 103040, 73002, 7423, 71000, 67911, 21549, 20641]"
115256,"[56353, 66377, 80276, 47220, 9985, 89790, 19831, 62748, 49385, 60679]"
115257,"[55184, 64834, 87040, 24820, 105768, 56068, 62712, 66232, 80782, 38587]"
115258,"[34287, 81939, 6824, 38041, 80043, 30086, 21749, 72813, 41009, 87607]"
115259,"[64463, 5189, 15208, 16356, 69983, 42292, 5988, 77278, 77082, 8696]"
115260,"[13872, 70310, 18178, 78775, 89113, 105039, 16909, 32268, 51963, 96541]"
115261,"[545, 49105, 79691, 86489, 87969, 15202, 4878, 713, 23067, 52975]"
115262,"[1569, 78657, 41909, 94074, 23001, 53444, 49064, 89700, 59611, 39101]"
115263,"[28134, 74012, 26639, 75183, 23135, 94932, 93358, 10093, 60918, 89680]"
115264,"[691, 8062, 36812, 107554, 22557, 21973, 81613, 101607, 49661, 106479]"
115265,"[11135, 79479, 109403, 31916, 101252, 84022, 10762, 37755, 107188, 58412]"
115266,"[88517, 89006, 25658, 54108, 63037, 74826, 79821, 92062, 91365, 39224]"
115267,"[50937, 11687, 57065, 16676, 67106, 104448, 58965, 66922, 54637, 40038]"
115268,"[33080, 12512, 85694, 75711, 47421, 103631, 84672, 8429, 5407, 38286]"
115269,"[9078, 41827, 57596, 85642, 47041, 11717, 30740, 33043, 44196, 12100]"
115270,"[40844, 51112, 18183, 56548, 49432, 3379, 27531, 1111, 44304, 87485]"
115271,"[80667, 77344, 81041, 69136, 24569, 53337, 38671, 47382, 4577, 102116]"
115272,"[13218, 18629, 93282, 94778, 93745, 47181, 30623, 67309, 83371, 80036]"
115273,"[91232, 106446, 59178, 91104, 12690, 56548, 13835, 51949, 55506, 3379]"
115274,"[40186, 62795, 27905, 33608, 7345, 108605, 77267, 93269, 106569, 91781]"
115275,"[29644, 10375, 17557, 103835, 34742, 64749, 19302, 98633, 4601, 64254]"
115276,"[55302, 102903, 70059, 105961, 47480, 80037, 36270, 88688, 43041, 89855]"
115277,"[104916, 76419, 16859, 80845, 89332, 104193, 25672, 38421, 64101, 42749]"
115278,"[3016, 21074, 2907, 43571, 31281, 103823, 27133, 31728, 89712, 95412]"
115279,"[57835, 9269, 45443, 30347, 94237, 83109, 49329, 64686, 64586, 59474]"
115280,"[191, 83920, 54113, 18461, 63464, 32860, 16288, 87149, 68591, 78641]"
115281,"[34367, 29636, 72855, 70039, 75149, 104541, 9668, 1109, 106916, 60583]"
115282,"[34964, 30609, 15944, 72764, 105961, 68214, 15939, 11804, 103327, 89238]"
115283,"[59901, 96697, 68985, 86764, 31988, 22891, 1403, 70647, 97850, 18128]"
115284,"[40474, 91373, 62952, 45301, 1504, 67405, 31614, 44386, 75727, 76598]"
115285,"[61407, 92532, 87333, 73497, 108980, 36643, 72572, 68009, 65188, 95885]"
115286,"[11780, 34077, 39666, 67675, 13283, 73558, 96340, 18319, 70515, 6067]"
115287,"[66853, 75698, 24263, 13029, 43213, 12211, 95324, 96714, 69049, 80465]"
115288,"[33567, 67342, 64376, 5344, 27825, 70106, 90601, 64893, 21471, 54064]"
115289,"[31305, 82102, 72771, 56544, 87238, 102740, 51046, 47662, 22493, 101230]"
115290,"[25821, 85708, 53469, 52433, 34303, 66773, 45032, 13077, 94911, 57841]"
115291,"[86335, 23681, 56485, 51432, 19144, 94221, 54373, 21865, 21884, 73656]"
115292,"[59780, 106000, 104569, 90157, 13524, 100471, 7343, 11487, 80638, 37960]"
115293,"[22311, 68738, 106130, 103472, 5551, 66024, 71058, 47077, 18134, 92587]"
115294,"[35614, 81602, 102230, 63896, 89512, 17863, 1936, 15913, 66867, 18672]"
115295,"[104924, 90042, 26436, 20397, 14745, 19136, 10493, 97868, 9832, 102916]"
115296,"[80265, 44589, 91752, 108559, 100403, 64745, 59345, 4948, 37470, 13327]"
115297,"[44269, 2069, 17234, 91846, 75539, 54661, 27096, 104419, 7759, 22161]"
115298,"[63732, 72376, 15579, 47599, 49135, 96368, 65281, 15138, 101115, 43474]"
115299,"[82727, 61692, 23316, 48830, 70191, 72116, 25614, 25320, 14511, 84358]"
115300,"[107211, 97693, 22802, 19992, 79110, 46568, 38086, 104361, 57554, 42589]"
115301,"[93066, 12093, 40548, 32962, 31883, 9481, 53115, 29143, 9802, 85327]"
115302,"[15526, 34905, 76626, 1, 55439, 9007, 104892, 26566, 88992, 106144]"
115303,"[98741, 105456, 96398, 102450, 99012, 4594, 36635, 5068, 60192, 104382]"
115304,"[58159, 81917, 10990, 68614, 103177, 84909, 70773, 98462, 80861, 35100]"
115305,"[46975, 69651, 22522, 80235, 59073, 6269, 56297, 71642, 78332, 10090]"
115306,"[33982, 9607, 95054, 30290, 93599, 59715, 12091, 77458, 39691, 102834]"
115307,"[23089, 109545, 69481, 15441, 60744, 105018, 23272, 57017, 47027, 82619]"
115308,"[100327, 12999, 14724, 5255, 57230, 55261, 35662, 102850, 73767, 50424]"
115309,"[37204, 64146, 47245, 50080, 39085, 76884, 9822, 32344, 10395, 19899]"
115310,"[62347, 72946, 88582, 64524, 24190, 87652, 72304, 30608, 64669, 103410]"
115311,"[8486, 82111, 48625, 53206, 69430, 101056, 71931, 105257, 19600, 46389]"
115312,"[63286, 76423, 104763, 67035, 67101, 44498, 81997, 11249, 58284, 9425]"
115313,"[11878, 74590, 47534, 87230, 66671, 31024, 584, 50799, 38920, 91785]"
115314,"[94840, 1480, 79515, 54681, 100537, 71583, 102046, 6934, 58003, 7694]"
115315,"[46585, 63179, 32341, 71923, 8066, 81799, 55753, 84307, 98457, 47257]"
115316,"[59313, 35719, 59320, 45981, 6302, 6055, 48440, 29657, 77794, 26294]"
115317,"[11234, 16014, 104135, 65470, 55506, 37284, 38180, 42066, 61311, 358]"
115318,"[66925, 66694, 46535, 80824, 102473, 49093, 84312, 99950, 53989, 107582]"
115319,"[71669, 1452, 19637, 75116, 52894, 92644, 51051, 49839, 14777, 87463]"
115320,"[34678, 5312, 101194, 15883, 69618, 73037, 93207, 97234, 64714, 47681]"
115321,"[98657, 86561, 85396, 6104, 6788, 35391, 44167, 57003, 83820, 55060]"
115322,"[48449, 85447, 2824, 81534, 10124, 74707, 8782, 18849, 94717, 35593]"
115323,"[56379, 14395, 45016, 46816, 8983, 15404, 102455, 20586, 59093, 86866]"
115324,"[11850, 7666, 108328, 9758, 50915, 34236, 47330, 58680, 66017, 86232]"
115325,"[28598, 22700, 32769, 56630, 35921, 1887, 22358, 60744, 23849, 35585]"
115326,"[86261, 83779, 42709, 105497, 5230, 7961, 42275, 22047, 19266, 4973]"
115327,"[61986, 46041, 40607, 56120, 84551, 108749, 20220, 38906, 51965, 55791]"
115328,"[73898, 7663, 47492, 1846, 78535, 33479, 108491, 20336, 54928, 62837]"
115329,"[28551, 32685, 95282, 13517, 43169, 6241, 42838, 103263, 96840, 72025]"
115330,"[5378, 80204, 49613, 33122, 87651, 48258, 105952, 49684, 51331, 19898]"
115331,"[26390, 42092, 59534, 62707, 49959, 88571, 24246, 1803, 20885, 72994]"
115332,"[107851, 28306, 69920, 68792, 26788, 86460, 94769, 12684, 80661, 27365]"
115333,"[91541, 28800, 38144, 13137, 82634, 21269, 76110, 13814, 107883, 78133]"
115334,"[46055, 11184, 62855, 56454, 29433, 57172, 16337, 51599, 106077, 92310]"
115335,"[98152, 28271, 70021, 61919, 40694, 14397, 97577, 57524, 3071, 37780]"
115336,"[46204, 12320, 35906, 70130, 91885, 96509, 2893, 61709, 44159, 104036]"
115337,"[67387, 8312, 104662, 12181, 74292, 8611, 80664, 14685, 72047, 57228]"
115338,"[98340, 72873, 12681, 18209, 106758, 106409, 52823, 32731, 94958, 54314]"
115339,"[27952, 37411, 25117, 57476, 32956, 9003, 47393, 28729, 36665, 17611]"
115340,"[45235, 5411, 21262, 18696, 19174, 45084, 42781, 24077, 70148, 18484]"
115341,"[108697, 6802, 57103, 16783, 62957, 82939, 87020, 49790, 36110, 92582]"
115342,"[103264, 31187, 26518, 63728, 90133, 42464, 5201, 60815, 40284, 92811]"
115343,"[38422, 38944, 10088, 31795, 11611, 57656, 22573, 72111, 28180, 18050]"
115344,"[109644, 82273, 68751, 8801, 66771, 64721, 85500, 45984, 83664, 3735]"
115345,"[80957, 19430, 14857, 63694, 64595, 2530, 69118, 90837, 107502, 1470]"
115346,"[106581, 47918, 8395, 43489, 84234, 102958, 103508, 7295, 69993, 70350]"
115347,"[35346, 22996, 78294, 47775, 67875, 10941, 80703, 63752, 17176, 90805]"
115348,"[70262, 64257, 91536, 101808, 68953, 20151, 22023, 69366, 20578, 98662]"
115349,"[68508, 7182, 50897, 82495, 15084, 49382, 7799, 88519, 14556, 42386]"
115350,"[59187, 55269, 27836, 26749, 26861, 33675, 48589, 47031, 106427, 35788]"
115351,"[51337, 24225, 106302, 72907, 52130, 108363, 19607, 50226, 102768, 15516]"
115352,"[47815, 61089, 58340, 70397, 14184, 63223, 711, 31642, 102328, 100058]"
115353,"[30423, 20785, 28292, 64291, 26824, 14360, 73745, 69182, 8420, 52228]"
115354,"[27570, 29987, 50727, 20610, 70063, 32680, 107769, 89719, 101267, 55357]"
115355,"[32572, 85540, 83922, 73130, 42592, 10513, 4149, 100460, 100686, 76482]"
115356,"[91844, 68428, 60857, 21343, 3065, 11045, 106535, 11929, 95496, 33482]"
115357,"[61528, 59730, 45568, 51042, 64146, 83809, 71749, 45085, 49106, 15033]"
115358,"[108472, 19187, 49337, 75038, 78836, 47003, 74056, 109410, 96075, 63462]"
115359,"[21264, 105989, 43354, 36742, 19125, 37513, 76409, 50214, 41880, 28438]"
115360,"[85814, 56175, 43438, 47576, 26899, 19845, 1795, 49055, 77815, 107363]"
115361,"[47066, 47523, 39290, 87456, 983, 29080, 102055, 36717, 51012, 7405]"
115362,"[71864, 79928, 101594, 107535, 45176, 76864, 106855, 89251, 5033, 96304]"
115363,"[70593, 42856, 53051, 5969, 3287, 70996, 45982, 63410, 43224, 89205]"
115364,"[46936, 54016, 17875, 25163, 49960, 97691, 101743, 3408, 15032, 20527]"
115365,"[97446, 7489, 11771, 5287, 95640, 2155, 57649, 39650, 80167, 67739]"
115366,"[47839, 18939, 99096, 55701, 53626, 10976, 70017, 83812, 25901, 77404]"
115367,"[89394, 49867, 95564, 88055, 34515, 651, 50991, 96521, 20272, 14476]"
115368,"[104993, 35294, 101224, 5794, 33635, 16541, 63366, 38536, 28329, 64329]"
115369,"[96843, 67017, 39216, 21824, 26726, 11986, 18061, 43229, 37300, 67343]"
115370,"[51192, 93275, 9899, 90854, 64485, 63531, 37340, 22812, 106983, 58539]"
115371,"[37447, 99566, 75488, 15672, 17504, 173, 36869, 51174, 77870, 896]"
115372,"[77342, 61610, 21632, 36638, 72089, 98769, 9476, 99067, 42237, 35449]"
115373,"[80891, 4834, 106549, 5904, 15711, 25092, 14915, 52017, 72665, 48041]"
115374,"[71700, 17245, 45819, 61332, 11637, 78035, 69565, 54441, 100545, 102918]"
115375,"[28324, 40000, 79706, 37602, 104983, 10201, 95194, 4949, 91675, 59279]"
115376,"[90138, 46317, 106680, 93961, 98079, 62212, 105611, 85488, 109237, 5660]"
115377,"[352, 75773, 6578, 61982, 106227, 105130, 90222, 85656, 94908, 33593]"
115378,"[15776, 42524, 69871, 3937, 46010, 82890, 32809, 19343, 109140, 45209]"
115379,"[21447, 30515, 53448, 32010, 90465, 64728, 28842, 104646, 54966, 23502]"
115380,"[91002, 90874, 81737, 77508, 64193, 54330, 32851, 34055, 99646, 86786]"
115381,"[30075, 70688, 86473, 102209, 101915, 83280, 101840, 12004, 30053, 88554]"
115382,"[40626, 48575, 99238, 62478, 82544, 39579, 67172, 71371, 35911, 41424]"
115383,"[22372, 31750, 14766, 27210, 20626, 68861, 27189, 23958, 14313, 5005]"
115384,"[74977, 58436, 96440, 36872, 59360, 60277, 8630, 64040, 12045, 102552]"
115385,"[96222, 85484, 66440, 49097, 19034, 99309, 30509, 81416, 84482, 1731]"
115386,"[70696, 60644, 9866, 40796, 22284, 8123, 64806, 49938, 58459, 61700]"
115387,"[38833, 13971, 21574, 88525, 101558, 60530, 12300, 90710, 82103, 63618]"
115388,"[87046, 72063, 14820, 104349, 105005, 102554, 99816, 25951, 17641, 77221]"
115389,"[93604, 108301, 9117, 21242, 94497, 92553, 103906, 71687, 19754, 76405]"
115390,"[41352, 40236, 90361, 61629, 6954, 19982, 47598, 62858, 101497, 41256]"
115391,"[93611, 6486, 51702, 1602, 84055, 43991, 41883, 54318, 54519, 69683]"
115392,"[15794, 66292, 55106, 38172, 81879, 28255, 45642, 100712, 65804, 102343]"
115393,"[4301, 11873, 20928, 44641, 44133, 22051, 94982, 85833, 83690, 34602]"
115394,"[6634, 41829, 31247, 43643, 58365, 57686, 107120, 74740, 81442, 91514]"
115395,"[57208, 59279, 91675, 57891, 106087, 100062, 96590, 104983, 28324, 36371]"
115396,"[8657, 35112, 49691, 75250, 54908, 23464, 105245, 58902, 62058, 67590]"
115397,"[50172, 41937, 84399, 88487, 96256, 13608, 44437, 91710, 104920, 35613]"
115398,"[86603, 19682, 104699, 41735, 15745, 5463, 69587, 32614, 30988, 69732]"
115399,"[100135, 55647, 104596, 56985, 21098, 26786, 109423, 9942, 100622, 102954]"
115400,"[27889, 85815, 71923, 42610, 72368, 31091, 90576, 8066, 46585, 6928]"
115401,"[64680, 87121, 12284, 80712, 69646, 14856, 31391, 109629, 98649, 94851]"
115402,"[8304, 95407, 21997, 36284, 10318, 1292, 69033, 3547, 83561, 14218]"
115403,"[78065, 35937, 70972, 56044, 77060, 67977, 66426, 103514, 68585, 93447]"
115404,"[94288, 6200, 18072, 104806, 107127, 88968, 91425, 33646, 42162, 62490]"
115405,"[62801, 87984, 68037, 31028, 86762, 1390, 99716, 5931, 29503, 61240]"
115406,"[68262, 64925, 72156, 89329, 36450, 30967, 77822, 5002, 24871, 100968]"
115407,"[67800, 89047, 106291, 841, 10520, 33712, 24689, 11596, 53595, 100699]"
115408,"[73207, 40281, 54028, 31740, 37081, 73422, 39872, 45445, 68609, 1899]"
115409,"[54031, 105683, 10533, 82235, 55130, 1237, 30428, 39270, 47980, 90846]"
115410,"[75851, 96287, 47855, 103303, 105198, 96638, 35474, 54170, 103153, 40662]"
115411,"[87743, 47522, 83729, 5286, 15902, 75520, 79698, 105095, 29909, 33613]"
115412,"[109756, 107367, 47022, 65243, 14504, 89728, 2600, 96670, 42765, 101192]"
115413,"[36921, 92620, 78046, 107574, 46502, 17850, 33006, 82977, 17536, 29201]"
115414,"[86729, 57603, 60333, 33664, 66367, 56254, 92634, 23552, 55820, 5468]"
115415,"[46318, 24397, 38126, 65393, 46466, 76000, 97287, 59487, 69211, 11397]"
115416,"[82148, 37629, 42916, 19781, 87295, 9997, 96107, 32588, 84732, 4502]"
115417,"[76533, 6324, 20489, 33575, 16564, 88786, 106322, 90654, 37946, 68011]"
115418,"[107706, 72702, 94606, 62030, 87527, 93548, 94685, 102125, 107729, 13113]"
115419,"[40419, 24772, 6717, 88774, 70180, 34933, 59778, 76298, 103029, 5540]"
115420,"[52068, 23709, 69164, 32901, 45204, 6297, 22516, 28160, 57692, 54048]"
115421,"[7147, 29036, 9803, 741, 36294, 108943, 14352, 67085, 108810, 58671]"
115422,"[84679, 77186, 109317, 42561, 69163, 1112, 69252, 85222, 38448, 104936]"
115423,"[83859, 43785, 39185, 75943, 49641, 43838, 29940, 109192, 102985, 86744]"
115424,"[32942, 77447, 83450, 27899, 99551, 26162, 41732, 108191, 90346, 47635]"
115425,"[74644, 11426, 88754, 96656, 2586, 5756, 98265, 60517, 95017, 40958]"
115426,"[105815, 6007, 92153, 36249, 75333, 55041, 67443, 39940, 27045, 74556]"
115427,"[73963, 22922, 9419, 20913, 67318, 103902, 38570, 17158, 20468, 11278]"
115428,"[107932, 54968, 1964, 107439, 30900, 93547, 60194, 55314, 21458, 56770]"
115429,"[98904, 94015, 73577, 50377, 73517, 43878, 28173, 56489, 70843, 57007]"
115430,"[57772, 27218, 94438, 74981, 50836, 85685, 87289, 59352, 13020, 31141]"
115431,"[108580, 68505, 5099, 108070, 9987, 62769, 14756, 19320, 21474, 19816]"
115432,"[67609, 55392, 29051, 78491, 57902, 37868, 71395, 2530, 64595, 34785]"
115433,"[91759, 55843, 52163, 792, 42923, 63039, 59506, 35309, 66015, 52805]"
115434,"[75438, 78138, 36976, 38799, 4365, 42561, 5214, 26875, 14137, 13147]"
115435,"[12753, 43114, 57726, 42000, 29129, 60538, 6695, 93630, 88077, 6597]"
115436,"[77119, 2238, 84875, 8622, 52371, 22436, 97874, 8684, 2855, 53074]"
115437,"[20552, 86782, 3417, 101831, 98920, 104414, 77938, 54398, 34819, 56574]"
115438,"[14933, 4017, 56522, 109684, 22218, 28664, 64644, 105745, 38514, 12143]"
115439,"[68062, 42747, 19875, 11010, 34534, 99817, 17899, 83338, 71487, 29451]"
115440,"[101313, 25415, 26062, 18907, 102067, 99885, 27266, 105984, 64456, 17371]"
115441,"[3148, 75126, 68325, 18451, 38192, 59930, 84826, 96997, 49210, 40813]"
115442,"[26160, 2037, 32851, 89543, 33744, 78073, 29392, 74144, 53090, 105292]"
115443,"[27047, 34239, 16263, 37025, 30757, 44228, 49741, 65719, 68452, 21611]"
115444,"[10799, 1717, 75561, 15385, 60534, 9071, 43941, 106626, 100887, 97785]"
115445,"[101948, 56140, 24085, 97877, 65252, 71169, 108504, 10911, 6348, 73689]"
115446,"[104047, 103622, 108214, 19805, 58486, 91116, 16092, 63803, 84271, 37297]"
115447,"[2281, 72536, 5159, 81605, 101246, 87138, 32176, 2457, 10220, 80390]"
115448,"[81431, 101412, 63982, 51447, 90399, 61756, 2381, 54204, 15179, 83137]"
115449,"[83957, 48669, 34226, 96647, 87574, 48291, 77276, 21834, 19384, 76694]"
115450,"[108975, 29237, 89982, 61787, 103493, 84573, 76041, 61279, 31897, 13569]"
115451,"[39329, 94993, 76270, 26786, 62708, 64575, 84243, 65845, 24571, 32401]"
115452,"[58159, 68614, 63461, 49416, 34064, 59834, 62251, 35909, 95790, 85352]"
115453,"[21460, 74049, 98255, 22634, 34677, 16936, 71690, 99712, 3533, 101457]"
115454,"[104134, 61497, 59017, 83976, 23601, 1824, 38397, 39965, 34687, 7758]"
115455,"[99717, 17319, 65002, 29731, 19803, 48850, 20415, 33209, 101833, 37807]"
115456,"[2360, 49929, 43282, 108741, 9479, 36912, 85381, 4730, 94547, 39049]"
115457,"[358, 37284, 96134, 83852, 80930, 24075, 32949, 34998, 42066, 97957]"
115458,"[91852, 79124, 7256, 36152, 65851, 98883, 53178, 65441, 97374, 24682]"
115459,"[40343, 80514, 86422, 16024, 107556, 72784, 73430, 34876, 103956, 53351]"
115460,"[67947, 30092, 97628, 102184, 96488, 29524, 46178, 22362, 30567, 68811]"
115461,"[71533, 31970, 23372, 85222, 38448, 96943, 22213, 44555, 89355, 81778]"
115462,"[30026, 83878, 19347, 36549, 52262, 45535, 44153, 52213, 19203, 67348]"
115463,"[106296, 9771, 39018, 21938, 63276, 67135, 52408, 35506, 7302, 60414]"
115464,"[64174, 109221, 69781, 41758, 55142, 4702, 18814, 52560, 109101, 95977]"
115465,"[83992, 24983, 86529, 49797, 878, 24585, 45858, 17913, 82130, 18908]"
115466,"[85606, 57003, 44167, 35564, 75525, 51659, 103489, 60376, 72107, 53759]"
115467,"[48176, 98190, 43805, 38044, 91453, 54728, 55612, 43975, 7478, 95860]"
115468,"[65904, 95003, 26929, 65650, 35059, 38630, 60905, 49957, 85525, 7177]"
115469,"[67783, 7019, 17416, 103292, 14884, 40430, 51513, 74594, 11372, 81529]"
115470,"[6943, 7699, 77525, 38542, 37511, 60787, 38820, 90705, 94254, 66680]"
115471,"[49493, 5098, 87633, 22821, 44678, 75926, 36413, 88391, 96974, 12054]"
115472,"[64375, 52923, 76262, 50951, 105685, 15714, 93131, 19042, 31284, 13420]"
115473,"[95606, 105191, 3956, 26092, 49111, 53587, 28748, 72860, 77685, 11146]"
115474,"[73541, 59708, 2580, 19170, 61469, 58162, 66684, 62436, 18908, 83992]"
115475,"[79509, 97004, 101543, 81373, 10100, 33768, 26705, 9154, 77687, 99481]"
115476,"[58272, 37810, 58943, 96447, 54599, 34290, 57859, 63917, 73045, 102971]"
115477,"[40193, 9542, 3191, 38617, 41075, 5030, 75004, 22193, 29876, 24676]"
115478,"[30015, 69679, 15749, 88408, 20188, 45259, 78307, 2905, 79667, 10836]"
115479,"[74213, 73749, 95834, 27583, 65912, 22365, 6056, 50364, 25251, 64154]"
115480,"[10360, 64278, 65375, 54386, 65212, 49068, 49026, 62713, 12481, 93046]"
115481,"[66268, 40057, 74578, 46382, 60994, 34034, 97401, 25193, 90887, 1581]"
115482,"[31359, 10203, 59337, 74930, 95233, 90250, 61534, 15606, 58263, 36073]"
115483,"[71652, 96691, 80469, 97712, 88446, 7912, 35789, 23470, 90657, 86362]"
115484,"[8813, 82036, 55919, 87531, 21432, 97946, 53745, 61485, 34696, 62079]"
115485,"[13079, 33606, 37321, 51651, 86960, 109100, 43070, 54869, 80467, 47854]"
115486,"[48387, 28553, 50964, 6441, 14968, 32554, 59657, 64239, 77753, 43292]"
115487,"[62488, 51205, 13362, 5150, 104339, 101171, 103247, 99277, 66267, 31144]"
115488,"[50610, 87100, 93216, 646, 37963, 10125, 58255, 81390, 71305, 7585]"
115489,"[9655, 10464, 104303, 63595, 16276, 59995, 66181, 33638, 85786, 23536]"
115490,"[61507, 49798, 59683, 90646, 106258, 79015, 62211, 6448, 62907, 94766]"
115491,"[98290, 16613, 22627, 198, 15982, 475, 24463, 94853, 74490, 98334]"
115492,"[95635, 14033, 65716, 9069, 36656, 73872, 70494, 107162, 47487, 89074]"
115493,"[98210, 45210, 29523, 75913, 29369, 65595, 105969, 47984, 84834, 12920]"
115494,"[62, 751, 92316, 107205, 70764, 60563, 88373, 38488, 23807, 75770]"
115495,"[43119, 69587, 91265, 108510, 103405, 59957, 48017, 30191, 79277, 76687]"
115496,"[28738, 12567, 28026, 15261, 12800, 6678, 36814, 2990, 78958, 107586]"
115497,"[59303, 80540, 15820, 65763, 59546, 15940, 3045, 90129, 13110, 89598]"
115498,"[34330, 35807, 77074, 80154, 21743, 21457, 47923, 13185, 15052, 69773]"
115499,"[54731, 66094, 62197, 109142, 105023, 70495, 57171, 37165, 99429, 27564]"
115500,"[108483, 55936, 71266, 46154, 65682, 65764, 46889, 78441, 59432, 38583]"
115501,"[39016, 90823, 21424, 443, 52954, 65733, 44139, 39472, 92700, 93009]"
115502,"[78054, 104884, 106184, 6260, 105674, 94471, 28855, 82870, 107403, 83722]"
115503,"[71035, 23714, 44366, 29277, 105, 79361, 11637, 65757, 5625, 108455]"
115504,"[12770, 6905, 70866, 23649, 47487, 3192, 54086, 95083, 6468, 68727]"
115505,"[43102, 73100, 48394, 9864, 77389, 14350, 102507, 84671, 11264, 53517]"
115506,"[40870, 7083, 107125, 100011, 74565, 24944, 72639, 36851, 25494, 87674]"
115507,"[44616, 86659, 58934, 50908, 9492, 838, 109685, 55623, 98047, 83879]"
115508,"[63005, 53884, 85227, 53822, 32573, 2942, 48912, 17325, 98211, 1823]"
115509,"[41448, 108377, 45895, 72967, 40726, 62956, 64562, 27833, 26533, 3868]"
115510,"[96710, 59786, 88891, 100066, 18904, 98244, 35458, 43877, 15181, 20091]"
115511,"[71506, 100450, 90208, 59304, 109753, 29947, 843, 108882, 38804, 19417]"
115512,"[71929, 80604, 106306, 99431, 77850, 90640, 5034, 5277, 65236, 48064]"
115513,"[18859, 70478, 8622, 21670, 47721, 101222, 84875, 88863, 22436, 2238]"
115514,"[81110, 36336, 56471, 71478, 55194, 16498, 37786, 55603, 21052, 87900]"
115515,"[7493, 86881, 45981, 21571, 89392, 6302, 26294, 63429, 81574, 78930]"
115516,"[103517, 69841, 68947, 101578, 40751, 100278, 34753, 96155, 32007, 45364]"
115517,"[108371, 103600, 16589, 83866, 54976, 30303, 51044, 46951, 27604, 8430]"
115518,"[26450, 17064, 88397, 39435, 53124, 107264, 92559, 86086, 44686, 93393]"
115519,"[102323, 17580, 97886, 38047, 29726, 11738, 79153, 11482, 47607, 35312]"
115520,"[62016, 27837, 108942, 80609, 10111, 38708, 46728, 64686, 34406, 16257]"
115521,"[18327, 52792, 44498, 35469, 52675, 39369, 9425, 96092, 8857, 41476]"
115522,"[49891, 41130, 38105, 798, 20362, 33075, 63673, 49379, 24169, 22105]"
115523,"[37947, 28025, 22230, 86753, 33761, 23492, 93749, 27731, 13905, 48649]"
115524,"[76945, 67225, 62484, 53619, 10592, 54401, 91834, 13702, 2650, 108488]"
115525,"[28759, 69822, 39566, 82119, 66833, 46658, 29782, 100439, 44535, 47851]"
115526,"[34352, 45108, 6499, 36073, 97007, 51332, 84105, 39097, 109000, 109675]"
115527,"[91012, 90757, 64917, 98048, 34854, 49188, 39461, 67651, 51896, 34092]"
115528,"[20820, 26860, 86077, 109274, 77529, 38285, 17270, 65499, 20867, 103813]"
115529,"[5159, 18093, 54109, 48906, 8096, 88260, 2281, 56515, 30974, 10720]"
115530,"[56373, 79128, 81285, 46895, 96645, 53873, 44195, 93189, 37713, 1996]"
115531,"[13708, 64493, 58962, 15019, 7850, 75134, 107773, 31173, 19942, 41512]"
115532,"[92882, 3138, 19610, 28061, 87105, 35382, 65712, 4361, 46747, 29511]"
115533,"[24165, 1951, 45238, 72077, 30853, 95500, 1457, 91319, 86610, 63549]"
115534,"[107356, 27824, 108687, 1108, 41934, 96281, 36762, 73232, 54643, 6036]"
115535,"[44093, 93379, 52307, 22224, 73483, 58679, 62500, 90378, 89637, 56655]"
115536,"[93775, 103537, 9123, 84848, 31974, 76327, 69570, 48275, 79989, 69820]"
115537,"[647, 44757, 58854, 73609, 25390, 82183, 79818, 92589, 9376, 69875]"
115538,"[83363, 30420, 92140, 27986, 87179, 69050, 28424, 54726, 80089, 13585]"
115539,"[105606, 18558, 108189, 83468, 87035, 17609, 102477, 85564, 97085, 36160]"
115540,"[51062, 101093, 105955, 50916, 38270, 64415, 11099, 46661, 72872, 39692]"
115541,"[13258, 38525, 39635, 13693, 3605, 28039, 94396, 89859, 35648, 70070]"
115542,"[88193, 24282, 57327, 96550, 62608, 107568, 13942, 61770, 97341, 5146]"
115543,"[15843, 72261, 90861, 88067, 46372, 98154, 1330, 37326, 101054, 92003]"
115544,"[19463, 90590, 86094, 52975, 37247, 85414, 98397, 100524, 109523, 50171]"
115545,"[578, 43793, 64514, 55920, 40991, 86779, 58247, 50646, 26649, 48917]"
115546,"[4395, 4223, 55884, 57395, 18102, 44849, 22164, 4165, 51070, 90408]"
115547,"[85124, 20263, 81119, 16365, 58960, 102498, 99427, 106278, 82670, 97976]"
115548,"[13371, 2962, 76271, 3236, 21808, 86680, 67434, 89181, 72896, 49439]"
115549,"[20306, 3622, 17542, 109469, 78479, 19249, 101074, 69670, 60195, 57408]"
115550,"[10229, 96094, 57279, 738, 18525, 62819, 52, 92640, 99528, 73221]"
115551,"[77928, 22294, 82496, 6567, 19941, 88353, 45081, 80808, 60091, 98882]"
115552,"[45067, 53091, 72536, 45052, 82882, 60228, 30172, 36207, 48768, 68002]"
115553,"[57158, 86347, 69596, 62645, 64915, 32181, 94004, 59910, 97745, 87316]"
115554,"[22190, 60652, 21405, 3844, 30490, 78458, 11250, 84904, 55175, 17904]"
115555,"[35637, 76826, 106684, 25166, 88142, 91587, 7516, 86609, 100186, 73585]"
115556,"[3838, 63677, 25581, 91485, 40124, 66676, 8174, 30665, 74704, 61376]"
115557,"[10015, 40189, 96765, 8102, 5362, 87601, 7772, 40980, 65640, 32216]"
115558,"[43494, 5538, 49915, 69030, 3561, 21133, 100937, 101286, 29253, 47944]"
115559,"[29289, 104868, 47498, 35190, 5170, 58670, 46947, 4327, 37767, 105170]"
115560,"[103117, 17221, 47464, 103868, 93864, 25527, 67037, 54858, 96625, 34041]"
115561,"[89737, 79381, 11362, 91707, 21557, 86768, 5467, 107331, 66993, 107185]"
115562,"[12371, 67223, 65173, 56302, 84058, 97677, 70778, 102388, 22794, 100799]"
115563,"[90761, 54130, 33214, 24835, 11121, 52863, 33597, 64789, 85713, 20080]"
115564,"[93470, 60818, 83605, 106611, 65257, 6491, 60629, 41778, 33590, 46850]"
115565,"[3602, 67268, 93835, 10856, 36226, 60681, 38919, 89618, 62264, 102927]"
115566,"[77967, 104439, 48977, 61768, 83639, 64391, 81140, 83253, 82488, 63127]"
115567,"[67986, 87285, 98016, 87002, 51366, 12739, 9351, 108598, 1926, 98423]"
115568,"[105931, 97527, 63112, 46373, 60497, 27936, 53695, 97836, 6313, 104808]"
115569,"[40985, 3615, 65106, 20974, 6876, 43053, 71310, 109249, 22738, 96284]"
115570,"[1718, 107540, 39124, 94597, 24875, 103825, 43609, 30125, 33117, 61886]"
115571,"[47093, 35912, 97518, 52444, 35960, 51266, 103169, 86736, 50038, 67001]"
115572,"[104377, 51571, 67620, 4324, 26163, 44432, 5215, 6510, 6051, 5880]"
115573,"[1297, 46376, 18247, 11174, 96618, 22848, 31423, 80120, 105918, 49725]"
115574,"[10512, 29602, 28492, 78247, 38577, 86998, 36605, 99149, 87507, 48904]"
115575,"[92889, 86783, 81107, 3237, 23737, 27041, 84326, 32190, 3734, 76396]"
115576,"[4315, 56150, 23130, 39000, 61536, 81746, 51332, 24049, 28155, 102671]"
115577,"[5765, 20711, 58685, 85831, 27062, 11820, 106568, 47957, 79204, 57800]"
115578,"[64784, 99922, 94967, 77694, 30653, 78791, 98857, 35640, 70374, 40683]"
115579,"[81526, 50188, 101792, 94248, 90227, 9195, 23585, 8574, 65571, 49021]"
115580,"[29961, 6959, 102070, 83058, 17564, 29491, 55898, 88468, 13833, 11860]"
115581,"[92443, 101085, 60823, 71560, 29418, 28881, 81287, 71686, 94046, 44620]"
115582,"[65663, 73307, 22525, 73843, 29493, 55043, 101303, 107780, 47960, 65846]"
115583,"[52556, 51413, 66806, 52456, 2713, 12751, 44511, 102081, 11792, 14381]"
115584,"[94467, 58985, 78649, 3449, 66839, 30431, 2475, 55573, 46902, 86834]"
115585,"[24560, 68813, 6743, 25157, 3616, 70338, 49774, 108363, 80029, 21181]"
115586,"[107217, 54347, 75961, 107167, 80589, 91676, 16348, 14575, 51885, 54615]"
115587,"[54532, 105855, 41662, 108127, 105302, 94322, 49604, 36971, 7412, 32325]"
115588,"[21257, 37920, 5017, 67773, 99021, 78304, 81979, 19942, 17128, 20140]"
115589,"[31528, 108683, 31340, 2674, 90023, 95665, 38998, 94761, 97549, 75300]"
115590,"[47294, 39537, 61857, 22163, 77799, 100459, 102976, 108530, 74939, 51883]"
115591,"[85757, 37320, 6537, 54146, 22004, 16810, 56672, 10703, 10277, 104805]"
115592,"[71477, 23078, 108080, 65664, 65735, 24903, 34166, 59804, 10025, 102093]"
115593,"[86771, 61014, 94944, 101552, 87227, 7980, 44621, 38091, 90478, 69826]"
115594,"[106971, 39657, 18138, 19795, 63710, 45166, 24590, 82597, 25078, 66376]"
115595,"[48605, 42889, 29867, 29368, 100072, 73729, 73959, 72840, 29310, 35142]"
115596,"[98675, 28559, 90500, 20507, 103546, 47201, 54748, 25427, 88700, 79090]"
115597,"[90197, 88502, 57882, 81982, 38338, 82885, 59486, 15029, 79242, 102424]"
115598,"[11974, 44353, 45106, 15783, 29897, 93732, 83753, 39507, 22495, 109543]"
115599,"[56353, 66377, 80276, 47220, 9985, 89790, 19831, 62748, 49385, 60679]"
115600,"[54381, 66424, 27044, 20080, 33597, 25265, 55225, 79206, 101754, 80714]"
115601,"[46302, 11317, 49043, 72969, 62445, 43854, 80177, 57176, 4852, 92449]"
115602,"[40833, 22861, 58703, 45197, 82321, 23747, 12672, 93751, 35071, 22553]"
115603,"[100810, 30803, 58607, 49284, 76361, 35170, 20574, 84349, 29540, 24799]"
115604,"[23291, 51410, 13296, 72962, 31452, 50607, 21518, 93830, 3497, 70052]"
115605,"[22201, 108850, 48991, 45517, 28024, 41179, 15661, 61366, 70138, 108662]"
115606,"[108497, 93762, 38970, 107949, 77894, 62028, 56012, 61790, 63520, 25705]"
115607,"[29140, 76037, 96443, 7127, 68308, 49958, 67476, 107131, 23127, 50318]"
115608,"[13471, 41506, 97976, 58960, 979, 60010, 61164, 20263, 55226, 85124]"
115609,"[45280, 3676, 13592, 28784, 56409, 88349, 23320, 53914, 104584, 15545]"
115610,"[10292, 51529, 93462, 70211, 66587, 36640, 22030, 107837, 5961, 31755]"
115611,"[31634, 44676, 97581, 20094, 89861, 74495, 60080, 83232, 68121, 7253]"
115612,"[81009, 104198, 57898, 60908, 59511, 108674, 57069, 74620, 69947, 74583]"
115613,"[44293, 59287, 95278, 109432, 14823, 34723, 18237, 5243, 3562, 90571]"
115614,"[75596, 31262, 97950, 97891, 79778, 35751, 82717, 43391, 202, 12243]"
115615,"[87235, 19193, 33634, 68033, 73189, 44605, 80942, 102256, 91015, 89135]"
115616,"[63271, 34470, 99869, 68635, 9798, 11128, 59133, 34739, 28017, 37825]"
115617,"[31535, 20218, 63750, 24790, 64838, 82311, 80506, 93202, 66600, 20051]"
115618,"[68435, 68023, 8406, 47592, 67861, 40699, 31589, 31924, 97162, 13114]"
115619,"[27530, 47777, 91511, 6768, 99400, 81282, 84432, 25011, 83703, 62156]"
115620,"[3240, 38045, 108247, 45876, 7731, 61497, 80061, 55765, 88480, 53925]"
115621,"[40324, 85789, 72944, 61837, 96272, 31198, 103828, 88170, 24117, 106207]"
115622,"[880, 69389, 33899, 28298, 26553, 81905, 91392, 59109, 23523, 22549]"
115623,"[88818, 11813, 17412, 24615, 14363, 79868, 51334, 71785, 82703, 65161]"
115624,"[102946, 46161, 100037, 47528, 22855, 64635, 29913, 108842, 93501, 67179]"
115625,"[45720, 56470, 59818, 75721, 68900, 13516, 70069, 10377, 68638, 668]"
115626,"[54123, 65729, 37104, 38208, 88001, 29407, 30317, 62329, 2162, 92197]"
115627,"[82491, 28423, 34542, 104231, 74696, 33247, 29778, 49550, 54972, 81111]"
115628,"[46335, 59321, 72326, 55740, 10383, 70574, 5608, 58173, 56674, 62468]"
115629,"[47900, 48762, 47954, 107374, 6670, 49601, 14242, 7473, 46987, 99497]"
115630,"[37803, 38986, 697, 17324, 38053, 29108, 60827, 1806, 5560, 17295]"
115631,"[24091, 72379, 532, 47096, 80607, 87765, 37698, 77793, 31064, 6505]"
115632,"[1265, 46141, 90829, 40143, 13197, 23270, 83938, 4074, 48677, 82072]"
115633,"[14041, 263, 44211, 91766, 32615, 108718, 56073, 53475, 24836, 56311]"
115634,"[428, 31664, 13290, 26541, 50211, 4718, 81935, 51099, 12285, 85905]"
115635,"[60454, 65011, 107110, 70373, 9558, 40093, 64875, 25922, 16174, 23489]"
115636,"[62172, 47421, 85694, 75711, 97734, 67605, 69653, 58587, 85990, 81940]"
115637,"[37089, 7052, 89415, 98041, 60868, 60390, 55924, 84706, 93459, 81857]"
115638,"[95901, 75544, 59412, 10687, 69529, 13384, 95819, 49503, 26842, 107324]"
115639,"[57012, 82510, 99122, 39183, 66502, 28390, 58984, 43918, 56768, 4234]"
115640,"[37139, 109266, 101052, 49050, 3077, 28917, 51825, 78330, 87757, 75707]"
115641,"[1105, 24806, 23660, 73001, 93422, 109209, 20999, 54988, 73466, 65384]"
115642,"[68308, 24584, 12310, 107235, 50318, 49958, 7380, 50319, 12848, 40745]"
115643,"[23981, 21058, 54316, 109473, 90567, 54264, 75634, 38819, 31763, 55630]"
115644,"[69644, 9193, 60882, 101961, 14349, 73523, 2900, 63596, 2593, 107595]"
115645,"[81321, 99362, 74291, 3045, 9044, 1976, 22385, 9037, 66681, 36755]"
115646,"[77938, 54398, 27249, 101831, 20552, 10709, 64242, 38335, 108942, 80609]"
115647,"[71040, 85799, 311, 38707, 1688, 96959, 29869, 10618, 58456, 46709]"
115648,"[58396, 75259, 1919, 67793, 44456, 7039, 34354, 69844, 3239, 62718]"
115649,"[89173, 26746, 95880, 45693, 72315, 12599, 19381, 50797, 101845, 99498]"
115650,"[99750, 80311, 17641, 45761, 86238, 33420, 37731, 71508, 88804, 73794]"
115651,"[46305, 83090, 18651, 19017, 84885, 45481, 43146, 23037, 43388, 59891]"
115652,"[15912, 25169, 31501, 56052, 103345, 24012, 10722, 93924, 104461, 53551]"
115653,"[39779, 16372, 102224, 10141, 17425, 109355, 93071, 5621, 67100, 28595]"
115654,"[32263, 93148, 31072, 80270, 71920, 88674, 31710, 89926, 20954, 91855]"
115655,"[79263, 68148, 105119, 72488, 94985, 65508, 25392, 83304, 8928, 15257]"
115656,"[86976, 53, 99703, 11601, 49749, 76162, 18035, 76552, 83715, 93738]"
115657,"[101974, 98172, 69223, 85045, 77935, 23355, 9738, 46554, 100164, 68421]"
115658,"[85045, 98261, 5100, 54477, 25, 1817, 6151, 80659, 69223, 94647]"
115659,"[99281, 87950, 98632, 51733, 23174, 68788, 52424, 81441, 69656, 66608]"
115660,"[91468, 80682, 86697, 70119, 101708, 5887, 108749, 14441, 45995, 88384]"
115661,"[109550, 44889, 33309, 97540, 79664, 41676, 68559, 100452, 4091, 22993]"
115662,"[13273, 27206, 96749, 109724, 15786, 102741, 12900, 98771, 87564, 14684]"
115663,"[68031, 3429, 49925, 102836, 86694, 87679, 53372, 6422, 12951, 68414]"
115664,"[13978, 100039, 35087, 13329, 29965, 23115, 80394, 78312, 33083, 413]"
115665,"[52328, 47817, 26485, 69295, 13459, 86808, 34716, 32925, 101490, 53831]"
115666,"[107206, 108707, 95533, 61656, 105654, 12378, 82944, 66050, 86964, 68096]"
115667,"[49155, 26099, 71743, 43161, 90914, 42979, 2835, 81535, 7625, 30855]"
115668,"[30183, 19307, 68408, 73325, 92618, 46483, 24120, 61669, 61309, 53487]"
115669,"[68758, 39867, 27903, 26000, 13205, 63043, 96371, 27058, 67094, 62917]"
115670,"[99737, 74473, 25263, 81630, 78442, 1593, 76414, 30686, 41631, 67144]"
115671,"[3691, 64936, 69508, 11991, 109377, 6114, 84205, 57531, 58527, 28056]"
115672,"[1725, 25738, 50992, 23588, 56122, 85160, 38838, 44493, 44349, 39302]"
115673,"[64541, 56830, 4949, 95194, 16061, 37979, 43381, 21692, 104752, 20950]"
115674,"[38496, 4168, 7809, 63790, 64441, 19844, 56680, 50771, 63555, 106704]"
115675,"[91451, 38399, 61096, 680, 920, 3499, 20158, 52288, 27964, 106116]"
115676,"[86772, 106698, 82515, 61718, 57470, 74273, 88083, 50653, 34922, 59044]"
115677,"[47983, 56880, 101864, 45962, 26841, 34307, 56472, 41528, 81451, 109450]"
115678,"[94255, 14070, 77518, 99683, 103954, 21122, 2880, 56813, 9960, 36370]"
115679,"[80986, 24709, 17094, 79611, 51907, 61480, 14144, 2501, 76627, 79542]"
115680,"[34897, 4993, 40608, 37150, 24681, 88376, 71464, 28006, 7141, 51902]"
115681,"[15132, 95747, 62806, 92825, 63791, 25503, 20816, 26646, 4896, 52737]"
115682,"[109444, 55702, 3193, 92842, 15379, 86309, 268, 102750, 28771, 69974]"
115683,"[99995, 54711, 78659, 36922, 67425, 7020, 88388, 38712, 108589, 103314]"
115684,"[19118, 50297, 80978, 71050, 83576, 7344, 15164, 38468, 81349, 70635]"
115685,"[35920, 66318, 106820, 102291, 54649, 69628, 13305, 61157, 47588, 107889]"
115686,"[10016, 94048, 48530, 71199, 28044, 14559, 15238, 31255, 10340, 106061]"
115687,"[101789, 64478, 90703, 68719, 28681, 70619, 87397, 17937, 16272, 101546]"
115688,"[67235, 46042, 70522, 78715, 1587, 59581, 62298, 45434, 6883, 91646]"
115689,"[40936, 48809, 107828, 96042, 26768, 6254, 9687, 66001, 99408, 42932]"
115690,"[60544, 81620, 79226, 85889, 99355, 68921, 5490, 4377, 15095, 20140]"
115691,"[12206, 109235, 45219, 61559, 42018, 47250, 49028, 100632, 32967, 16194]"
115692,"[76012, 63025, 19369, 23956, 89110, 43059, 56439, 31361, 23240, 32308]"
115693,"[45083, 55910, 68524, 520, 89009, 79787, 34388, 3455, 80175, 39232]"
115694,"[70399, 17010, 80884, 70642, 74370, 91930, 46755, 12586, 5125, 95695]"
115695,"[69882, 92865, 100420, 5328, 105372, 107586, 15261, 12800, 18574, 4998]"
115696,"[84125, 43803, 96248, 95201, 79656, 11540, 55246, 27137, 68328, 87350]"
115697,"[19444, 43884, 53964, 56469, 69776, 52541, 80559, 20086, 99178, 57309]"
115698,"[32632, 30982, 56913, 70807, 97032, 19622, 81700, 107614, 78890, 90756]"
115699,"[30055, 75278, 17438, 94306, 63997, 80234, 87834, 13243, 40489, 24563]"
115700,"[44806, 13456, 65874, 94189, 12135, 96183, 4823, 58397, 4424, 89820]"
115701,"[54662, 8099, 8218, 51229, 46764, 17734, 102622, 4986, 66784, 101448]"
115702,"[89384, 37585, 17264, 9070, 17842, 53583, 9662, 44659, 19218, 66918]"
115703,"[39250, 66622, 67216, 59724, 15537, 13929, 80196, 103572, 106800, 55972]"
115704,"[53330, 79719, 12457, 99526, 89184, 48577, 26240, 46418, 59094, 5252]"
115705,"[45063, 33072, 73663, 8682, 46514, 96803, 103072, 21988, 92428, 16904]"
115706,"[103397, 4078, 70173, 40038, 54637, 62589, 41984, 67708, 40188, 96564]"
115707,"[48183, 62028, 56012, 108497, 54853, 51067, 28932, 36754, 58700, 17565]"
115708,"[15030, 102728, 4122, 30282, 89209, 92375, 52442, 19433, 79598, 6312]"
115709,"[78285, 103583, 24858, 34106, 92457, 77853, 93734, 45300, 313, 78723]"
115710,"[3310, 22795, 42945, 83339, 38056, 19239, 32001, 71911, 2292, 17117]"
115711,"[65941, 95399, 56769, 42920, 105599, 4001, 29641, 63448, 40006, 37874]"
115712,"[52490, 20234, 107974, 46438, 15338, 27334, 58847, 108274, 94057, 22422]"
115713,"[13787, 98653, 5857, 91872, 10615, 228, 70527, 64668, 97487, 33493]"
115714,"[18201, 102724, 89255, 8068, 39958, 92068, 33104, 3251, 32447, 87011]"
115715,"[83807, 66448, 96306, 94990, 108781, 100160, 71137, 67397, 80426, 1993]"
115716,"[106753, 49791, 66036, 39504, 108504, 14875, 1648, 34389, 6855, 101444]"
115717,"[91393, 23150, 53611, 31157, 64558, 18279, 106364, 28452, 44158, 2025]"
115718,"[71021, 100202, 99727, 16782, 89993, 35078, 86355, 44375, 105471, 96814]"
115719,"[6863, 43718, 12027, 46562, 6924, 38068, 28519, 18027, 100765, 92870]"
115720,"[31811, 55766, 31815, 93881, 51601, 103985, 47531, 5986, 20515, 96641]"
115721,"[17502, 84789, 92584, 27091, 66190, 93973, 37530, 53272, 92431, 19844]"
115722,"[13006, 24842, 2416, 39479, 94456, 53877, 36539, 104219, 72976, 42462]"
115723,"[79705, 11047, 23734, 18222, 48752, 28161, 94715, 77263, 86304, 77931]"
115724,"[16080, 49908, 88562, 41683, 59267, 87639, 21400, 102841, 63046, 19240]"
115725,"[17710, 36181, 43889, 100482, 101512, 74635, 85403, 26758, 104528, 35359]"
115726,"[26860, 20867, 103813, 20820, 104777, 48418, 11193, 77529, 33545, 86077]"
115727,"[41851, 2348, 31866, 4126, 48255, 73580, 68996, 67618, 102832, 95611]"
115728,"[25049, 71576, 31407, 102044, 104612, 71687, 40230, 79815, 85199, 65995]"
115729,"[57123, 37091, 13766, 11211, 63222, 14525, 38218, 82983, 84816, 12291]"
115730,"[10464, 104303, 63595, 16276, 85786, 9655, 23536, 83782, 27631, 38948]"
115731,"[56050, 109077, 7956, 99388, 76863, 59209, 96343, 75337, 86868, 102530]"
115732,"[55735, 51256, 79399, 103512, 71575, 92639, 21919, 87519, 22336, 23814]"
115733,"[29070, 61002, 45301, 70122, 23851, 42020, 45014, 46666, 80853, 40474]"
115734,"[40070, 73054, 16625, 108822, 65008, 22917, 9346, 52541, 106531, 57309]"
115735,"[86266, 46371, 38952, 35636, 34753, 96354, 38790, 40751, 39415, 48421]"
115736,"[53738, 44060, 16151, 102498, 76836, 42120, 24679, 66590, 61946, 9108]"
115737,"[79146, 41341, 36224, 107532, 77040, 82735, 98029, 84483, 56317, 65135]"
115738,"[53547, 1162, 78782, 80934, 51410, 13296, 44700, 79950, 42854, 42190]"
115739,"[52953, 63860, 3740, 14690, 24388, 45190, 100704, 12729, 15569, 17770]"
115740,"[87979, 30218, 25136, 61335, 99812, 87758, 107536, 83802, 3245, 97569]"
115741,"[54150, 105266, 89544, 52632, 37399, 22934, 59377, 51155, 73191, 100293]"
115742,"[73416, 55489, 12289, 24918, 64415, 91016, 33770, 3354, 97326, 43974]"
115743,"[72159, 13018, 12502, 98068, 61838, 20202, 12100, 24413, 55089, 72604]"
115744,"[8511, 74027, 30895, 95234, 71183, 50101, 12152, 75594, 6696, 48760]"
115745,"[37418, 70568, 96683, 81788, 76014, 71779, 30510, 9080, 23898, 37271]"
115746,"[77743, 91419, 90880, 25140, 5188, 107123, 56358, 62253, 45931, 78302]"
115747,"[95178, 54529, 98324, 106406, 43574, 74626, 31605, 49967, 56553, 42751]"
115748,"[3218, 75491, 64437, 72980, 22755, 102102, 96399, 63968, 53209, 87752]"
115749,"[50112, 41159, 67063, 68078, 20621, 81806, 63287, 1096, 55455, 29934]"
115750,"[46193, 7426, 39844, 18467, 1009, 19027, 83783, 32438, 75966, 70346]"
115751,"[57280, 21316, 98129, 105928, 71816, 52009, 5888, 106615, 41385, 26949]"
115752,"[79579, 69413, 692, 34182, 67324, 41862, 63502, 4090, 86101, 69887]"
115753,"[1068, 32167, 21945, 26372, 102120, 84056, 36264, 90516, 17113, 92325]"
115754,"[35887, 33827, 68665, 18839, 102021, 62819, 18525, 5305, 61930, 86621]"
115755,"[100754, 70768, 50784, 103282, 104419, 22255, 84957, 103359, 4491, 71655]"
115756,"[85600, 98110, 27127, 70195, 30315, 82973, 86944, 103944, 40939, 39494]"
115757,"[68632, 19197, 59938, 91896, 28067, 54708, 85602, 97882, 92624, 63947]"
115758,"[16194, 9442, 51133, 72274, 12206, 104327, 35965, 88510, 64009, 35222]"
115759,"[13169, 64549, 36116, 8244, 37806, 70236, 66164, 55924, 60285, 9496]"
115760,"[91189, 57156, 92913, 93828, 53150, 26818, 83603, 27672, 86994, 106244]"
115761,"[93279, 52469, 54174, 31457, 107428, 33142, 2079, 36740, 2263, 81123]"
115762,"[15453, 62092, 45877, 105529, 4258, 60786, 96745, 39026, 8398, 38511]"
115763,"[42492, 63874, 38264, 49650, 26031, 70645, 104263, 83708, 24256, 47769]"
115764,"[68432, 90383, 32464, 104928, 45251, 47262, 81420, 15050, 106817, 23006]"
115765,"[59664, 53957, 67900, 32914, 1414, 105917, 73462, 105112, 55742, 26027]"
115766,"[65199, 13983, 106446, 63927, 72153, 4584, 93806, 91686, 8445, 104759]"
115767,"[37191, 1828, 70928, 77801, 19486, 80162, 38799, 26875, 67088, 105223]"
115768,"[61572, 23876, 78684, 48816, 42050, 72263, 82106, 46866, 69150, 75636]"
115769,"[47225, 25662, 31416, 46414, 81466, 16391, 60412, 98829, 46253, 25807]"
115770,"[47735, 104649, 63321, 31561, 35213, 32935, 20759, 5647, 48266, 15112]"
115771,"[15743, 95066, 20520, 53625, 77129, 6813, 32343, 55356, 82865, 74881]"
115772,"[25990, 1770, 68224, 35251, 101930, 47344, 21296, 31714, 78429, 64844]"
115773,"[27834, 108544, 58260, 93897, 87704, 72471, 83096, 92012, 49848, 17164]"
115774,"[57008, 1394, 92586, 56508, 91769, 43803, 3611, 91659, 51706, 70374]"
115775,"[70546, 51700, 63301, 73413, 71554, 44831, 2523, 17168, 35676, 43531]"
115776,"[55202, 76181, 100686, 36181, 106175, 48911, 106705, 26693, 100482, 41737]"
115777,"[49974, 60309, 23999, 23123, 39385, 65205, 63890, 61332, 45819, 1509]"
115778,"[10613, 15657, 96798, 60577, 50954, 42084, 32129, 69204, 70792, 17613]"
115779,"[74988, 90791, 79693, 105690, 94459, 14436, 108117, 98701, 10237, 93469]"
115780,"[10706, 92054, 11634, 84450, 63375, 24512, 29674, 107612, 60639, 67413]"
115781,"[39650, 85563, 77881, 105167, 26972, 65950, 67797, 59758, 103063, 33202]"
115782,"[78453, 6904, 55913, 88264, 21985, 69234, 75872, 2729, 108217, 74843]"
115783,"[88983, 108310, 54228, 21732, 27829, 5644, 69524, 13756, 60569, 24386]"
115784,"[52642, 29589, 68616, 109416, 48450, 39235, 86083, 100912, 68574, 42428]"
115785,"[104302, 30734, 108037, 4259, 19141, 25435, 102690, 55558, 49376, 64770]"
115786,"[35614, 55280, 9564, 26286, 3367, 31405, 24596, 105407, 18729, 28156]"
115787,"[89468, 97767, 87299, 75894, 93710, 47162, 42966, 4012, 8160, 25739]"
115788,"[44016, 83923, 71211, 23362, 46296, 5413, 60596, 64526, 56621, 100336]"
115789,"[42121, 88803, 2566, 95416, 79324, 94526, 60042, 48964, 95850, 26136]"
115790,"[69340, 56979, 99480, 70772, 59247, 82440, 82345, 99716, 106026, 62747]"
115791,"[104694, 83043, 6755, 59083, 47175, 2603, 30280, 39019, 89250, 98009]"
115792,"[47466, 69049, 61062, 68677, 8638, 66539, 42436, 27133, 74550, 12211]"
115793,"[67836, 39108, 89869, 68064, 65408, 89319, 95536, 50166, 79082, 63512]"
115794,"[90696, 75346, 54221, 37001, 93778, 82654, 14145, 24831, 43559, 107966]"
115795,"[83875, 106227, 91253, 14310, 90222, 6338, 39904, 85656, 46490, 82994]"
115796,"[42940, 44170, 60074, 12189, 9642, 5487, 46866, 77858, 38943, 53166]"
115797,"[32249, 70066, 105725, 70312, 108469, 26919, 2032, 72726, 4043, 3160]"
115798,"[55991, 74219, 8872, 21352, 87160, 72818, 337, 11008, 53410, 33422]"
115799,"[84803, 85790, 94682, 47890, 42331, 104197, 90104, 98942, 46424, 47070]"
115800,"[82126, 26876, 52352, 5883, 86826, 90656, 14295, 8319, 50790, 91357]"
115801,"[58964, 74780, 108479, 71391, 97496, 74512, 91731, 68968, 97956, 57416]"
115802,"[47722, 24215, 108283, 39613, 64718, 61457, 98314, 5984, 60979, 40213]"
115803,"[8215, 40092, 2902, 69280, 3689, 14664, 44202, 44477, 83001, 84387]"
115804,"[88226, 1869, 72415, 46735, 50923, 58666, 103112, 93373, 61992, 71552]"
115805,"[74098, 70994, 70613, 57182, 95403, 78455, 90554, 38679, 47823, 2758]"
115806,"[20442, 60935, 45123, 14306, 90574, 20494, 107391, 16493, 3142, 94400]"
115807,"[3790, 79588, 69097, 105948, 78588, 1145, 29931, 9621, 25828, 73516]"
115808,"[78747, 7873, 11018, 10136, 81666, 84434, 76843, 6178, 84919, 28603]"
115809,"[81442, 18955, 58365, 43643, 35024, 74740, 29654, 43992, 35952, 4409]"
115810,"[2818, 23606, 38643, 102104, 79804, 47260, 17530, 63724, 57470, 27403]"
115811,"[54217, 28851, 42914, 103905, 84778, 17363, 69092, 17973, 70276, 60782]"
115812,"[28426, 11031, 29432, 80417, 85808, 90403, 25664, 39889, 50193, 75812]"
115813,"[60683, 5830, 30224, 78937, 75081, 58756, 96480, 44941, 3804, 53397]"
115814,"[73690, 13798, 99842, 93564, 64668, 87125, 57198, 27255, 65700, 10615]"
115815,"[96531, 78931, 94052, 98877, 104622, 106539, 11132, 50957, 101671, 84031]"
115816,"[53292, 42170, 87352, 47185, 47407, 53420, 69653, 58587, 42049, 28975]"
115817,"[69516, 2333, 89641, 105588, 98508, 15616, 108321, 105194, 97548, 82274]"
115818,"[49428, 39327, 28605, 69767, 93784, 105178, 31432, 65318, 52175, 37280]"
115819,"[45463, 43358, 95768, 37862, 66835, 74449, 101488, 100517, 87028, 47837]"
115820,"[95216, 80245, 51807, 70146, 51702, 53018, 19587, 58349, 106198, 81933]"
115821,"[10943, 101652, 89620, 44662, 59664, 75083, 92522, 5438, 65672, 42791]"
115822,"[83534, 10913, 59735, 75521, 98789, 61459, 64591, 13396, 24758, 1931]"
115823,"[37613, 70207, 39623, 87322, 22015, 108931, 49720, 60577, 55647, 64164]"
115824,"[82208, 58184, 77155, 102601, 69770, 105374, 35129, 70840, 67523, 11839]"
115825,"[73273, 12758, 90224, 32669, 7633, 3475, 8246, 5222, 52673, 99712]"
115826,"[28669, 34533, 5023, 27617, 105227, 100922, 54451, 10893, 9699, 84596]"
115827,"[74760, 1921, 6645, 103390, 71883, 73019, 92288, 93234, 78912, 86020]"
115828,"[98269, 83326, 108970, 91457, 94213, 7760, 26051, 77145, 38217, 12374]"
115829,"[91880, 94226, 75999, 70869, 75389, 16743, 104926, 11565, 84811, 58691]"
115830,"[34932, 78271, 90362, 44532, 11777, 80399, 88268, 18094, 82746, 69194]"
115831,"[43655, 93667, 54872, 24299, 20617, 88279, 91564, 96910, 37328, 10713]"
115832,"[105222, 86192, 80468, 106993, 93097, 22877, 9888, 42176, 103315, 36054]"
115833,"[79869, 44209, 10797, 51238, 55384, 13786, 92246, 76408, 76068, 75504]"
115834,"[27929, 4725, 102720, 92792, 95137, 102018, 84482, 64129, 103154, 93639]"
115835,"[27027, 19345, 92336, 30002, 17244, 108677, 55042, 82996, 98780, 98525]"
115836,"[39158, 93583, 53066, 10068, 2794, 74587, 74221, 26041, 39675, 109260]"
115837,"[95861, 74515, 98187, 38466, 32710, 19979, 25784, 103486, 42958, 55203]"
115838,"[62856, 11755, 82901, 85546, 63329, 80086, 43315, 26979, 2117, 17470]"
115839,"[6660, 36219, 3477, 9860, 73263, 95327, 3946, 28858, 78680, 61548]"
115840,"[2300, 23078, 99263, 1239, 34166, 24903, 75859, 71477, 52696, 91570]"
115841,"[70996, 3287, 45982, 63410, 70593, 24464, 42856, 94948, 108592, 1440]"
115842,"[65671, 72426, 84615, 9221, 79828, 54807, 95584, 24864, 100734, 81317]"
115843,"[42165, 65085, 8294, 32818, 767, 71366, 13864, 79003, 30535, 14200]"
115844,"[56106, 95940, 97682, 21948, 101050, 107602, 41581, 49043, 56871, 73490]"
115845,"[39099, 16343, 48533, 96216, 42582, 72630, 49226, 54208, 65343, 30324]"
115846,"[68969, 50505, 40609, 48209, 15793, 50909, 27067, 48738, 101185, 53911]"
115847,"[55378, 42205, 99606, 86963, 100193, 22248, 107940, 38661, 77454, 19979]"
115848,"[42224, 8109, 44154, 88124, 21376, 18389, 34778, 30447, 46965, 52496]"
115849,"[60888, 17532, 76837, 88315, 4579, 69278, 59041, 63735, 78792, 99965]"
115850,"[94392, 86270, 36558, 10264, 48595, 79672, 20028, 100651, 37945, 1375]"
115851,"[38875, 38349, 24443, 60766, 83440, 54604, 20953, 108855, 83880, 43444]"
115852,"[96039, 34009, 42191, 72761, 72292, 26270, 71096, 73923, 77819, 42475]"
115853,"[49120, 22838, 41575, 36922, 57217, 71227, 11248, 91100, 51610, 17992]"
115854,"[20638, 78481, 29114, 104713, 45671, 39453, 65419, 46983, 71776, 63556]"
115855,"[907, 36374, 5630, 102197, 86777, 72483, 87070, 89440, 69908, 58586]"
115856,"[51782, 84825, 85832, 58347, 101762, 18137, 30415, 27974, 57912, 14157]"
115857,"[64896, 14566, 84015, 99800, 13167, 57196, 8693, 13021, 103475, 40735]"
115858,"[89640, 39468, 9912, 22797, 107368, 105616, 46131, 104709, 107325, 46314]"
115859,"[42206, 70836, 61609, 31819, 92026, 106796, 1234, 90692, 76191, 92654]"
115860,"[59223, 45738, 107382, 53756, 96268, 17972, 68378, 59953, 45814, 58497]"
115861,"[87261, 16910, 26999, 26728, 82451, 100206, 16360, 74844, 80622, 103724]"
115862,"[81938, 2730, 74901, 40178, 77804, 102960, 7998, 60203, 9107, 49641]"
115863,"[81742, 17034, 60864, 80068, 84944, 99872, 44447, 1689, 68346, 62087]"
115864,"[86270, 56748, 50404, 34192, 30590, 78118, 33490, 20028, 79672, 37945]"
115865,"[65731, 55292, 64033, 62054, 51435, 97809, 53488, 98139, 54503, 6509]"
115866,"[14184, 61123, 64086, 64906, 76934, 11366, 86964, 12378, 60215, 58127]"
115867,"[20970, 51604, 21428, 11614, 45983, 43510, 17230, 41142, 104160, 109352]"
115868,"[39388, 83933, 65554, 101969, 25425, 28440, 84717, 51446, 20085, 65967]"
115869,"[62159, 8923, 60184, 68614, 76692, 34906, 91672, 91752, 61524, 100403]"
115870,"[77306, 6604, 62802, 85921, 6747, 63427, 83234, 31523, 31089, 97263]"
115871,"[75561, 49576, 77732, 85594, 64200, 21411, 78961, 3472, 72558, 14701]"
115872,"[82886, 90101, 72278, 18530, 65885, 98230, 88638, 31947, 31009, 13606]"
115873,"[1213, 23247, 22039, 71549, 19694, 50209, 16634, 48208, 77553, 9709]"
115874,"[63622, 67636, 97453, 58189, 35207, 36322, 44494, 23086, 1617, 65947]"
115875,"[70506, 78756, 99143, 49364, 100084, 96239, 49165, 13617, 47743, 63460]"
115876,"[39547, 77777, 53901, 52269, 85109, 60158, 64720, 79771, 49360, 24913]"
115877,"[14058, 22523, 91026, 103020, 75476, 107879, 38365, 109531, 23658, 106394]"
115878,"[68973, 27003, 106181, 85695, 87188, 95732, 93605, 7738, 76371, 53997]"
115879,"[20836, 52697, 106777, 19913, 70986, 99550, 18860, 57045, 27519, 154]"
115880,"[37282, 72633, 22494, 32147, 99477, 105767, 76946, 41720, 33426, 83679]"
115881,"[26339, 96083, 94800, 10554, 1042, 86897, 3179, 36353, 76062, 35001]"
115882,"[100000, 30541, 90204, 55634, 58428, 20682, 40002, 76105, 38566, 8942]"
115883,"[49165, 35156, 71780, 71240, 68954, 11073, 107061, 20347, 62695, 11235]"
115884,"[83429, 97082, 75639, 8876, 82091, 89493, 79406, 2169, 73318, 90661]"
115885,"[38729, 81376, 19076, 66437, 40998, 83467, 26437, 64117, 72139, 4353]"
115886,"[88071, 13859, 75706, 66279, 37373, 62939, 88529, 59431, 38993, 25928]"
115887,"[83009, 54834, 73060, 47960, 107780, 56376, 69161, 27790, 65846, 76241]"
115888,"[27660, 34366, 3947, 64019, 66963, 41016, 571, 10060, 22709, 12061]"
115889,"[11619, 17179, 70766, 24196, 55994, 12203, 105351, 83348, 32828, 70815]"
115890,"[100298, 1051, 72762, 70612, 48546, 109448, 19169, 85366, 37032, 42600]"
115891,"[55710, 68667, 90270, 86634, 69407, 9768, 11870, 45735, 104600, 78043]"
115892,"[55802, 39548, 27027, 29849, 43589, 61871, 81549, 19586, 98525, 78529]"
115893,"[77754, 90978, 447, 4997, 23913, 82807, 96377, 35341, 86044, 105394]"
115894,"[7894, 30731, 26019, 32856, 42370, 32158, 45477, 40740, 74690, 29415]"
115895,"[7064, 101588, 103512, 15989, 84772, 98009, 40107, 95817, 14950, 4029]"
115896,"[41695, 38336, 29137, 42611, 32477, 98108, 31138, 59021, 85523, 65456]"
115897,"[85752, 54981, 36007, 83296, 70925, 18107, 14210, 67320, 7228, 107062]"
115898,"[65036, 57192, 12068, 98270, 86405, 68592, 15797, 446, 35560, 57110]"
115899,"[101968, 66396, 2363, 61310, 7322, 23054, 31599, 46780, 6524, 98592]"
115900,"[77247, 5780, 34537, 91157, 55999, 43597, 90953, 27033, 24705, 415]"
115901,"[55843, 52163, 59506, 4765, 91759, 78498, 66015, 27337, 35309, 42923]"
115902,"[49692, 70156, 42768, 79831, 72717, 5867, 94206, 7866, 13015, 7898]"
115903,"[90330, 7108, 36775, 106924, 74197, 58335, 90868, 106698, 34425, 38029]"
115904,"[8256, 45109, 29519, 17972, 45107, 58497, 22926, 107382, 15039, 99771]"
115905,"[8268, 19594, 77964, 10065, 69492, 41567, 67404, 80108, 35202, 93020]"
115906,"[35372, 43653, 46744, 30861, 87550, 3233, 67036, 48718, 815, 32421]"
115907,"[20281, 41677, 41064, 61504, 53277, 43150, 77560, 51840, 13719, 41109]"
115908,"[60135, 104475, 45049, 54717, 82253, 109206, 17165, 19868, 105045, 99675]"
115909,"[90488, 20996, 102085, 91250, 27927, 30438, 51384, 86480, 17511, 7787]"
115910,"[13385, 44565, 1984, 103404, 12727, 46855, 93651, 3225, 37149, 88550]"
115911,"[13319, 100494, 58493, 37349, 53001, 1969, 36986, 14271, 102827, 10234]"
115912,"[25018, 15946, 97682, 17215, 19728, 107425, 41242, 102428, 38390, 77641]"
115913,"[81655, 5174, 29353, 63293, 60060, 107197, 63585, 20675, 42040, 20562]"
115914,"[92832, 17310, 107687, 14084, 93070, 83771, 89092, 80683, 44602, 44513]"
115915,"[60532, 29030, 55721, 34330, 36334, 63281, 16492, 35807, 67706, 41645]"
115916,"[104096, 102617, 28227, 89979, 82505, 7128, 29367, 20713, 45323, 31824]"
115917,"[22984, 91712, 101663, 49504, 92371, 101986, 89574, 45119, 39395, 43154]"
115918,"[40292, 2245, 5821, 17242, 63233, 50628, 44072, 56504, 43413, 80097]"
115919,"[37185, 63082, 4914, 1226, 45145, 69116, 97710, 94132, 100003, 69074]"
115920,"[98732, 109585, 17896, 15393, 19915, 63859, 64445, 75666, 53256, 215]"
115921,"[79906, 74761, 38467, 1685, 27112, 20769, 52497, 86399, 1416, 53259]"
115922,"[4877, 6116, 7802, 106343, 52306, 44343, 35431, 71659, 96615, 72720]"
115923,"[96430, 76504, 57384, 371, 8375, 51515, 26183, 105951, 13951, 91611]"
115924,"[71239, 95456, 30678, 106548, 28024, 63264, 27612, 108307, 85376, 45156]"
115925,"[58235, 81948, 5516, 93390, 30013, 9641, 7492, 52805, 55812, 79075]"
115926,"[36219, 61548, 106053, 30866, 78680, 109314, 68897, 96224, 9860, 6660]"
115927,"[52085, 34855, 10338, 8815, 831, 95234, 19632, 75594, 89203, 6309]"
115928,"[18646, 6517, 23048, 46632, 14081, 39590, 86676, 14024, 95451, 80123]"
115929,"[20335, 53692, 17514, 109477, 20577, 52768, 75435, 4183, 85165, 105389]"
115930,"[44125, 101916, 101766, 29611, 87302, 38919, 89618, 61927, 82347, 104424]"
115931,"[22547, 75327, 39598, 45512, 107512, 45837, 88263, 92356, 2107, 14102]"
115932,"[40422, 19053, 80627, 99622, 55454, 22756, 8747, 7735, 50309, 105114]"
115933,"[97789, 70895, 65611, 95895, 37814, 85925, 69678, 48482, 50724, 54263]"
115934,"[8780, 105543, 4740, 70986, 108093, 37975, 72938, 77003, 629, 87695]"
115935,"[23494, 90100, 86861, 82942, 37082, 11781, 57524, 41628, 80087, 51687]"
115936,"[83689, 85054, 103667, 29204, 103113, 109510, 959, 103709, 107616, 41858]"
115937,"[43819, 100996, 48619, 67869, 76805, 34901, 67788, 14760, 73374, 11364]"
115938,"[13158, 92163, 99462, 13704, 57584, 1408, 100140, 33055, 94136, 74582]"
115939,"[6647, 28989, 78895, 93757, 76812, 65726, 22298, 13289, 55517, 96016]"
115940,"[2832, 99154, 20385, 48368, 68792, 107851, 10311, 13198, 84609, 6769]"
115941,"[55522, 11952, 18139, 80140, 4280, 75668, 9603, 18978, 15580, 57977]"
115942,"[30008, 22022, 92045, 29056, 3136, 89132, 26486, 44606, 28429, 69114]"
115943,"[102867, 68988, 2561, 85424, 10712, 31146, 18550, 98063, 70447, 45225]"
115944,"[748, 51622, 99697, 74242, 43770, 88651, 72693, 25244, 63332, 105181]"
115945,"[8484, 12917, 4678, 10781, 73778, 92992, 46419, 105468, 98040, 3437]"
115946,"[37844, 14530, 57063, 52302, 59470, 31435, 59429, 13076, 103053, 42814]"
115947,"[16843, 85576, 69469, 53679, 25268, 95420, 105832, 42557, 53994, 106335]"
115948,"[107428, 70572, 8971, 36740, 101245, 2079, 36405, 93279, 52469, 69597]"
115949,"[43499, 30921, 100608, 104038, 84777, 80755, 72293, 70481, 101607, 30730]"
115950,"[27314, 76460, 61844, 77033, 7734, 34017, 84173, 96954, 36625, 49585]"
115951,"[56265, 18732, 4984, 88568, 78954, 107195, 59842, 95631, 47973, 37153]"
115952,"[51327, 45702, 2454, 695, 16237, 12152, 50101, 86612, 70909, 86008]"
115953,"[61390, 100506, 1633, 46918, 48851, 98916, 88233, 6927, 24170, 98855]"
115954,"[48840, 4346, 25361, 99293, 16970, 42271, 32258, 39205, 74210, 19983]"
115955,"[61348, 2592, 48794, 1750, 41927, 3157, 100038, 94165, 34449, 56206]"
115956,"[36792, 91332, 53113, 7531, 63514, 84086, 10153, 54988, 20999, 42004]"
115957,"[71655, 83977, 59400, 51498, 41368, 44985, 3567, 94736, 26631, 54646]"
115958,"[4079, 80853, 18069, 50763, 102584, 550, 94328, 8995, 35755, 93900]"
115959,"[10790, 2544, 53196, 68541, 47004, 72103, 72094, 69799, 89970, 106875]"
115960,"[35170, 64767, 108047, 97560, 82425, 71350, 48338, 73259, 11529, 30803]"
115961,"[47992, 80424, 58935, 53806, 68472, 461, 72846, 10543, 70777, 16418]"
115962,"[45300, 61970, 35701, 59754, 54734, 60541, 32494, 7985, 57993, 103583]"
115963,"[38822, 30288, 46142, 71617, 51693, 96984, 96131, 55128, 15444, 109770]"
115964,"[38939, 90972, 12910, 54275, 27489, 88039, 32886, 96190, 5543, 102064]"
115965,"[54132, 37146, 92737, 51583, 23572, 28297, 50161, 99554, 86981, 107776]"
115966,"[95250, 22662, 62295, 47465, 107590, 2403, 12353, 21968, 15394, 15229]"
115967,"[49878, 52193, 51531, 21289, 55126, 78256, 70176, 92071, 68192, 20398]"
115968,"[48729, 19127, 79313, 100962, 103674, 36941, 10795, 80428, 63976, 104409]"
115969,"[4124, 58764, 53006, 53251, 7358, 80759, 25501, 90712, 106044, 19839]"
115970,"[38345, 69830, 55355, 56202, 62416, 15520, 29485, 58601, 54395, 91131]"
115971,"[70347, 103151, 61725, 15512, 12485, 42228, 59690, 53520, 39219, 1343]"
115972,"[52252, 8583, 69672, 42707, 49556, 17826, 5458, 54900, 46157, 5717]"
115973,"[78815, 31734, 45532, 73647, 70055, 78848, 21109, 65222, 38702, 10362]"
115974,"[105028, 15340, 61620, 77021, 49349, 80441, 18813, 74643, 102951, 7890]"
115975,"[23386, 95840, 98763, 40972, 56601, 96742, 5653, 1352, 64272, 40738]"
115976,"[13347, 45330, 82032, 58237, 102127, 73326, 29520, 97442, 97330, 30961]"
115977,"[63233, 41364, 40292, 17242, 99872, 54732, 2245, 66056, 33195, 47656]"
115978,"[80743, 17449, 104988, 21859, 84722, 29088, 92245, 23290, 8664, 21311]"
115979,"[58194, 9264, 40933, 57241, 70805, 10485, 100392, 70750, 71329, 76252]"
115980,"[83850, 5607, 24687, 19912, 90853, 64185, 44701, 74956, 49766, 80368]"
115981,"[81217, 78932, 60571, 21312, 9150, 34426, 53092, 43871, 72646, 44377]"
115982,"[69536, 77249, 106921, 71087, 8179, 46183, 106872, 9883, 99325, 67298]"
115983,"[77521, 54553, 94138, 24949, 29209, 29229, 56199, 83056, 10332, 589]"
115984,"[79978, 24719, 2091, 20879, 96299, 101103, 45379, 72725, 38173, 67041]"
115985,"[88072, 43345, 24653, 102176, 63617, 73129, 34269, 59560, 97523, 107670]"
115986,"[3114, 23644, 60225, 34846, 4854, 76136, 92405, 81969, 76855, 1942]"
115987,"[88462, 69178, 26111, 64229, 42775, 29063, 25839, 95830, 98805, 89506]"
115988,"[24694, 38670, 9389, 37831, 89570, 101520, 58179, 58196, 94561, 88888]"
115989,"[4838, 98708, 9792, 87505, 49349, 9595, 4911, 18813, 31804, 5105]"
115990,"[80257, 16777, 29224, 90799, 105370, 71533, 28363, 9163, 87523, 80632]"
115991,"[246, 71416, 36927, 21395, 83551, 13534, 103008, 59744, 77367, 65661]"
115992,"[35940, 8156, 99565, 83441, 40719, 7332, 105168, 88761, 67866, 14560]"
115993,"[82326, 30767, 37246, 52713, 8549, 9358, 71482, 61612, 97394, 7789]"
115994,"[61815, 82391, 104799, 104760, 17969, 57194, 24738, 91152, 83696, 92117]"
115995,"[12511, 55315, 12787, 83789, 7034, 70701, 56820, 7745, 11503, 95894]"
115996,"[78402, 33310, 10486, 92341, 37043, 81590, 14353, 2434, 64299, 47622]"
115997,"[90436, 105130, 70591, 82168, 33593, 17936, 54746, 33598, 104045, 77254]"
115998,"[95033, 47955, 10541, 17025, 64301, 77967, 83639, 64391, 49483, 43977]"
115999,"[47051, 10980, 18414, 58195, 61662, 99432, 5216, 3312, 29665, 101169]"
116000,"[94807, 76378, 21454, 75459, 89752, 41919, 91732, 43962, 24449, 106501]"
116001,"[94552, 84357, 58710, 25323, 78534, 75620, 35599, 10393, 97181, 76311]"
116002,"[64761, 83896, 63131, 104526, 79947, 95459, 46970, 36242, 97757, 59124]"
116003,"[19165, 70329, 41882, 32547, 49350, 8951, 47564, 22312, 3534, 76359]"
116004,"[53327, 46752, 48783, 86997, 65284, 57228, 107046, 34261, 49844, 86510]"
116005,"[18827, 90244, 14764, 74921, 69812, 23295, 45655, 2094, 33067, 46457]"
116006,"[44151, 15523, 57223, 54430, 3180, 79700, 67121, 72782, 39734, 49967]"
116007,"[51132, 37980, 26409, 53734, 64734, 54980, 87951, 69285, 47357, 51771]"
116008,"[77222, 105884, 67886, 6189, 64458, 91849, 102138, 42536, 50931, 48402]"
116009,"[81408, 108486, 22677, 70688, 94654, 49453, 66742, 72678, 86473, 30075]"
116010,"[102914, 38728, 16435, 58772, 51997, 89960, 78938, 71621, 73511, 47826]"
116011,"[70363, 43522, 10674, 103607, 63186, 37427, 92028, 73603, 88106, 81339]"
116012,"[28961, 34136, 63061, 6744, 32987, 4618, 79956, 61622, 53323, 19996]"
116013,"[103121, 95301, 50918, 101973, 17970, 54446, 96847, 19375, 9497, 108120]"
116014,"[85064, 92589, 67437, 100886, 9441, 9376, 69519, 4350, 82183, 106635]"
116015,"[4661, 65771, 73865, 14763, 787, 10951, 28905, 41983, 80818, 85019]"
116016,"[11791, 38303, 812, 89719, 86437, 106363, 28592, 10585, 41185, 105296]"
116017,"[84005, 56214, 4607, 30587, 15560, 40197, 100402, 25533, 96138, 8229]"
116018,"[40672, 3336, 84703, 6989, 65297, 92726, 46838, 60449, 2146, 32972]"
116019,"[57091, 80043, 41009, 75674, 43978, 28051, 4511, 87607, 53367, 87467]"
116020,"[13240, 17360, 108107, 21530, 12784, 44313, 17760, 100826, 84499, 90124]"
116021,"[18860, 49516, 44344, 26497, 57045, 58942, 20836, 52697, 27519, 154]"
116022,"[95361, 7032, 64872, 68706, 14931, 60191, 63970, 84010, 68419, 53654]"
116023,"[16148, 74051, 71017, 40115, 107065, 50905, 51887, 84916, 21688, 63259]"
116024,"[77624, 103489, 72107, 61190, 19096, 85146, 57003, 44167, 83820, 90396]"
116025,"[82833, 13606, 24739, 19798, 96977, 108773, 42467, 3457, 92038, 53053]"
116026,"[5885, 2043, 100929, 65580, 55669, 38809, 43662, 47345, 67507, 64294]"
116027,"[62861, 59718, 42771, 105350, 39618, 97668, 80118, 47628, 13496, 91530]"
116028,"[96474, 52402, 97275, 82, 96115, 81465, 20181, 36992, 46351, 60723]"
116029,"[43667, 103597, 21719, 44753, 96156, 93248, 21616, 7475, 92773, 19778]"
116030,"[54052, 90225, 72255, 45579, 57815, 90200, 93941, 26880, 81762, 38852]"
116031,"[12426, 88236, 102387, 89035, 50304, 22339, 949, 108326, 27996, 84101]"
116032,"[67447, 99193, 82482, 30567, 56995, 96243, 90632, 41439, 47320, 50118]"
116033,"[52772, 29550, 252, 69588, 77890, 79406, 19546, 97559, 27452, 61167]"
116034,"[105368, 21314, 66726, 26744, 7889, 71789, 41894, 33506, 63736, 13863]"
116035,"[85431, 96283, 87905, 92592, 12661, 65576, 74125, 60321, 14668, 23220]"
116036,"[39866, 16466, 22735, 73771, 19100, 30474, 18166, 48167, 55043, 58549]"
116037,"[77614, 18553, 75092, 75065, 28191, 8424, 85924, 35987, 81563, 97505]"
116038,"[103392, 64096, 91858, 89653, 86162, 89538, 100858, 76505, 16204, 4714]"
116039,"[59473, 15468, 55724, 20450, 102791, 82045, 10323, 92037, 87651, 75279]"
116040,"[49683, 107335, 92240, 5084, 60593, 80836, 26327, 18818, 65518, 46672]"
116041,"[109043, 61246, 73386, 96305, 104016, 26774, 72589, 6692, 23312, 46556]"
116042,"[65925, 49417, 73321, 12486, 95396, 156, 44080, 20479, 19258, 73598]"
116043,"[12758, 25305, 99712, 8246, 35806, 12474, 89663, 105588, 78020, 18357]"
116044,"[41901, 87978, 106379, 102563, 97916, 37540, 67877, 47889, 91756, 1464]"
116045,"[13646, 65276, 39352, 43919, 94183, 99898, 18703, 83274, 25366, 71095]"
116046,"[58683, 96292, 13934, 34538, 60135, 48032, 21737, 103234, 34763, 102581]"
116047,"[42372, 78636, 13181, 18647, 39113, 70819, 59542, 53718, 105226, 90839]"
116048,"[67232, 82566, 48175, 19975, 29514, 10582, 102191, 51913, 90748, 21823]"
116049,"[3597, 51381, 59555, 40151, 105482, 72062, 100940, 104044, 56861, 1777]"
116050,"[63187, 28641, 19972, 64067, 23432, 55943, 49221, 47368, 94686, 66961]"
116051,"[6084, 107218, 28560, 78332, 54846, 28915, 77532, 91651, 95516, 58667]"
116052,"[84021, 28540, 103614, 46034, 59771, 35497, 65865, 5590, 82152, 25895]"
116053,"[44341, 40351, 57501, 31962, 30639, 72609, 100082, 39745, 56633, 27721]"
116054,"[88462, 91229, 57672, 81140, 29063, 34150, 95830, 89506, 98805, 59552]"
116055,"[51241, 101218, 9961, 49825, 42813, 71044, 82090, 108836, 76419, 102067]"
116056,"[16627, 63538, 10746, 98272, 40208, 101600, 74306, 62123, 106220, 26997]"
116057,"[90805, 66341, 83307, 55644, 47775, 12769, 80703, 64012, 96481, 52392]"
116058,"[76258, 3575, 70279, 75794, 96065, 1339, 86558, 76930, 23689, 73580]"
116059,"[73505, 103805, 93006, 96576, 86312, 95797, 58900, 39318, 72631, 32394]"
116060,"[6686, 37134, 33564, 107902, 53026, 5718, 61006, 17833, 102352, 85207]"
116061,"[9735, 67693, 49347, 97752, 74232, 32564, 102541, 30471, 17070, 43092]"
116062,"[62747, 82440, 99480, 56979, 56659, 106026, 86063, 105627, 25574, 21499]"
116063,"[96132, 80112, 101193, 42169, 99006, 109291, 27587, 87400, 78963, 44237]"
116064,"[53649, 98277, 94726, 38857, 106275, 67591, 93591, 95900, 106116, 24927]"
116065,"[64149, 101117, 96059, 12392, 84, 86651, 40784, 11901, 27615, 102884]"
116066,"[45489, 86484, 79908, 44834, 20483, 59884, 89060, 36034, 6586, 59301]"
116067,"[4722, 88970, 40468, 104276, 18678, 2507, 109070, 97047, 90452, 26518]"
116068,"[45809, 78824, 26576, 66102, 88083, 105137, 67471, 101018, 54894, 77780]"
116069,"[37070, 79932, 22769, 80380, 16323, 23929, 30759, 69959, 74665, 73576]"
116070,"[63235, 22438, 36845, 95561, 19815, 69716, 80346, 93588, 77736, 32462]"
116071,"[73388, 48735, 31417, 3409, 29321, 1474, 39976, 24303, 44963, 53119]"
116072,"[83211, 93056, 89721, 19927, 107249, 87828, 41233, 14815, 26272, 81343]"
116073,"[49929, 2360, 67203, 63094, 1994, 3149, 39740, 96124, 75001, 104028]"
116074,"[75648, 82960, 93553, 53785, 90699, 32400, 13092, 31456, 48084, 75146]"
116075,"[10853, 41235, 53945, 76896, 94661, 75157, 45602, 31087, 43373, 39831]"
116076,"[104212, 63135, 73581, 26396, 27077, 96351, 109199, 6380, 6766, 96700]"
116077,"[46872, 6505, 48304, 96269, 51962, 86696, 15102, 8330, 85996, 9876]"
116078,"[92430, 102451, 26882, 85438, 64500, 56953, 63760, 69863, 97075, 19688]"
116079,"[94391, 6104, 98657, 6788, 35245, 61190, 34803, 91484, 56750, 55060]"
116080,"[79174, 64679, 24623, 39436, 49070, 79557, 97555, 48252, 74657, 6512]"
116081,"[85641, 94795, 85985, 11862, 56805, 22989, 74605, 70858, 55992, 69540]"
116082,"[60812, 50440, 52048, 89950, 46381, 12700, 100272, 31127, 63667, 43925]"
116083,"[83508, 14130, 80857, 42015, 45590, 58552, 71024, 79126, 66469, 60122]"
116084,"[99015, 77128, 92966, 74908, 26125, 8516, 47364, 35362, 98157, 20733]"
116085,"[5639, 108389, 11698, 56545, 13466, 46368, 78574, 14539, 18738, 9391]"
116086,"[73679, 57852, 107216, 3069, 16308, 39704, 59082, 54161, 40527, 12564]"
116087,"[107815, 96201, 43460, 42099, 62259, 79709, 67348, 14492, 81355, 63723]"
116088,"[42564, 99993, 38561, 101980, 102851, 105173, 72988, 103536, 63624, 20199]"
116089,"[55959, 24471, 99114, 2365, 104242, 48393, 73602, 10896, 107584, 44568]"
116090,"[50708, 73842, 15062, 51932, 82399, 15595, 46109, 34566, 48748, 18030]"
116091,"[12116, 55761, 24361, 45757, 94438, 26657, 31141, 9169, 35811, 104400]"
116092,"[15560, 30116, 81621, 84005, 68768, 109124, 56214, 50981, 61269, 96455]"
116093,"[51185, 86855, 34951, 64804, 68470, 107090, 74266, 107911, 83514, 41738]"
116094,"[95139, 99323, 82765, 41800, 2548, 41352, 41256, 105891, 3732, 9931]"
116095,"[50669, 100691, 17551, 22784, 40347, 72608, 77974, 52676, 8044, 3485]"
116096,"[71789, 86825, 66726, 42872, 21314, 32474, 71647, 26744, 7889, 57537]"
116097,"[35309, 44157, 60971, 36474, 38832, 4765, 55843, 32475, 29590, 52163]"
116098,"[41780, 91560, 9569, 51330, 69240, 98589, 61397, 18873, 72249, 19638]"
116099,"[69454, 54758, 99048, 4272, 87344, 56361, 97253, 6481, 59653, 93675]"
116100,"[30116, 15560, 28618, 13880, 43496, 25533, 96455, 81621, 44172, 50981]"
116101,"[91421, 35018, 19112, 14600, 86010, 66189, 22593, 47758, 20184, 6932]"
116102,"[34400, 31891, 90313, 1970, 102673, 98066, 18991, 93063, 107102, 1471]"
116103,"[84583, 65794, 87831, 106790, 4505, 95016, 51420, 90502, 49644, 56410]"
116104,"[85311, 53559, 25378, 22219, 76819, 25346, 46590, 25058, 608, 14280]"
116105,"[80179, 76778, 14219, 89227, 100288, 34644, 17778, 32884, 66048, 27484]"
116106,"[34002, 22635, 9546, 87225, 8700, 65015, 6169, 86653, 83375, 51861]"
116107,"[84040, 106241, 97382, 82050, 64882, 52230, 55745, 88773, 45534, 97302]"
116108,"[51766, 40434, 11272, 51099, 85905, 32647, 101370, 72419, 13725, 68116]"
116109,"[2933, 28965, 107966, 91187, 81957, 43247, 93421, 12737, 72175, 70115]"
116110,"[14379, 76288, 83753, 43664, 73534, 69302, 3654, 41346, 105063, 35408]"
116111,"[63247, 57040, 6578, 352, 75773, 36429, 61982, 8999, 12885, 85264]"
116112,"[88511, 76633, 9254, 62863, 92050, 105761, 14473, 7719, 78666, 107384]"
116113,"[105852, 101705, 65881, 9852, 4181, 104473, 40338, 82083, 58954, 56462]"
116114,"[22485, 79130, 53745, 23183, 85533, 75799, 79713, 69315, 69666, 8813]"
116115,"[89986, 81683, 50968, 63811, 90573, 97028, 30130, 85739, 73877, 15300]"
116116,"[62805, 76186, 48183, 14934, 52000, 56012, 144, 91518, 84132, 108532]"
116117,"[26603, 105404, 70719, 27363, 21764, 19590, 31469, 6804, 26455, 93440]"
116118,"[53548, 90859, 14854, 75124, 77109, 80235, 10090, 57218, 69651, 59073]"
116119,"[47346, 105067, 35479, 106652, 78732, 6723, 46583, 103936, 98344, 789]"
116120,"[22065, 68773, 53812, 66581, 11175, 18553, 75002, 10601, 20043, 114]"
116121,"[96373, 58561, 33061, 15145, 56287, 14749, 70444, 76246, 34357, 86475]"
116122,"[48813, 93318, 33611, 80144, 92904, 68527, 15329, 53452, 99704, 108186]"
116123,"[12947, 97498, 37476, 101935, 61620, 5075, 89458, 79067, 51002, 23719]"
116124,"[77988, 47295, 50203, 30864, 100842, 26829, 19379, 5435, 56836, 59637]"
116125,"[79398, 102166, 30154, 20159, 106695, 94178, 68046, 75234, 19352, 76150]"
116126,"[13521, 50228, 93064, 77601, 106244, 53392, 56054, 68254, 105146, 17833]"
116127,"[71397, 69864, 48558, 18294, 68584, 81054, 55485, 21756, 56785, 47362]"
116128,"[65141, 42891, 41553, 76404, 25865, 105932, 85776, 2366, 69702, 94160]"
116129,"[84807, 72043, 34362, 74195, 8765, 36721, 42463, 3989, 27154, 88923]"
116130,"[55938, 34250, 105181, 8089, 5182, 109427, 88883, 61202, 63508, 73218]"
116131,"[90188, 64409, 37521, 93917, 77469, 7281, 101744, 22343, 60143, 96827]"
116132,"[43334, 88337, 9469, 98495, 90511, 105995, 83112, 96431, 21705, 73791]"
116133,"[102294, 63378, 80129, 96970, 3230, 18617, 67891, 35678, 47028, 56291]"
116134,"[42696, 93360, 43675, 10348, 32329, 100844, 100217, 91559, 70216, 29970]"
116135,"[49732, 31564, 72337, 105194, 104107, 37428, 101977, 82846, 20809, 11267]"
116136,"[60091, 24867, 6567, 15844, 77928, 93061, 22294, 18275, 1000, 28333]"
116137,"[23337, 91639, 1537, 23123, 105098, 105116, 1518, 72514, 98365, 31233]"
116138,"[93958, 7724, 27533, 88508, 101323, 101621, 16470, 69221, 14994, 60747]"
116139,"[30542, 7501, 37885, 63685, 105483, 45182, 83361, 41690, 104591, 66705]"
116140,"[99286, 83101, 10537, 108436, 33220, 62480, 65080, 46327, 79295, 88203]"
116141,"[98355, 16726, 10541, 16913, 104041, 88912, 31721, 15996, 95231, 68841]"
116142,"[59719, 11208, 74160, 104990, 9560, 65291, 97611, 23861, 22824, 36111]"
116143,"[42813, 97784, 2223, 17521, 27200, 29777, 101313, 54134, 101047, 65019]"
116144,"[19266, 27460, 95738, 5230, 54687, 10018, 29251, 35368, 74196, 53766]"
116145,"[23263, 47198, 29775, 19840, 83819, 51657, 108652, 98269, 7760, 30894]"
116146,"[97594, 4364, 14826, 54616, 35344, 84970, 49040, 56117, 47690, 3924]"
116147,"[79352, 63629, 7467, 44431, 106810, 93448, 96743, 92468, 81526, 91856]"
116148,"[62154, 3914, 75824, 9707, 16622, 68075, 109329, 57968, 63068, 10880]"
116149,"[35094, 2645, 78124, 2552, 33059, 73391, 26652, 84160, 63453, 47716]"
116150,"[68704, 96659, 12297, 31814, 81728, 26517, 49714, 49488, 80643, 32810]"
116151,"[100002, 12818, 90066, 59737, 51557, 84912, 72725, 68271, 101458, 49319]"
116152,"[23847, 20378, 106572, 25008, 87805, 3329, 59067, 105007, 12854, 68351]"
116153,"[74495, 54298, 68147, 66431, 101489, 99302, 18029, 27402, 52011, 42531]"
116154,"[3310, 2292, 32001, 71911, 40266, 8737, 17117, 102815, 83339, 38056]"
116155,"[12784, 41775, 107355, 27325, 17489, 47323, 44858, 17360, 52166, 21530]"
116156,"[66873, 43270, 82690, 31099, 7588, 14309, 37893, 51268, 29721, 87666]"
116157,"[108627, 90279, 10171, 34755, 96468, 45362, 7830, 36392, 73878, 21645]"
116158,"[14485, 97311, 9675, 52958, 23854, 50789, 2993, 61803, 78121, 41972]"
116159,"[79778, 43391, 75596, 95162, 4413, 96234, 25246, 40084, 4093, 54202]"
116160,"[26099, 71743, 32524, 36951, 46885, 62571, 89445, 42979, 38882, 64407]"
116161,"[65517, 13198, 75080, 39554, 85802, 63975, 89350, 17639, 70185, 66437]"
116162,"[78537, 35906, 15097, 14894, 87005, 105826, 11782, 93883, 77941, 35301]"
116163,"[79661, 100165, 71846, 5739, 54485, 24086, 103674, 36941, 45685, 47239]"
116164,"[99124, 15269, 33109, 634, 30700, 4310, 706, 6075, 50922, 47562]"
116165,"[100203, 41189, 34582, 7931, 8959, 23201, 101740, 93552, 86013, 40407]"
116166,"[42561, 75438, 5214, 4365, 36976, 70567, 91823, 14137, 38799, 76886]"
116167,"[109536, 22061, 23202, 72561, 14651, 68266, 54185, 47485, 107751, 26488]"
116168,"[22051, 64743, 71803, 49469, 95805, 75332, 106306, 80604, 65236, 5277]"
116169,"[104062, 69885, 17262, 64352, 58089, 76924, 93009, 9141, 65178, 41111]"
116170,"[43977, 62078, 43690, 95033, 93004, 88912, 69178, 83253, 52428, 108917]"
116171,"[26069, 58162, 18908, 62436, 19837, 81744, 45858, 17913, 9009, 83992]"
116172,"[34297, 65028, 66001, 86205, 104478, 4741, 93691, 2721, 65279, 87660]"
116173,"[88755, 31316, 92086, 12307, 71315, 94677, 40863, 51566, 21486, 79452]"
116174,"[2789, 63030, 107209, 100821, 107154, 6877, 87846, 19033, 1549, 51792]"
116175,"[23757, 40656, 100349, 70518, 77375, 44700, 103313, 35497, 20448, 29936]"
116176,"[71120, 104940, 108172, 100056, 12786, 54319, 88530, 52810, 108550, 64009]"
116177,"[100558, 5423, 69952, 94209, 2374, 87587, 25192, 65722, 104136, 14667]"
116178,"[27661, 22122, 80387, 63666, 1489, 18708, 7271, 106723, 74520, 21152]"
116179,"[4978, 65728, 62938, 49511, 74134, 81681, 25995, 77259, 84601, 30754]"
116180,"[577, 77924, 59443, 79528, 81500, 30724, 68692, 106960, 30680, 71297]"
116181,"[96358, 36794, 106613, 91134, 16511, 47744, 43685, 101275, 80595, 102826]"
116182,"[37476, 51002, 102951, 17443, 12947, 27727, 40478, 37272, 54660, 37367]"
116183,"[9173, 1086, 72633, 5380, 8633, 92638, 41941, 22494, 106766, 60779]"
116184,"[33471, 87444, 73330, 94995, 91634, 59829, 78728, 74292, 12181, 102237]"
116185,"[105533, 109534, 29910, 103208, 43616, 17459, 12174, 9348, 61614, 16068]"
116186,"[53436, 32751, 3710, 88286, 71101, 54151, 17444, 4974, 106594, 100056]"
116187,"[58187, 86586, 68379, 78170, 73357, 68817, 30247, 81334, 96076, 103773]"
116188,"[68207, 66677, 78871, 22295, 24805, 109735, 24118, 25582, 88205, 78469]"
116189,"[23744, 53576, 32798, 55692, 84072, 73906, 27265, 1128, 1008, 21468]"
116190,"[78134, 27745, 31148, 105118, 97060, 10392, 107357, 27719, 53311, 1400]"
116191,"[79261, 42989, 66075, 26720, 1395, 70467, 104424, 5195, 43846, 25925]"
116192,"[102349, 60151, 73185, 23094, 9248, 40206, 87008, 61357, 27417, 59149]"
116193,"[87571, 4703, 19698, 8454, 84794, 64169, 38102, 52755, 12313, 28459]"
116194,"[85141, 86220, 96443, 57425, 91279, 67476, 91183, 98597, 38983, 15552]"
116195,"[31605, 54529, 49778, 90056, 102551, 95178, 55228, 23540, 57833, 82388]"
116196,"[82808, 99564, 10564, 56144, 96626, 95981, 42157, 44094, 77266, 22596]"
116197,"[19250, 106273, 72919, 87234, 49843, 96472, 85697, 11205, 74802, 31183]"
116198,"[77173, 18248, 90545, 58928, 29825, 7973, 94161, 53939, 43561, 47610]"
116199,"[78062, 13032, 68098, 2931, 91740, 16509, 2483, 41502, 68279, 41678]"
116200,"[35270, 68943, 60268, 41464, 101575, 27607, 94120, 74409, 103002, 97055]"
116201,"[55159, 30547, 55039, 83659, 77566, 88324, 32179, 18146, 91452, 67295]"
116202,"[152, 1695, 74816, 12607, 51806, 21581, 71898, 83672, 40144, 47046]"
116203,"[19704, 89891, 90890, 40688, 58126, 61897, 58321, 62551, 21465, 74656]"
116204,"[6602, 78371, 69185, 20419, 4339, 6875, 43273, 52485, 1698, 88373]"
116205,"[75492, 30495, 2116, 105467, 32871, 15622, 30682, 14546, 74706, 75836]"
116206,"[4597, 40096, 18898, 72039, 41849, 32826, 67281, 67867, 65657, 76145]"
116207,"[32604, 108892, 35882, 25918, 59404, 16721, 23515, 57311, 76872, 56314]"
116208,"[106087, 100062, 4949, 95194, 96590, 64541, 65999, 36371, 72906, 41475]"
116209,"[33277, 51811, 30383, 26196, 90760, 5861, 58276, 87828, 37860, 56033]"
116210,"[23424, 23453, 68433, 21488, 62235, 18457, 36642, 9995, 101573, 66697]"
116211,"[71907, 31968, 48754, 106296, 63276, 84328, 65581, 57225, 52408, 67135]"
116212,"[57328, 104910, 90396, 103601, 59972, 71472, 40480, 49882, 24582, 108252]"
116213,"[36302, 106588, 85057, 56762, 34878, 92, 57527, 92883, 60815, 40994]"
116214,"[54563, 50069, 25753, 89597, 95442, 60621, 101643, 5853, 105123, 48862]"
116215,"[37586, 62276, 76935, 81817, 6679, 26555, 82201, 18320, 74291, 72403]"
116216,"[102165, 7748, 79600, 83503, 48030, 7641, 72160, 29780, 102820, 103853]"
116217,"[6026, 64022, 39718, 48550, 1743, 55794, 62398, 105697, 94227, 71876]"
116218,"[106737, 83134, 98338, 102192, 93096, 42414, 33973, 87314, 107626, 80031]"
116219,"[59678, 56227, 5060, 62891, 85554, 84596, 56646, 81839, 2883, 4098]"
116220,"[37651, 53124, 101669, 40390, 49205, 84723, 107559, 94548, 32264, 37115]"
116221,"[18350, 91901, 85541, 83838, 46836, 60200, 65365, 47675, 107295, 70543]"
116222,"[4108, 11089, 90469, 29169, 67286, 105138, 22216, 25279, 2149, 14991]"
116223,"[561, 48990, 86049, 27742, 100153, 103040, 102333, 76223, 65738, 2920]"
116224,"[77065, 98565, 11617, 77794, 104728, 50510, 80190, 75298, 36826, 63103]"
116225,"[23282, 49830, 102388, 108962, 45149, 83785, 55850, 29733, 21413, 82708]"
116226,"[78410, 83196, 91673, 15148, 3998, 9409, 10753, 106057, 101903, 14720]"
116227,"[109628, 89699, 88236, 27174, 77585, 36005, 87009, 104641, 67522, 57064]"
116228,"[18901, 66985, 21288, 2276, 63433, 64830, 89692, 23938, 65583, 54556]"
116229,"[77795, 17267, 34664, 43852, 103980, 61717, 57558, 81360, 28992, 106750]"
116230,"[78278, 98804, 5617, 68723, 25279, 106113, 84656, 33683, 56507, 101257]"
116231,"[25564, 2903, 16291, 109543, 27393, 45282, 102008, 87726, 98056, 81849]"
116232,"[95865, 95806, 98931, 38949, 46579, 29939, 7205, 88818, 8859, 51334]"
116233,"[65376, 70831, 41138, 35940, 83441, 54285, 90114, 40719, 69177, 3258]"
116234,"[50125, 62523, 52347, 15587, 7175, 23961, 96978, 33196, 42014, 32701]"
116235,"[48706, 5832, 96817, 68434, 92184, 30780, 45818, 98918, 92351, 84840]"
116236,"[32547, 106107, 76541, 39101, 54500, 26397, 25136, 79965, 48879, 15960]"
116237,"[40720, 47440, 29484, 91812, 55430, 85081, 86965, 59304, 6192, 12201]"
116238,"[30151, 41469, 18653, 6454, 24353, 31172, 19195, 103406, 12989, 41721]"
116239,"[25774, 58817, 17513, 99525, 35171, 90060, 47008, 35972, 48789, 108501]"
116240,"[20256, 89070, 25838, 60517, 29152, 91629, 67073, 106399, 28742, 107514]"
116241,"[86381, 22367, 76509, 84991, 94444, 4831, 9440, 17105, 86585, 63028]"
116242,"[2282, 109307, 48771, 8537, 32557, 107380, 15230, 92587, 48631, 41302]"
116243,"[34951, 107090, 51185, 86855, 37595, 84053, 52665, 13363, 72147, 53925]"
116244,"[45067, 68002, 4085, 60228, 8507, 30172, 91717, 66727, 44172, 72972]"
116245,"[62951, 66451, 72303, 67401, 48773, 86416, 71475, 54655, 4629, 58006]"
116246,"[80803, 72634, 29658, 39746, 26135, 25382, 81514, 87449, 73984, 78313]"
116247,"[98157, 4848, 23194, 73312, 12050, 22549, 65666, 7485, 91010, 91392]"
116248,"[59624, 95663, 3085, 61652, 18039, 79371, 37757, 73167, 99059, 28854]"
116249,"[14770, 67825, 24547, 56082, 20794, 26924, 95281, 10364, 90317, 37260]"
116250,"[81868, 103144, 88245, 85566, 1674, 51240, 16028, 59484, 74075, 101028]"
116251,"[78985, 59871, 49800, 22756, 55454, 109694, 49794, 51166, 80248, 2191]"
116252,"[22957, 40093, 50482, 86805, 54219, 108002, 108903, 32793, 92556, 37398]"
116253,"[59022, 40556, 80714, 14448, 46437, 33597, 2646, 25265, 103082, 23629]"
116254,"[97361, 29426, 41592, 15590, 35748, 80962, 7370, 55412, 86814, 37290]"
116255,"[83014, 81484, 34057, 100956, 86768, 8635, 4479, 72985, 79893, 50124]"
116256,"[104627, 25067, 20838, 68853, 5495, 68974, 2939, 83190, 71389, 16607]"
116257,"[53980, 60317, 22859, 18448, 67945, 92580, 49839, 101091, 52663, 81295]"
116258,"[58128, 60405, 34159, 9786, 94271, 104921, 17811, 103045, 66628, 106471]"
116259,"[89671, 106566, 93273, 11036, 53245, 72756, 56317, 57499, 98740, 48954]"
116260,"[70809, 40776, 49034, 26825, 98500, 87535, 80538, 84110, 77259, 67239]"
116261,"[70142, 33710, 92771, 4556, 89568, 11216, 105678, 12615, 43336, 90766]"
116262,"[100847, 101369, 20321, 108066, 75745, 92571, 71688, 59155, 62039, 86581]"
116263,"[38032, 52703, 22342, 17761, 54440, 21187, 6713, 22461, 86397, 54996]"
116264,"[4190, 19238, 47237, 98267, 98346, 23986, 21181, 33026, 1622, 63768]"
116265,"[57191, 32419, 17330, 24891, 24220, 50354, 50279, 94225, 28785, 24079]"
116266,"[103051, 4864, 1759, 40115, 10871, 59072, 22614, 53630, 87357, 91996]"
116267,"[37038, 98669, 109732, 41933, 45740, 21381, 43547, 107951, 99705, 76777]"
116268,"[71928, 7461, 32803, 78110, 40771, 3336, 93713, 715, 71680, 64052]"
116269,"[52682, 55301, 91321, 53866, 68604, 59814, 4225, 6626, 10820, 86211]"
116270,"[80117, 38986, 11098, 43356, 39021, 697, 29108, 26030, 1806, 101215]"
116271,"[102332, 46582, 75875, 70983, 18696, 29295, 103998, 107701, 58082, 91853]"
116272,"[105694, 72001, 5910, 56925, 43549, 53715, 104746, 7392, 33157, 85460]"
116273,"[28021, 85888, 55250, 92374, 97151, 99850, 33181, 108132, 62962, 26674]"
116274,"[93224, 81293, 10878, 1380, 108091, 45860, 53937, 98396, 7386, 14801]"
116275,"[3430, 32389, 42426, 17567, 74224, 36478, 68178, 57188, 7880, 93223]"
116276,"[97750, 38136, 12669, 65366, 97196, 103650, 101024, 80839, 80165, 25704]"
116277,"[54714, 97565, 85321, 104140, 74882, 929, 52688, 39337, 47180, 85261]"
116278,"[102013, 42102, 51694, 13022, 62339, 61990, 87307, 99358, 94802, 12849]"
116279,"[44294, 93240, 43250, 95582, 62639, 15135, 94952, 46720, 99001, 54386]"
116280,"[93542, 60833, 5380, 8633, 97604, 9173, 109099, 52257, 18118, 3182]"
116281,"[90109, 96691, 15792, 35639, 25557, 72923, 59940, 86362, 70299, 88446]"
116282,"[29684, 101926, 2967, 8712, 60306, 18905, 64436, 71150, 102491, 38224]"
116283,"[78683, 66330, 32479, 58871, 76316, 4819, 75453, 77759, 53710, 40871]"
116284,"[70882, 27559, 44320, 18825, 99939, 26445, 31868, 99588, 15493, 93685]"
116285,"[10027, 93034, 82247, 69762, 71587, 50557, 86329, 81091, 17800, 4842]"
116286,"[15678, 62828, 74079, 108797, 36345, 71314, 50000, 54555, 72118, 28825]"
116287,"[56378, 101397, 96286, 71116, 49495, 46498, 11287, 31447, 22538, 77574]"
116288,"[18586, 78377, 78405, 78557, 21353, 39923, 10915, 78936, 11688, 16873]"
116289,"[107491, 19867, 73146, 14132, 30419, 63151, 67592, 62791, 47184, 51866]"
116290,"[96828, 15458, 13749, 36325, 35671, 80448, 29622, 94672, 89569, 30519]"
116291,"[83624, 28448, 48169, 74147, 55498, 57351, 11091, 62000, 88374, 106746]"
116292,"[82081, 98990, 89077, 99386, 54893, 31654, 85429, 48934, 54465, 7161]"
116293,"[23467, 54399, 5945, 15888, 36918, 96739, 6336, 22942, 99317, 1902]"
116294,"[69850, 85922, 30331, 86021, 15759, 5385, 25824, 42320, 68952, 33201]"
116295,"[55545, 35399, 16479, 22032, 65898, 59707, 61036, 84284, 31275, 89994]"
116296,"[67355, 99378, 1680, 14013, 1465, 5805, 39654, 71137, 17104, 1993]"
116297,"[49728, 103049, 31693, 24808, 55213, 59291, 22605, 24374, 69050, 78527]"
116298,"[84781, 19723, 56097, 18361, 33763, 2635, 32046, 22062, 63916, 4846]"
116299,"[21019, 29868, 81294, 95899, 41896, 65226, 8467, 22994, 69423, 26891]"
116300,"[59224, 63811, 71023, 41866, 8808, 273, 50007, 84870, 91906, 94154]"
116301,"[105746, 72432, 32269, 72253, 55609, 86870, 100089, 103984, 834, 19397]"
116302,"[73972, 59215, 88632, 103873, 50415, 9480, 49063, 32959, 27093, 6197]"
116303,"[94245, 89050, 63207, 94167, 60955, 45404, 17362, 68495, 19734, 2607]"
116304,"[68796, 42553, 89103, 95560, 78904, 33992, 75143, 5973, 28901, 90081]"
116305,"[66385, 15910, 52213, 30026, 19203, 29823, 63723, 6496, 36549, 64803]"
116306,"[27089, 17964, 88031, 538, 24961, 88618, 73700, 91159, 90718, 80216]"
116307,"[88182, 85245, 80232, 4761, 20382, 79177, 106874, 92942, 28450, 95020]"
116308,"[50097, 9999, 77265, 64028, 10916, 106545, 97810, 41973, 89795, 40052]"
116309,"[106842, 104715, 77505, 15054, 100735, 79456, 48757, 52145, 106240, 31866]"
116310,"[27495, 81656, 28512, 36669, 71523, 85018, 99839, 105911, 81912, 1032]"
116311,"[18230, 6484, 57140, 69000, 86284, 104264, 73604, 17483, 71275, 102946]"
116312,"[9113, 57492, 67529, 27738, 20588, 107893, 64022, 95220, 39275, 55146]"
116313,"[10091, 3058, 54756, 37671, 21036, 19269, 44129, 40397, 22792, 108976]"
116314,"[65664, 65735, 99938, 10025, 69491, 107979, 50060, 72899, 37039, 61672]"
116315,"[98620, 20984, 54117, 72909, 99326, 84300, 56491, 9191, 42987, 85852]"
116316,"[66972, 11035, 7577, 30665, 32848, 27596, 63779, 106727, 71232, 9140]"
116317,"[97076, 42592, 76388, 22688, 72539, 77210, 3805, 103529, 66595, 47164]"
116318,"[101463, 90871, 109657, 21054, 106864, 103709, 959, 21807, 73214, 80887]"
116319,"[66619, 74332, 94541, 754, 6103, 46075, 88750, 87368, 574, 53940]"
116320,"[51938, 48375, 45616, 80864, 36134, 46653, 26385, 4640, 109076, 2663]"
116321,"[98110, 58369, 66294, 10419, 6876, 108863, 21852, 22327, 69855, 70195]"
116322,"[2227, 55620, 36964, 59454, 87560, 24741, 88739, 98034, 58180, 75524]"
116323,"[44462, 46890, 97425, 14382, 1023, 41249, 12386, 51209, 36093, 96800]"
116324,"[71320, 193, 18566, 12914, 44186, 4854, 100969, 57107, 73289, 19137]"
116325,"[15935, 19806, 32243, 80228, 33672, 63185, 38054, 83604, 54276, 54095]"
116326,"[37520, 68841, 8434, 10541, 71587, 15386, 64484, 72179, 72045, 104666]"
116327,"[12229, 96706, 59217, 62781, 23469, 97608, 69553, 91277, 70840, 82208]"
116328,"[29263, 21055, 68164, 76904, 15633, 87177, 67844, 93603, 9950, 60980]"
116329,"[25218, 69445, 106159, 60003, 51738, 27053, 97967, 71429, 85958, 20625]"
116330,"[63304, 93342, 45884, 27572, 66807, 49801, 30392, 52761, 35615, 98706]"
116331,"[21624, 66466, 75457, 107409, 59456, 54928, 86600, 45445, 45903, 68291]"
116332,"[57934, 798, 46214, 38105, 104376, 24169, 64720, 95459, 46970, 24080]"
116333,"[17313, 108042, 68534, 3399, 41282, 49378, 100758, 109712, 29131, 106580]"
116334,"[31068, 81436, 24498, 105301, 82056, 39780, 18453, 11055, 28365, 24886]"
116335,"[25255, 99247, 81320, 91048, 32981, 101131, 97502, 67859, 93432, 42412]"
116336,"[91982, 71904, 74366, 101356, 14718, 51823, 80524, 34080, 104743, 86438]"
116337,"[57042, 74957, 81091, 37169, 19637, 93034, 54978, 52894, 59033, 34003]"
116338,"[43680, 57792, 43620, 77765, 99344, 86375, 74269, 90899, 84909, 98473]"
116339,"[81858, 36737, 7859, 88818, 7401, 73769, 33639, 72424, 68498, 106929]"
116340,"[67504, 98938, 61894, 79382, 33829, 74322, 36997, 11592, 8673, 21533]"
116341,"[22789, 50398, 89095, 14422, 4534, 9108, 61946, 98808, 54971, 28647]"
116342,"[28119, 7585, 79364, 87049, 68669, 67738, 31544, 16003, 19355, 81651]"
116343,"[5205, 27875, 52571, 53453, 1026, 102532, 47341, 6674, 109365, 83677]"
116344,"[61471, 73175, 44583, 94850, 43103, 102747, 73450, 5248, 15649, 10243]"
116345,"[65847, 73837, 418, 22825, 67115, 60837, 47493, 79425, 98096, 5357]"
116346,"[57528, 23602, 41275, 79157, 26457, 70471, 72590, 33713, 29401, 38686]"
116347,"[66465, 68698, 39697, 37026, 85257, 91361, 94125, 39239, 101537, 5047]"
116348,"[22854, 105987, 12097, 34495, 8180, 44870, 85876, 37023, 52842, 5376]"
116349,"[37492, 103308, 9558, 64875, 25922, 16571, 22071, 16174, 81081, 23489]"
116350,"[42123, 46040, 61129, 93558, 28386, 77160, 105139, 45174, 59893, 62844]"
116351,"[105845, 79831, 13015, 72717, 49692, 16340, 70156, 5350, 38664, 9543]"
116352,"[91831, 98275, 97654, 81299, 100949, 55287, 65561, 37339, 21829, 102519]"
116353,"[97756, 83546, 106058, 16215, 12342, 107207, 53934, 82721, 59335, 48146]"
116354,"[56597, 78500, 64410, 94368, 88010, 97231, 37920, 33078, 95214, 1668]"
116355,"[61013, 57044, 24335, 102706, 77204, 41447, 30527, 53428, 75182, 16172]"
116356,"[46209, 85442, 99117, 51581, 67840, 19849, 15731, 19529, 42981, 108564]"
116357,"[22875, 64526, 44016, 73852, 60067, 107333, 69391, 43603, 85779, 3596]"
116358,"[20501, 100637, 48957, 18737, 37923, 10517, 66491, 6462, 3708, 38304]"
116359,"[52125, 49842, 2898, 93266, 1234, 76126, 49580, 61574, 4220, 92654]"
116360,"[52975, 86489, 15202, 49105, 79691, 713, 545, 13373, 19463, 45925]"
116361,"[104967, 45885, 58572, 68455, 30242, 73471, 11321, 57812, 33957, 100542]"
116362,"[42561, 5214, 36976, 75438, 70567, 109317, 91823, 14137, 4365, 89649]"
116363,"[102478, 109156, 88313, 26606, 22990, 74339, 30113, 106233, 63011, 94670]"
116364,"[106481, 27166, 90429, 49645, 15512, 26536, 51534, 36917, 78672, 74613]"
116365,"[28917, 50012, 87757, 67287, 27231, 57807, 3077, 735, 101052, 13803]"
116366,"[72033, 67059, 83790, 3919, 35202, 2080, 64494, 11031, 60978, 62592]"
116367,"[57299, 44822, 50043, 4344, 10465, 27224, 52679, 36657, 81771, 83347]"
116368,"[26510, 86627, 82853, 11985, 29083, 38263, 76445, 76723, 14325, 79639]"
116369,"[89712, 28418, 7427, 81592, 19914, 89465, 60041, 92542, 77425, 15466]"
116370,"[92964, 29972, 104055, 54997, 16561, 39982, 58802, 103425, 28695, 19102]"
116371,"[82741, 102164, 32606, 47828, 9302, 81445, 37662, 17392, 86554, 49418]"
116372,"[16922, 38390, 14014, 18090, 98767, 25287, 18545, 52148, 32444, 49003]"
116373,"[17127, 20275, 14479, 43671, 27894, 46763, 107065, 50905, 59838, 43507]"
116374,"[57809, 26685, 63742, 55207, 58881, 75974, 94117, 73373, 56245, 78498]"
116375,"[34060, 60733, 89455, 22660, 70119, 68985, 66150, 32704, 80682, 23758]"
116376,"[15960, 16614, 12330, 97806, 106107, 12464, 75509, 60155, 32547, 79642]"
116377,"[88708, 23021, 10475, 61562, 83575, 12773, 97315, 15028, 37490, 59658]"
116378,"[56762, 83473, 11529, 103782, 92678, 61778, 17208, 69911, 27294, 25823]"
116379,"[24080, 55033, 102796, 41130, 38105, 16101, 33075, 798, 95459, 6960]"
116380,"[42127, 32379, 23674, 41923, 101036, 22561, 4340, 46122, 54548, 20585]"
116381,"[37404, 108330, 47118, 98893, 76703, 62857, 64363, 77039, 12171, 98701]"
116382,"[61658, 47799, 70555, 98560, 51839, 105216, 95208, 66825, 86315, 68481]"
116383,"[9494, 8546, 4100, 92875, 93966, 41960, 6340, 58776, 5301, 107601]"
116384,"[8122, 96574, 41411, 68934, 16668, 65131, 61051, 10369, 55451, 58799]"
116385,"[13822, 44813, 64558, 5417, 101221, 71742, 7962, 46996, 92107, 36012]"
116386,"[61219, 95839, 71919, 3925, 64996, 14922, 92258, 59939, 27535, 82968]"
116387,"[38606, 60651, 29992, 48371, 99238, 105482, 53823, 108927, 7015, 61783]"
116388,"[95734, 11407, 34987, 106217, 24818, 31111, 18454, 19491, 68135, 48223]"
116389,"[90264, 16717, 7923, 101738, 2358, 75277, 15005, 71096, 26270, 9916]"
116390,"[65399, 70887, 26860, 42839, 707, 61418, 96518, 36743, 20025, 99762]"
116391,"[17956, 65430, 103700, 49690, 95568, 71543, 46342, 53336, 36973, 62696]"
116392,"[95033, 64301, 43977, 16284, 51401, 47955, 10541, 77967, 83639, 64391]"
116393,"[34887, 9886, 102683, 61337, 1829, 4570, 26431, 38468, 19118, 70635]"
116394,"[99908, 94890, 29053, 83402, 24348, 84493, 74433, 34846, 55688, 65309]"
116395,"[96514, 97484, 7014, 2504, 31807, 13166, 88498, 12117, 104573, 49437]"
116396,"[6963, 61975, 55566, 95566, 102534, 28214, 67999, 83717, 108248, 42736]"
116397,"[25884, 81075, 84802, 65844, 54140, 31723, 39166, 9328, 104802, 44286]"
116398,"[9099, 38719, 17172, 102715, 34869, 14247, 10535, 15890, 95572, 30215]"
116399,"[74698, 99608, 44834, 103639, 63965, 24929, 45997, 20777, 84118, 94879]"
116400,"[75945, 20855, 76111, 18781, 35659, 87539, 81646, 386, 64855, 75066]"
116401,"[91116, 76599, 3428, 103622, 2877, 55901, 89562, 84271, 77920, 102938]"
116402,"[22300, 102326, 103111, 16237, 29281, 59495, 41062, 93168, 90719, 103270]"
116403,"[43198, 8881, 56186, 44825, 92960, 86101, 26336, 22016, 11228, 62313]"
116404,"[72046, 58335, 55719, 44510, 101454, 59973, 106926, 3556, 50653, 75888]"
116405,"[14359, 59550, 91433, 60203, 16552, 69304, 18222, 2531, 29933, 70033]"
116406,"[104759, 105873, 11541, 70901, 107262, 6069, 8294, 26680, 88467, 109002]"
116407,"[3042, 52280, 9369, 82181, 24520, 18358, 56479, 15056, 11673, 59013]"
116408,"[59867, 16196, 47152, 31326, 34527, 63763, 106451, 34741, 24833, 103294]"
116409,"[34725, 59845, 101078, 31483, 108791, 72516, 66991, 57072, 17142, 41864]"
116410,"[39247, 39354, 12950, 84856, 13111, 7129, 10682, 66508, 77520, 69696]"
116411,"[18339, 37637, 36564, 98687, 34526, 4901, 77918, 23281, 84319, 78130]"
116412,"[35936, 92343, 23239, 102367, 53095, 55231, 18070, 80065, 46922, 68849]"
116413,"[43842, 87964, 49090, 96204, 91117, 26546, 78028, 76340, 108280, 49437]"
116414,"[105664, 38101, 19579, 52288, 92219, 86861, 23494, 80087, 37082, 95657]"
116415,"[98802, 66074, 94373, 12821, 2405, 54131, 14433, 66742, 30302, 30626]"
116416,"[103999, 90558, 25666, 37521, 53725, 96827, 38402, 47088, 37148, 60216]"
116417,"[24771, 103975, 108755, 16629, 11930, 28318, 99178, 107162, 24277, 67684]"
116418,"[96592, 81626, 6704, 28443, 77808, 104208, 6462, 756, 99516, 96290]"
116419,"[108947, 100147, 25888, 71566, 79159, 51770, 9650, 59537, 100398, 2572]"
116420,"[67688, 105852, 68095, 54558, 68863, 40338, 14195, 96320, 79527, 57685]"
116421,"[94043, 27121, 72903, 67219, 5630, 27297, 45959, 91491, 21360, 12322]"
116422,"[79480, 29019, 54371, 104419, 22255, 21589, 89123, 52031, 38075, 22712]"
116423,"[44677, 101863, 87535, 71043, 55867, 101281, 92941, 83795, 42532, 98500]"
116424,"[56303, 108541, 105864, 17843, 54396, 25203, 13264, 53544, 9021, 65695]"
116425,"[102204, 4933, 55780, 39920, 109203, 14087, 38557, 33508, 65832, 5667]"
116426,"[29553, 47000, 61145, 80340, 100224, 45073, 23532, 88149, 47617, 57729]"
116427,"[49172, 31136, 106137, 84408, 84671, 42845, 69410, 72561, 90082, 7562]"
116428,"[29034, 28860, 51632, 71977, 70791, 7756, 29614, 52168, 92232, 75529]"
116429,"[109244, 69427, 68734, 45278, 21167, 16595, 5257, 1479, 78384, 87608]"
116430,"[12461, 69012, 4801, 53060, 14387, 33009, 9798, 4885, 14320, 9922]"
116431,"[8017, 18390, 72086, 69652, 82000, 21197, 99306, 24252, 77721, 105051]"
116432,"[84262, 69800, 108777, 21936, 58885, 78286, 86679, 85469, 101730, 70600]"
116433,"[53492, 9799, 98608, 104681, 92210, 27328, 21277, 22655, 99546, 93417]"
116434,"[75622, 50182, 13164, 96388, 35740, 73159, 94749, 42489, 99081, 7691]"
116435,"[44018, 66889, 25386, 94537, 30215, 28494, 91235, 31903, 104294, 47808]"
116436,"[34143, 4787, 72680, 53273, 49769, 19568, 11918, 22138, 55927, 21937]"
116437,"[28145, 69963, 101955, 37402, 30221, 94191, 73560, 33176, 26727, 24765]"
116438,"[102559, 6119, 61606, 25961, 99249, 85364, 24536, 2134, 20445, 36956]"
116439,"[41329, 14938, 22260, 98859, 7219, 17762, 41177, 87454, 35434, 11024]"
116440,"[92174, 69375, 100974, 35492, 85899, 90529, 60496, 21475, 90457, 75103]"
116441,"[42967, 85830, 2954, 34343, 109041, 54391, 96309, 81863, 65623, 104004]"
116442,"[52259, 108203, 45452, 20376, 26496, 11515, 86915, 2316, 68285, 107435]"
116443,"[69496, 20037, 11481, 102567, 31791, 50084, 83684, 75438, 96785, 52676]"
116444,"[65876, 52307, 60119, 73892, 81555, 84471, 61059, 11521, 45212, 65248]"
116445,"[65598, 88456, 10343, 37772, 5758, 92905, 89639, 21457, 58287, 86386]"
116446,"[22124, 24322, 35068, 11822, 84979, 65972, 94209, 90071, 93069, 47931]"
116447,"[54817, 96139, 30552, 27345, 27382, 99414, 108472, 85377, 53167, 75038]"
116448,"[63186, 15668, 36082, 103607, 41084, 37427, 66764, 88106, 34450, 47198]"
116449,"[102038, 6862, 43191, 95296, 64379, 62578, 109487, 98407, 95185, 56473]"
116450,"[79363, 83286, 55176, 61278, 53766, 42278, 89802, 87669, 95738, 88832]"
116451,"[92073, 61726, 7248, 33334, 36381, 19518, 22786, 84154, 42005, 27760]"
116452,"[48252, 82413, 89168, 99517, 107198, 47999, 102579, 95843, 37854, 42248]"
116453,"[72773, 108305, 46742, 47776, 2939, 25067, 81778, 37471, 68974, 8732]"
116454,"[50971, 58662, 37674, 13937, 93750, 91554, 11281, 85133, 89738, 71935]"
116455,"[21322, 77754, 80098, 88769, 447, 67636, 4997, 97453, 11298, 4111]"
116456,"[95352, 24150, 28042, 75176, 2640, 97373, 63585, 107197, 31527, 48458]"
116457,"[42747, 28826, 85042, 8533, 23980, 75898, 26302, 41116, 67322, 86201]"
116458,"[62828, 53765, 8155, 61634, 93808, 15678, 48155, 71784, 17211, 100963]"
116459,"[30555, 8204, 53766, 101753, 19014, 88015, 42647, 41017, 71563, 104528]"
116460,"[73146, 19867, 63151, 56031, 65112, 47184, 57093, 99598, 8864, 95104]"
116461,"[3717, 82578, 93443, 11117, 17403, 92250, 13731, 67780, 40537, 14825]"
116462,"[73589, 95536, 26231, 57980, 104286, 30095, 102368, 25970, 66736, 10944]"
116463,"[74374, 53714, 84931, 18329, 75999, 51562, 23302, 100162, 93665, 29784]"
116464,"[40998, 26437, 64117, 15088, 21218, 63609, 34869, 19076, 38719, 9283]"
116465,"[29713, 74411, 107765, 42312, 58698, 91375, 23037, 44651, 109289, 401]"
116466,"[28795, 23009, 67892, 71142, 92927, 92566, 100308, 92336, 60471, 10331]"
116467,"[93289, 75848, 78817, 78115, 15742, 43295, 84448, 5982, 50985, 34331]"
116468,"[71172, 74858, 8356, 54534, 71664, 84116, 73405, 49259, 76265, 65737]"
116469,"[82985, 14340, 68736, 103459, 75443, 69915, 93369, 88610, 75359, 12499]"
116470,"[100445, 21187, 102658, 58865, 77280, 80996, 88297, 82834, 72081, 89645]"
116471,"[53703, 22459, 35609, 34443, 12608, 91589, 6054, 99560, 52501, 43630]"
116472,"[60428, 55676, 52709, 101747, 40416, 90814, 52116, 76573, 66022, 42051]"
116473,"[59922, 5080, 50270, 59415, 17843, 92841, 32149, 60912, 90960, 44656]"
116474,"[96262, 100438, 101544, 42586, 102420, 66144, 97758, 10326, 6081, 68388]"
116475,"[26662, 51836, 9198, 70958, 98611, 96548, 89121, 62782, 83155, 21109]"
116476,"[43366, 33449, 36378, 101613, 66145, 81217, 104151, 14660, 98750, 60571]"
116477,"[6911, 63726, 64397, 64960, 3446, 53065, 2792, 72791, 42343, 7680]"
116478,"[48468, 59971, 45168, 104849, 76148, 12076, 97341, 48307, 92232, 35364]"
116479,"[84703, 40672, 6989, 42379, 22135, 92726, 52431, 2146, 30147, 7794]"
116480,"[56337, 89944, 77958, 38678, 32617, 37546, 20871, 42198, 27422, 46640]"
116481,"[79671, 48021, 80232, 4761, 64137, 14346, 79177, 47269, 106874, 88182]"
116482,"[78566, 11547, 102265, 21347, 68514, 10506, 27037, 20909, 7265, 63481]"
116483,"[62438, 44644, 84547, 58022, 92931, 44285, 9055, 38600, 26129, 60419]"
116484,"[91736, 108582, 26344, 82209, 93312, 14682, 16762, 65429, 77877, 90314]"
116485,"[72276, 93131, 55895, 22860, 13379, 102898, 3086, 31284, 2830, 50886]"
116486,"[105533, 17459, 29910, 109534, 73985, 35007, 51083, 43616, 61614, 77329]"
116487,"[97038, 22211, 77012, 18975, 31295, 14357, 7603, 47232, 8692, 88605]"
116488,"[82744, 77940, 99657, 78146, 92278, 15697, 88837, 75782, 24092, 8279]"
116489,"[5324, 2065, 80694, 19521, 90376, 6210, 93174, 29816, 43633, 75399]"
116490,"[40358, 59904, 106848, 89818, 671, 96719, 106598, 63121, 57825, 95926]"
116491,"[74821, 46420, 50144, 51421, 57193, 74950, 9130, 46133, 65159, 71313]"
116492,"[80578, 97371, 69818, 21393, 67484, 107592, 91784, 70881, 93573, 67480]"
116493,"[31269, 25916, 50294, 69691, 107473, 32673, 15119, 24995, 52893, 44941]"
116494,"[75154, 81179, 68424, 66818, 10586, 26902, 26698, 65753, 26370, 83233]"
116495,"[13282, 7172, 48332, 16288, 32860, 21245, 24464, 40730, 58242, 85066]"
116496,"[14352, 47526, 30999, 50754, 87334, 94572, 20341, 96259, 58671, 7968]"
116497,"[8875, 52440, 3670, 83837, 32099, 108845, 23504, 86951, 14295, 43897]"
116498,"[77554, 41670, 38782, 66440, 46747, 5789, 94279, 96526, 84838, 15861]"
116499,"[67131, 33180, 69914, 2582, 39200, 86906, 66857, 9611, 104468, 103783]"
116500,"[49562, 45007, 77917, 72092, 99447, 63606, 21139, 50149, 35230, 55375]"
116501,"[64386, 31776, 90571, 30476, 10636, 63362, 101633, 6732, 5243, 49762]"
116502,"[46956, 20294, 89659, 28936, 28411, 2429, 93410, 72721, 11166, 84548]"
116503,"[95162, 21436, 61203, 12163, 4940, 25246, 106707, 6694, 55332, 78025]"
116504,"[23157, 6895, 61300, 108545, 62494, 103838, 17700, 91454, 4169, 104601]"
116505,"[31672, 83793, 63461, 46501, 107141, 75186, 92304, 31907, 49416, 807]"
116506,"[96802, 70603, 11691, 3363, 69162, 32600, 36577, 89660, 48766, 27770]"
116507,"[34140, 43324, 39519, 78690, 97860, 102118, 63484, 43258, 97228, 32486]"
116508,"[48203, 62469, 40598, 19566, 73854, 81415, 25015, 106502, 4066, 60401]"
116509,"[61535, 23820, 99785, 79056, 60538, 11059, 22731, 57693, 59597, 49366]"
116510,"[63240, 36644, 66190, 18346, 83380, 67201, 11962, 37502, 93142, 86905]"
116511,"[44591, 54629, 35682, 61003, 84659, 64390, 79087, 83377, 84542, 105856]"
116512,"[79767, 96026, 69605, 4952, 4705, 56498, 104343, 1722, 90446, 50150]"
116513,"[33140, 63990, 69756, 5524, 92683, 71494, 88265, 11342, 70271, 101100]"
116514,"[4189, 70510, 66318, 25993, 35409, 3300, 106820, 30198, 58316, 51026]"
116515,"[84276, 76668, 57092, 77835, 27367, 63696, 70812, 77196, 72055, 59682]"
116516,"[58196, 5324, 11139, 90376, 2065, 40295, 10866, 26363, 77482, 67372]"
116517,"[12732, 48399, 106392, 60305, 60072, 92577, 44847, 63481, 57169, 42764]"
116518,"[97130, 64874, 108298, 10627, 104330, 2310, 23492, 8298, 108944, 45330]"
116519,"[15367, 57545, 88215, 79121, 32002, 3725, 27261, 11183, 14110, 45569]"
116520,"[59536, 39349, 17530, 102104, 39879, 75929, 42462, 97006, 23361, 57470]"
116521,"[49439, 47032, 82915, 27663, 31555, 23395, 61394, 41178, 21808, 106353]"
116522,"[86908, 97626, 44730, 35292, 100213, 5180, 12063, 75073, 30030, 69087]"
116523,"[214, 4103, 107739, 93250, 84461, 102245, 34314, 90530, 63282, 97173]"
116524,"[47787, 53990, 38764, 45912, 95014, 62031, 30238, 84207, 30596, 24384]"
116525,"[64488, 39447, 2454, 67757, 100951, 84646, 72344, 66113, 95963, 58816]"
116526,"[95572, 108021, 61894, 16839, 102715, 15890, 67774, 105934, 14247, 497]"
116527,"[72577, 42089, 62860, 27955, 26050, 90228, 56366, 41718, 31155, 46333]"
116528,"[2771, 101736, 19318, 100537, 71583, 42985, 55304, 41392, 29258, 388]"
116529,"[41125, 105482, 16591, 34223, 7015, 109095, 70502, 55112, 39137, 76195]"
116530,"[72906, 66337, 56248, 67645, 70690, 102103, 62587, 64322, 2681, 84618]"
116531,"[65132, 99134, 37068, 65089, 64368, 99481, 10100, 49189, 101101, 79509]"
116532,"[87937, 60960, 77731, 62592, 100374, 85816, 3123, 93999, 79567, 49169]"
116533,"[82567, 10594, 82744, 18749, 74548, 8520, 6438, 8279, 93110, 78147]"
116534,"[53295, 95347, 92487, 17613, 77154, 39623, 66315, 104267, 100700, 52294]"
116535,"[4599, 29183, 65603, 43231, 108736, 22225, 13031, 96389, 34476, 17509]"
116536,"[44030, 71431, 42109, 98444, 84950, 40942, 109144, 103202, 33387, 56928]"
116537,"[18777, 72862, 59815, 71364, 46741, 47471, 56993, 32670, 17707, 103768]"
116538,"[93248, 52620, 21435, 5169, 19766, 43667, 50879, 64766, 21719, 106357]"
116539,"[107259, 95892, 87667, 46936, 84431, 29121, 96276, 67884, 40442, 23286]"
116540,"[83029, 53202, 39380, 54300, 78470, 17232, 15079, 30599, 46578, 2671]"
116541,"[37691, 35122, 8858, 79847, 60613, 60, 71807, 22605, 66995, 31867]"
116542,"[73802, 74153, 32091, 14399, 47889, 64040, 40150, 13709, 29177, 45731]"
116543,"[3163, 43430, 106280, 49342, 7791, 57304, 106080, 5808, 108734, 75444]"
116544,"[87121, 6546, 64680, 57371, 100683, 24281, 97438, 46068, 71841, 19744]"
116545,"[104037, 45854, 76910, 67586, 50531, 64444, 66260, 10631, 50641, 68908]"
116546,"[33990, 16112, 3996, 95318, 44364, 58660, 81033, 82993, 22476, 61937]"
116547,"[59716, 31559, 78847, 83662, 51939, 92723, 68895, 107611, 20985, 94692]"
116548,"[32350, 44037, 36795, 84873, 53777, 6272, 54787, 55785, 53182, 63325]"
116549,"[23188, 13705, 24859, 44145, 42919, 103903, 36785, 63098, 24339, 86811]"
116550,"[75859, 24903, 34166, 2300, 17033, 72484, 52828, 39344, 23078, 90496]"
116551,"[50458, 36036, 65018, 79034, 33624, 105919, 69478, 3400, 8827, 95924]"
116552,"[16536, 79458, 15496, 99763, 99465, 105639, 94929, 29838, 50719, 22484]"
116553,"[98886, 50128, 7390, 103969, 50012, 14897, 95215, 63231, 70865, 5384]"
116554,"[93313, 42204, 16092, 35567, 64172, 17128, 25321, 93578, 41512, 69731]"
116555,"[61542, 55652, 7924, 75957, 13966, 86456, 11222, 91034, 93243, 13269]"
116556,"[106528, 100201, 42738, 21573, 54073, 59485, 97689, 59240, 92532, 19442]"
116557,"[25521, 19743, 15228, 49916, 6436, 58502, 91510, 58389, 96407, 53769]"
116558,"[38508, 39875, 64576, 65108, 20259, 16234, 48493, 78157, 57360, 106608]"
116559,"[16067, 19880, 97634, 1912, 18642, 39252, 51260, 41033, 43327, 10022]"
116560,"[106245, 58552, 45590, 80440, 29450, 67877, 15565, 45314, 96111, 97062]"
116561,"[2100, 102703, 104685, 95905, 85930, 20566, 3467, 23965, 100190, 86869]"
116562,"[27559, 40063, 103006, 64372, 8929, 14370, 26944, 18825, 15493, 44538]"
116563,"[65096, 93978, 873, 44521, 26952, 19258, 97223, 82784, 1658, 46676]"
116564,"[26809, 103007, 25179, 71215, 12933, 43288, 90307, 93766, 6486, 56499]"
116565,"[109389, 22089, 3384, 41911, 78626, 84501, 102787, 45307, 16724, 29155]"
116566,"[78938, 4913, 6562, 96567, 61192, 95634, 764, 14546, 37198, 74706]"
116567,"[29272, 109681, 32523, 59691, 11846, 50738, 11369, 45359, 73005, 94615]"
116568,"[5483, 106521, 44152, 5381, 44163, 33024, 108788, 99167, 72077, 96915]"
116569,"[39424, 37500, 14775, 95919, 4200, 32284, 8502, 108705, 41775, 61030]"
116570,"[97357, 108584, 63183, 9320, 99462, 54577, 42605, 10652, 101806, 18541]"
116571,"[105706, 95852, 47415, 65535, 8670, 96675, 96229, 24232, 34320, 95159]"
116572,"[12987, 70046, 109469, 58750, 90512, 48510, 23023, 18915, 37745, 59858]"
116573,"[3812, 31399, 35558, 43893, 62088, 40876, 24561, 14202, 57386, 74535]"
116574,"[2876, 25891, 27198, 99496, 94583, 50235, 18058, 105295, 41657, 77013]"
116575,"[49488, 107049, 71558, 59921, 27280, 32810, 42446, 45582, 96659, 23863]"
116576,"[29107, 31174, 12868, 102934, 59910, 56423, 66907, 18900, 55994, 89777]"
116577,"[28597, 20504, 40432, 83074, 14543, 46512, 57822, 40943, 74880, 40016]"
116578,"[18202, 45083, 59733, 92526, 7991, 16191, 39232, 10368, 42174, 18311]"
116579,"[39343, 42581, 28314, 63526, 77003, 61015, 105469, 91460, 59616, 75995]"
116580,"[56368, 52240, 60499, 35195, 13638, 25274, 102758, 3573, 87573, 77802]"
116581,"[103581, 103200, 36124, 60557, 91529, 105507, 92804, 44097, 3248, 92899]"
116582,"[95839, 71919, 61219, 27535, 82968, 51495, 22026, 42919, 103903, 6818]"
116583,"[95670, 21159, 73805, 32738, 47512, 22153, 79746, 21144, 28101, 109668]"
116584,"[10434, 56269, 69123, 21187, 67913, 33705, 93104, 102658, 20255, 72081]"
116585,"[71879, 15262, 62324, 36457, 94224, 54628, 60086, 82238, 8837, 49455]"
116586,"[54292, 97374, 6625, 1548, 58000, 55720, 79124, 79250, 56969, 92471]"
116587,"[62387, 68580, 14784, 86367, 92252, 36086, 42438, 69549, 84080, 74600]"
116588,"[4057, 13163, 31329, 22004, 45302, 39257, 9759, 104805, 33003, 85757]"
116589,"[62460, 4235, 18636, 76209, 46645, 83911, 20065, 97011, 9238, 85923]"
116590,"[74556, 15624, 85318, 30638, 90832, 60731, 3174, 27045, 6459, 70441]"
116591,"[34573, 55997, 84182, 82924, 14333, 12077, 44580, 78210, 92897, 36089]"
116592,"[94428, 84147, 105704, 73475, 4984, 85730, 105885, 15683, 105397, 56801]"
116593,"[30882, 51573, 19133, 45901, 62475, 101425, 74632, 95504, 15916, 52941]"
116594,"[46329, 839, 95997, 81726, 41158, 90673, 108784, 74539, 72407, 94381]"
116595,"[36426, 30216, 97206, 95881, 43646, 85323, 104065, 10470, 92509, 46588]"
116596,"[63562, 48953, 108906, 16608, 81364, 88631, 36706, 108015, 95882, 5687]"
116597,"[25855, 76288, 64685, 36804, 18637, 109543, 14379, 108085, 55146, 45282]"
116598,"[31824, 17693, 40656, 93370, 60365, 71798, 98982, 75425, 70052, 62075]"
116599,"[68387, 78168, 102424, 21964, 81982, 77843, 30591, 44763, 11847, 66574]"
116600,"[26255, 102008, 14644, 85806, 80811, 82127, 92634, 61818, 54729, 49747]"
116601,"[28680, 64178, 10569, 51321, 46127, 104200, 16701, 64968, 47470, 48495]"
116602,"[72814, 50719, 108647, 41594, 44757, 79818, 44236, 13204, 16536, 15200]"
116603,"[6333, 29103, 97655, 103437, 66412, 33903, 35634, 52138, 53056, 90151]"
116604,"[74595, 92171, 43173, 101990, 76260, 88675, 58786, 73672, 70994, 40675]"
116605,"[19268, 65704, 13162, 105142, 105512, 68319, 62275, 82680, 102408, 85937]"
116606,"[31102, 95710, 42159, 31919, 4172, 21832, 36206, 82484, 21162, 85334]"
116607,"[52366, 16299, 36166, 30902, 26496, 59629, 59475, 47081, 56942, 40141]"
116608,"[103642, 64852, 37673, 102211, 65933, 29891, 102688, 91946, 78969, 6892]"
116609,"[45600, 88611, 85548, 14288, 102108, 22264, 95579, 8588, 21700, 89578]"
116610,"[106721, 23554, 70913, 90661, 39133, 43414, 29550, 52772, 86319, 96483]"
116611,"[47878, 32684, 109037, 18159, 11266, 39257, 80387, 9660, 59144, 85878]"
116612,"[103969, 7390, 93795, 63231, 40673, 42496, 38476, 78002, 5384, 78633]"
116613,"[80352, 107583, 46137, 9468, 7180, 2022, 106801, 5435, 64539, 14471]"
116614,"[24841, 101540, 46154, 65682, 82949, 65764, 46889, 28175, 26394, 55936]"
116615,"[62639, 16225, 100247, 107285, 34617, 19462, 61277, 103328, 64018, 78169]"
116616,"[78455, 57182, 65689, 74098, 70613, 17049, 19261, 7996, 21318, 46904]"
116617,"[105608, 108102, 48479, 5622, 67028, 2518, 83239, 26473, 63137, 37098]"
116618,"[86423, 6108, 37587, 55204, 104464, 104117, 34873, 84533, 106181, 102773]"
116619,"[6023, 107965, 3762, 41185, 91678, 108429, 105669, 29421, 106363, 18313]"
116620,"[55992, 11667, 44785, 51375, 73650, 47157, 5797, 49812, 74437, 81795]"
116621,"[98219, 8710, 77169, 107484, 39209, 56276, 60710, 34163, 26189, 58788]"
116622,"[70426, 107818, 18588, 63272, 98855, 64925, 98720, 104781, 61980, 42303]"
116623,"[50947, 93994, 12811, 40412, 103519, 57762, 25389, 8493, 88278, 28976]"
116624,"[30045, 14842, 106615, 37528, 80560, 96709, 52009, 26399, 90275, 12319]"
116625,"[86218, 74152, 716, 93227, 16561, 79025, 15204, 75661, 20587, 104430]"
116626,"[13589, 70344, 98874, 11203, 10365, 32582, 46703, 26449, 62897, 20168]"
116627,"[46502, 101973, 5118, 68210, 16434, 48588, 104591, 28733, 80916, 80758]"
116628,"[2724, 32334, 35050, 99721, 56357, 73165, 63459, 13484, 82402, 6471]"
116629,"[85384, 59104, 33194, 52791, 12173, 101882, 56199, 29229, 78245, 98979]"
116630,"[88517, 25658, 49490, 11898, 90697, 54692, 1095, 75553, 24691, 27461]"
116631,"[88318, 1398, 85030, 34747, 96943, 50865, 84679, 48923, 1828, 27439]"
116632,"[66623, 41003, 90090, 99718, 63110, 49345, 27816, 78067, 56459, 35308]"
116633,"[22328, 78374, 31650, 26162, 35308, 75633, 78067, 108324, 9094, 45966]"
116634,"[87854, 57642, 25309, 23683, 30565, 108767, 15605, 8392, 19903, 85023]"
116635,"[70658, 93255, 64241, 70167, 80312, 13847, 70588, 89810, 63594, 105425]"
116636,"[13228, 47392, 57426, 97318, 84204, 86823, 48695, 32757, 22010, 60582]"
116637,"[24326, 91969, 109647, 26261, 55703, 52013, 16289, 15914, 54357, 44450]"
116638,"[19517, 3871, 21387, 33584, 48790, 11188, 108402, 97838, 14109, 10137]"
116639,"[103341, 34013, 93869, 15964, 61329, 89174, 36496, 52483, 34050, 50774]"
116640,"[103534, 67568, 23403, 106171, 109131, 13297, 38908, 51776, 45486, 86293]"
116641,"[49408, 28869, 9300, 69854, 27109, 19473, 65519, 14289, 90772, 46949]"
116642,"[89914, 91822, 37229, 93256, 104674, 8270, 106701, 93959, 100196, 96806]"
116643,"[51535, 31092, 54965, 100377, 54033, 97921, 37021, 106567, 99548, 43594]"
116644,"[14093, 5181, 97807, 22784, 80826, 60016, 93052, 11783, 52264, 51487]"
116645,"[52719, 65113, 7398, 16871, 2214, 100394, 89813, 101895, 15853, 47437]"
116646,"[109368, 108520, 86554, 26393, 69712, 102164, 61629, 23073, 105192, 32606]"
116647,"[7678, 62764, 65323, 38055, 50359, 52061, 90973, 71692, 42622, 25544]"
116648,"[44845, 39838, 101640, 57743, 79630, 96572, 783, 40888, 53709, 94590]"
116649,"[96387, 23325, 43513, 95594, 100713, 94361, 3086, 9857, 57491, 102898]"
116650,"[17181, 72332, 30493, 45684, 106556, 60510, 89958, 93926, 70286, 15442]"
116651,"[65245, 54669, 93226, 63109, 83785, 33354, 76312, 11543, 61274, 14172]"
116652,"[72907, 51337, 24225, 48018, 41087, 106302, 9633, 39945, 59513, 36531]"
116653,"[70940, 13878, 11344, 31060, 8013, 90916, 83975, 91161, 51370, 22937]"
116654,"[63617, 102176, 73129, 30825, 84155, 63167, 54244, 70754, 43769, 104956]"
116655,"[41409, 52950, 17500, 87531, 44618, 57411, 96983, 73653, 1333, 90686]"
116656,"[104919, 67480, 84111, 66767, 65155, 83721, 60832, 71903, 32520, 91576]"
116657,"[59414, 21428, 71428, 92872, 16944, 37115, 38265, 8977, 38014, 25490]"
116658,"[29995, 105340, 61350, 78863, 65911, 60495, 68666, 75559, 81275, 65300]"
116659,"[86285, 23657, 59725, 32259, 84869, 39816, 80116, 26574, 91099, 109087]"
116660,"[27663, 65606, 34402, 7452, 55030, 75777, 67434, 45898, 41178, 18037]"
116661,"[31664, 51099, 85905, 3697, 428, 13290, 26541, 4718, 50211, 7187]"
116662,"[101382, 3205, 2751, 49702, 12197, 81427, 65750, 34486, 20340, 100776]"
116663,"[109026, 51274, 54934, 4628, 88855, 36123, 82101, 28980, 44843, 108204]"
116664,"[91659, 57008, 45237, 43803, 61860, 41084, 51005, 42427, 92586, 56508]"
116665,"[40809, 25980, 55684, 31193, 99101, 58368, 90461, 73690, 26410, 71772]"
116666,"[31990, 9190, 61700, 41128, 18071, 51145, 14122, 22284, 8123, 36979]"
116667,"[23839, 6784, 48707, 96084, 28209, 47090, 96717, 2098, 78343, 73258]"
116668,"[101973, 75998, 107884, 91618, 105959, 98648, 11769, 95687, 13520, 68200]"
116669,"[25759, 30655, 8130, 67267, 14543, 95697, 83588, 69887, 107413, 72863]"
116670,"[16298, 26155, 75855, 64968, 44544, 101325, 81511, 25725, 67175, 83067]"
116671,"[70780, 72215, 70159, 62624, 43855, 8524, 49576, 23587, 78506, 56134]"
116672,"[90802, 90160, 82260, 69060, 9498, 21086, 54651, 43866, 39804, 51301]"
116673,"[66034, 53188, 53298, 76046, 23998, 80978, 26431, 107153, 86820, 71223]"
116674,"[85229, 86645, 16518, 67920, 41582, 26059, 65967, 89870, 38519, 22236]"
116675,"[7736, 79427, 85203, 100530, 97525, 6276, 26042, 17911, 15612, 96149]"
116676,"[105596, 99513, 30698, 40768, 104581, 57249, 81424, 72471, 5807, 15482]"
116677,"[74714, 56953, 64500, 19688, 9649, 100805, 35679, 28978, 46323, 7583]"
116678,"[98984, 40054, 74071, 21272, 2989, 79780, 458, 3051, 105184, 68870]"
116679,"[30661, 4066, 100695, 95547, 34135, 62907, 16892, 75113, 56314, 11747]"
116680,"[101432, 70704, 40020, 58309, 3740, 16110, 99424, 102337, 76669, 55681]"
116681,"[2427, 65198, 68742, 91572, 91545, 101149, 38356, 68225, 53604, 5710]"
116682,"[67068, 103678, 48749, 86014, 50591, 50582, 29599, 40182, 56939, 105074]"
116683,"[43827, 4808, 61811, 31289, 30968, 33921, 52449, 60771, 32839, 71424]"
116684,"[32573, 95305, 7464, 2942, 99741, 37824, 48912, 43432, 10713, 47044]"
116685,"[92245, 23290, 8664, 17449, 41308, 101867, 100542, 53928, 73454, 57742]"
116686,"[1642, 41602, 27509, 3154, 55170, 34990, 56024, 66069, 23858, 61126]"
116687,"[2207, 92435, 29606, 109152, 86159, 74400, 17397, 85156, 106631, 76702]"
116688,"[35797, 25799, 16862, 6853, 17132, 10214, 106660, 107925, 71610, 68898]"
116689,"[11894, 70904, 87580, 73482, 83930, 64049, 54128, 2601, 85, 59140]"
116690,"[72960, 81501, 33346, 7406, 1843, 68141, 54342, 109065, 27677, 77737]"
116691,"[13082, 18464, 31396, 85252, 89559, 38685, 35777, 64908, 77970, 99124]"
116692,"[62608, 92213, 10469, 55535, 30793, 38254, 5146, 78920, 56425, 13942]"
116693,"[105761, 9254, 62863, 92050, 88511, 56352, 80664, 87368, 30216, 76633]"
116694,"[71755, 88544, 25151, 13736, 84557, 17419, 104961, 54137, 108010, 63659]"
116695,"[2376, 56631, 92212, 86683, 5228, 54895, 97135, 8827, 23960, 78865]"
116696,"[76586, 43380, 34814, 80645, 42604, 53218, 6620, 94882, 32702, 101494]"
116697,"[51610, 88212, 50684, 36922, 77437, 42357, 96580, 10955, 68664, 97503]"
116698,"[58200, 96845, 41643, 64657, 35812, 63196, 87284, 76958, 53561, 75117]"
116699,"[18752, 14978, 35299, 47343, 41228, 92935, 24099, 74112, 21000, 15608]"
116700,"[40559, 75799, 38058, 79130, 22485, 79713, 28437, 105050, 83115, 45849]"
116701,"[17630, 76730, 69432, 16665, 20137, 33427, 39824, 39437, 35102, 84465]"
116702,"[23336, 84722, 53928, 85816, 45479, 65128, 61169, 106683, 77636, 108194]"
116703,"[52179, 101143, 78830, 108507, 26980, 33801, 40894, 10006, 3601, 8617]"
116704,"[30240, 68309, 53301, 56543, 95720, 98578, 50404, 34192, 57268, 14743]"
116705,"[93146, 15070, 807, 69797, 81056, 59742, 28189, 31907, 83793, 46501]"
116706,"[56959, 95125, 9408, 97175, 36049, 54962, 72321, 57848, 32784, 67291]"
116707,"[19581, 41573, 80408, 75688, 80039, 11861, 29508, 42133, 73381, 27685]"
116708,"[38871, 59176, 91882, 24518, 27526, 72252, 31001, 71263, 689, 44687]"
116709,"[4127, 1692, 28678, 105436, 1106, 57949, 79230, 108010, 71755, 30500]"
116710,"[22812, 51192, 77098, 51248, 69167, 99078, 102225, 105956, 72503, 32152]"
116711,"[3915, 98420, 105516, 100709, 54950, 85266, 57801, 64244, 49073, 91335]"
116712,"[49963, 4002, 82062, 26324, 81162, 79331, 90120, 25746, 73515, 21154]"
116713,"[106626, 24256, 14701, 100887, 1717, 10799, 104792, 97785, 9054, 75561]"
116714,"[42156, 63380, 53795, 80840, 14224, 74763, 20135, 81955, 4941, 18657]"
116715,"[107180, 60455, 36711, 36741, 16957, 64442, 106794, 28985, 43736, 3269]"
116716,"[7412, 20980, 47267, 79172, 83829, 46311, 63574, 108450, 86494, 105302]"
116717,"[106546, 84764, 95104, 14446, 90418, 57093, 5387, 40812, 18627, 82580]"
116718,"[95197, 20902, 38498, 64, 46586, 100525, 40311, 64628, 57632, 87151]"
116719,"[54969, 105360, 89833, 12242, 4222, 12478, 107370, 66314, 5099, 108070]"
116720,"[87855, 87779, 92364, 68389, 82430, 92826, 38556, 56434, 88054, 80584]"
116721,"[57124, 106749, 64075, 85317, 12713, 89814, 54901, 28596, 37312, 28487]"
116722,"[67958, 28826, 26302, 86201, 41367, 42747, 75898, 85042, 16005, 41116]"
116723,"[42750, 14748, 7518, 9197, 85878, 31712, 105281, 26652, 88636, 59144]"
116724,"[46287, 57784, 61785, 25371, 71051, 23866, 74390, 29580, 37793, 82950]"
116725,"[60428, 67464, 33364, 33885, 48936, 61463, 86080, 40450, 49273, 53859]"
116726,"[98598, 2368, 81418, 81729, 53242, 38666, 70218, 75222, 6785, 21168]"
116727,"[16292, 13938, 98543, 92912, 86717, 88965, 51584, 49058, 23832, 98080]"
116728,"[81231, 41591, 71827, 8492, 95086, 43939, 11246, 19426, 8853, 52634]"
116729,"[63381, 92005, 52427, 37016, 7417, 20169, 95265, 70828, 72240, 24540]"
116730,"[9547, 15026, 22079, 83045, 24979, 16581, 70412, 29771, 88721, 30817]"
116731,"[7074, 103147, 4068, 44171, 100296, 61036, 83749, 90269, 30901, 77347]"
116732,"[45990, 109233, 98814, 18686, 10714, 102073, 3492, 24766, 30098, 51195]"
116733,"[23221, 10927, 21117, 20822, 89596, 57646, 17767, 8488, 2981, 81499]"
116734,"[5858, 68996, 63419, 48613, 84874, 19456, 100735, 68680, 31866, 6288]"
116735,"[14072, 98168, 103571, 35409, 83583, 91388, 88133, 12614, 77903, 16664]"
116736,"[91544, 38541, 41744, 71094, 68000, 81463, 10208, 57513, 105553, 19475]"
116737,"[4189, 76166, 61799, 99141, 63955, 51351, 26579, 45230, 70209, 62388]"
116738,"[70565, 84670, 20815, 92653, 86232, 66017, 79414, 5739, 12019, 11243]"
116739,"[36871, 93619, 16532, 87533, 42683, 75436, 90698, 94398, 80085, 105691]"
116740,"[85047, 11987, 73455, 52443, 10478, 66255, 42279, 78024, 68940, 69344]"
116741,"[3480, 94444, 63028, 90777, 85176, 21602, 6566, 62167, 17287, 30663]"
116742,"[47269, 99037, 68714, 53591, 101796, 12845, 28524, 38848, 79671, 102175]"
116743,"[22794, 99091, 102388, 65173, 28749, 12371, 69051, 100799, 14172, 56302]"
116744,"[61208, 44629, 50610, 52098, 646, 83111, 104959, 16312, 87151, 63954]"
116745,"[48044, 88751, 73622, 42884, 72995, 19340, 1322, 79220, 25636, 104373]"
116746,"[108151, 9234, 45614, 65817, 48372, 1303, 40599, 48914, 10697, 56108]"
116747,"[89066, 13097, 35843, 10341, 45342, 16615, 25927, 13745, 95144, 102700]"
116748,"[90555, 4552, 83423, 2684, 68999, 55074, 53857, 59355, 30471, 53871]"
116749,"[24202, 80909, 74632, 100621, 37365, 42931, 67989, 23409, 7689, 8400]"
116750,"[36908, 10821, 69013, 34196, 57266, 97512, 18122, 35830, 25801, 66773]"
116751,"[2734, 24832, 49162, 48106, 47673, 104963, 4288, 64482, 96090, 62623]"
116752,"[81297, 52733, 98528, 37424, 85722, 31413, 39782, 88658, 50251, 102897]"
116753,"[84143, 89567, 86373, 42949, 20052, 6113, 56757, 28885, 16695, 48742]"
116754,"[59877, 32549, 20556, 44817, 74310, 63756, 48087, 79412, 80559, 109096]"
116755,"[15165, 107466, 35711, 61899, 22983, 35569, 35654, 4721, 79202, 33050]"
116756,"[14424, 60957, 103211, 39979, 89450, 73858, 36211, 108011, 24677, 3604]"
116757,"[8086, 29681, 62508, 93438, 79433, 37713, 45294, 94257, 33960, 19444]"
116758,"[21951, 21739, 5177, 55114, 58385, 74444, 62893, 66942, 47988, 56060]"
116759,"[98195, 59592, 87409, 30691, 84349, 88901, 94553, 2800, 13523, 41998]"
116760,"[63303, 13346, 86477, 101822, 34447, 98585, 17283, 70465, 49195, 45334]"
116761,"[68247, 38655, 9460, 1003, 92837, 51128, 15766, 38004, 48742, 43514]"
116762,"[27516, 54855, 109726, 45908, 41153, 104723, 85875, 85428, 15597, 103016]"
116763,"[40709, 101501, 71842, 47479, 45795, 67907, 80602, 99356, 7622, 21579]"
116764,"[62262, 19084, 73751, 60039, 68291, 35773, 58270, 54774, 9937, 103679]"
116765,"[64008, 23988, 79890, 46299, 70452, 61268, 25057, 46355, 76852, 51778]"
116766,"[6298, 30123, 94290, 35418, 83245, 9445, 8226, 65721, 68356, 28111]"
116767,"[9722, 99423, 61996, 12765, 60468, 79341, 67297, 105202, 101821, 59162]"
116768,"[26961, 35560, 50427, 95994, 96619, 9677, 73327, 47251, 86405, 68592]"
116769,"[88683, 45355, 50259, 95212, 46731, 68027, 102714, 47952, 101274, 13151]"
116770,"[55202, 70615, 82054, 92925, 60176, 26758, 36181, 84941, 43383, 90206]"
116771,"[50643, 58433, 6249, 38902, 81888, 79097, 63944, 87188, 20, 26513]"
116772,"[48707, 18945, 105229, 86538, 107917, 17353, 28209, 83123, 23839, 31737]"
116773,"[12755, 32915, 26914, 83331, 47403, 32305, 40902, 31941, 62391, 47364]"
116774,"[47750, 88188, 99654, 51712, 27982, 57946, 50932, 84148, 39308, 90669]"
116775,"[104870, 6352, 26352, 10876, 98051, 66083, 103402, 7747, 55686, 1867]"
116776,"[41111, 12965, 17262, 21677, 80103, 17797, 1738, 53945, 81896, 76322]"
116777,"[89154, 102200, 57798, 69414, 107379, 47625, 78223, 94363, 82661, 942]"
116778,"[104084, 5281, 54816, 42060, 98282, 108005, 21028, 104019, 12430, 9839]"
116779,"[68470, 14867, 49218, 37595, 84053, 13363, 86855, 51185, 105046, 16152]"
116780,"[53818, 62403, 61866, 96874, 54546, 19112, 66082, 46310, 91638, 56256]"
116781,"[103490, 33120, 49546, 52817, 60769, 50964, 80163, 6514, 103262, 804]"
116782,"[61996, 26257, 105202, 99423, 44039, 12765, 60468, 67109, 79341, 9722]"
116783,"[107371, 95412, 473, 37463, 23846, 74985, 43708, 18296, 81062, 97955]"
116784,"[96124, 52342, 1994, 29555, 4195, 24704, 67144, 10808, 6101, 28307]"
116785,"[75763, 79029, 73375, 18926, 70825, 27492, 99820, 45744, 68519, 10804]"
116786,"[46891, 39542, 43325, 95936, 13619, 103886, 3991, 85829, 62838, 45244]"
116787,"[84020, 24416, 83140, 93156, 78071, 38081, 34204, 84208, 79309, 31604]"
116788,"[100905, 47404, 38940, 53801, 98808, 87811, 15189, 89095, 105187, 299]"
116789,"[45480, 56687, 54639, 65275, 71590, 28986, 108198, 40757, 86802, 78598]"
116790,"[104292, 89356, 61006, 2232, 47105, 102352, 85207, 11197, 99610, 58276]"
116791,"[54178, 59102, 33600, 105127, 99369, 3939, 105380, 64573, 37882, 31771]"
116792,"[913, 83160, 9020, 18524, 44961, 99464, 79020, 16741, 68488, 105600]"
116793,"[76788, 30008, 16161, 63644, 45437, 5712, 22621, 64641, 32232, 84617]"
116794,"[80630, 26630, 63354, 9999, 12736, 37413, 51560, 18969, 38371, 53347]"
116795,"[58576, 105834, 56149, 52331, 49957, 60905, 38630, 78713, 25480, 88076]"
116796,"[87900, 37786, 16498, 35100, 38860, 109372, 6753, 71478, 55194, 55603]"
116797,"[8180, 52842, 34495, 5376, 22854, 42151, 106393, 105987, 69119, 108288]"
116798,"[63959, 67896, 68962, 36415, 81914, 83936, 26004, 84982, 100755, 41552]"
116799,"[68193, 57153, 34605, 88244, 14793, 11273, 31419, 66802, 92009, 57544]"
116800,"[84243, 13590, 4875, 75219, 39329, 51761, 108199, 56654, 6795, 76270]"
116801,"[31007, 30600, 66821, 27985, 56295, 87052, 38829, 76934, 6658, 34694]"
116802,"[91633, 89769, 19549, 7170, 99823, 99732, 15721, 81316, 79459, 17097]"
116803,"[60152, 4394, 104157, 31072, 93148, 26794, 6935, 61955, 105817, 49206]"
116804,"[42446, 62971, 59921, 27280, 65557, 49488, 38028, 106670, 107049, 64536]"
116805,"[41166, 94811, 18736, 66295, 70194, 24288, 6783, 98700, 95792, 816]"
116806,"[1330, 41366, 29338, 52474, 54341, 24786, 15843, 22320, 58891, 40626]"
116807,"[91552, 44417, 85843, 59602, 104010, 34240, 12318, 89213, 89741, 16186]"
116808,"[44285, 50795, 48533, 103015, 70712, 96216, 1393, 38600, 42944, 76981]"
116809,"[95632, 107624, 24170, 96518, 57869, 70092, 97174, 108473, 30310, 55001]"
116810,"[78136, 40957, 55978, 90824, 54419, 91150, 4934, 79563, 26427, 57146]"
116811,"[25178, 101802, 2851, 74377, 32705, 88112, 68951, 73945, 102705, 48858]"
116812,"[8355, 68723, 8619, 83751, 54320, 13541, 89241, 5617, 32908, 80005]"
116813,"[100941, 11148, 58504, 105190, 3247, 105108, 43552, 83551, 75516, 36128]"
116814,"[56139, 32509, 108903, 18096, 81081, 108002, 22957, 43955, 37398, 40093]"
116815,"[51329, 2326, 67259, 49222, 5768, 79168, 85964, 70725, 34619, 22252]"
116816,"[95437, 108880, 23457, 94746, 47418, 2480, 79491, 18689, 14689, 73377]"
116817,"[26779, 5087, 56829, 59410, 59555, 59268, 13526, 21984, 20595, 72062]"
116818,"[24763, 73144, 67888, 96674, 35439, 49533, 81112, 99834, 25250, 11307]"
116819,"[89210, 37321, 93980, 22510, 5941, 8024, 39652, 19608, 53363, 41431]"
116820,"[59845, 8631, 14118, 95292, 34725, 89228, 57072, 41864, 15600, 74696]"
116821,"[74389, 61723, 87045, 64877, 8456, 100765, 12645, 7593, 91315, 32063]"
116822,"[77761, 96673, 11969, 27768, 61158, 81403, 56380, 97058, 77709, 25723]"
116823,"[63243, 93457, 78605, 106649, 46249, 86655, 102266, 38526, 38674, 51986]"
116824,"[35190, 5170, 89621, 66298, 104868, 29289, 66552, 70448, 4616, 76002]"
116825,"[104255, 28116, 22791, 43864, 109418, 13693, 103019, 2408, 1631, 3605]"
116826,"[40764, 21149, 9201, 26007, 85619, 22952, 98430, 99278, 107803, 107563]"
116827,"[20692, 39495, 69886, 72472, 13051, 43860, 97753, 63029, 66762, 108831]"
116828,"[18622, 5474, 84157, 91100, 88617, 16258, 103314, 12790, 53180, 97397]"
116829,"[108371, 13732, 5036, 86490, 76574, 59571, 107488, 23698, 33243, 44609]"
116830,"[100671, 32639, 61366, 21977, 79255, 104646, 38590, 46772, 40013, 54874]"
116831,"[33811, 12991, 61503, 30538, 2039, 88282, 93932, 1664, 15006, 81587]"
116832,"[73468, 7435, 109234, 91099, 28981, 71470, 98823, 28143, 105772, 37715]"
116833,"[72613, 11830, 42729, 30749, 104299, 24271, 61049, 44807, 85170, 73083]"
116834,"[523, 86909, 5499, 29922, 15433, 19917, 83799, 58275, 69256, 84162]"
116835,"[61760, 96995, 90407, 86075, 40217, 51477, 89103, 38175, 68796, 61126]"
116836,"[26625, 75503, 81334, 103773, 96076, 58187, 87753, 21762, 21736, 108038]"
116837,"[107711, 22993, 59257, 31906, 7865, 4091, 21273, 74133, 103244, 421]"
116838,"[108173, 9224, 53919, 36930, 6676, 10172, 11212, 34332, 106754, 31295]"
116839,"[67027, 69487, 100091, 89138, 29469, 93506, 86889, 28036, 75544, 55497]"
116840,"[102777, 99898, 85874, 108509, 36035, 3759, 65290, 36202, 35543, 30915]"
116841,"[66848, 96871, 108355, 29117, 29334, 26047, 14865, 40609, 50909, 27067]"
116842,"[1049, 19570, 54660, 51002, 23270, 83938, 97498, 47329, 105988, 88501]"
116843,"[43354, 36742, 21264, 50214, 104864, 30217, 56424, 36019, 23945, 105989]"
116844,"[78652, 77621, 76666, 106729, 57384, 99111, 51515, 10521, 96681, 96430]"
116845,"[36568, 59902, 9201, 39661, 46452, 11877, 89120, 28179, 67158, 82709]"
116846,"[47738, 79367, 34190, 61745, 37680, 63589, 54364, 5618, 27807, 12929]"
116847,"[102029, 109245, 17467, 19286, 40302, 80693, 59202, 52061, 7090, 95715]"
116848,"[87867, 109727, 8527, 27708, 52150, 81439, 56879, 97263, 86618, 41683]"
116849,"[15011, 54873, 79395, 31825, 9259, 8438, 43984, 13734, 14060, 52354]"
116850,"[2826, 5750, 66176, 2411, 66561, 58684, 79381, 11362, 53004, 82737]"
116851,"[87572, 34718, 102526, 49679, 46407, 41641, 52081, 42199, 2331, 48631]"
116852,"[10592, 76945, 91834, 104540, 13702, 2650, 62484, 22291, 65777, 62263]"
116853,"[104665, 12672, 59272, 85911, 95433, 78956, 40766, 90147, 92817, 9557]"
116854,"[22031, 66470, 44132, 31662, 36582, 7752, 3126, 30785, 28088, 3510]"
116855,"[79167, 44230, 11985, 66711, 74231, 36201, 35029, 81449, 76445, 86627]"
116856,"[65365, 3860, 94866, 85541, 42643, 30436, 5943, 18350, 20005, 77459]"
116857,"[45561, 100142, 95444, 24650, 1469, 69690, 57682, 64978, 35455, 81978]"
116858,"[52387, 49433, 103589, 69779, 20496, 3994, 63124, 9417, 10890, 93423]"
116859,"[85286, 8823, 27398, 73605, 95975, 107830, 21039, 96541, 105982, 58474]"
116860,"[91400, 56182, 22822, 96956, 57530, 40045, 44501, 76868, 50541, 54993]"
116861,"[95238, 7096, 53447, 68857, 75319, 6809, 92030, 41870, 50713, 27415]"
116862,"[80255, 6383, 69407, 42029, 93091, 105126, 40596, 94566, 28181, 2018]"
116863,"[63657, 63180, 56308, 66573, 6734, 15035, 98288, 15797, 45341, 48432]"
116864,"[74632, 28573, 26415, 101425, 96768, 16057, 85072, 80909, 62475, 45901]"
116865,"[94363, 69414, 57028, 9846, 107379, 67946, 106963, 6501, 61991, 15576]"
116866,"[103490, 33120, 80163, 49546, 2754, 52817, 12610, 6279, 18464, 85252]"
116867,"[80959, 12801, 102541, 20289, 74232, 17027, 22591, 56472, 81451, 99367]"
116868,"[104980, 45735, 35643, 93739, 64522, 17251, 39682, 31565, 46515, 39509]"
116869,"[64440, 22468, 108769, 99647, 103613, 23842, 103161, 42141, 17740, 101490]"
116870,"[52006, 100604, 69207, 17116, 105768, 65998, 42041, 58904, 30184, 33473]"
116871,"[51150, 56157, 35239, 32767, 76202, 94185, 5191, 87312, 45893, 41953]"
116872,"[44248, 18575, 54980, 37980, 51129, 63992, 50213, 53734, 64734, 20000]"
116873,"[70308, 106462, 10622, 51820, 1260, 92996, 89586, 62090, 102980, 32804]"
116874,"[63209, 20295, 33406, 30624, 108588, 85655, 10028, 41621, 93405, 38585]"
116875,"[56281, 84936, 54850, 103927, 46594, 26789, 101310, 78095, 43147, 24043]"
116876,"[3561, 21133, 9790, 49417, 3935, 22032, 5538, 11182, 12486, 28672]"
116877,"[4332, 28354, 22901, 35784, 31462, 92220, 23320, 43976, 36015, 53914]"
116878,"[12338, 17868, 4042, 1376, 105283, 66182, 14288, 23838, 102108, 108226]"
116879,"[27300, 47885, 83494, 30694, 92205, 51502, 81337, 70982, 5406, 26100]"
116880,"[109717, 36938, 9047, 17698, 80153, 66280, 3941, 37533, 94460, 6495]"
116881,"[12341, 57734, 104239, 7939, 88942, 32694, 116, 75906, 49011, 19116]"
116882,"[1310, 47752, 103926, 61649, 65105, 87636, 89565, 82320, 75772, 29374]"
116883,"[46866, 53166, 44170, 75636, 82106, 72263, 42050, 20103, 12825, 61572]"
116884,"[98464, 98094, 67486, 100502, 69417, 6407, 83386, 66719, 25776, 3062]"
116885,"[24188, 6642, 55923, 36456, 108272, 107692, 90163, 60033, 84219, 95307]"
116886,"[62984, 98193, 15080, 63873, 56933, 102455, 50475, 98941, 65710, 21057]"
116887,"[74080, 49273, 83668, 48894, 22821, 54200, 999, 7840, 11891, 20404]"
116888,"[92462, 6955, 17979, 108312, 105628, 103173, 8442, 43546, 15315, 31014]"
116889,"[7068, 452, 89539, 2175, 100645, 54119, 7363, 62532, 4769, 75140]"
116890,"[90473, 9364, 96325, 87439, 2980, 33718, 58532, 14315, 37252, 84413]"
116891,"[70987, 96765, 83836, 61984, 1696, 36813, 94470, 108260, 10162, 4243]"
116892,"[81621, 68425, 96581, 98641, 52799, 15560, 109124, 50981, 101162, 73989]"
116893,"[47638, 102953, 21639, 16942, 69937, 83622, 37805, 87471, 42979, 43161]"
116894,"[107325, 92738, 75909, 86168, 76710, 3657, 4859, 94081, 36710, 49183]"
116895,"[9944, 66489, 33618, 81695, 28382, 61428, 73020, 55879, 102311, 69003]"
116896,"[78480, 10232, 78740, 92141, 11684, 4469, 59035, 17209, 62390, 103218]"
116897,"[27457, 91586, 53451, 76211, 11115, 45402, 12127, 29788, 89013, 75038]"
116898,"[42098, 25083, 22960, 56642, 27557, 32672, 39485, 106301, 91141, 101729]"
116899,"[96487, 84807, 83672, 29027, 34362, 74195, 36721, 9567, 63012, 103431]"
116900,"[104829, 105690, 77989, 82784, 19200, 33671, 79117, 81686, 42697, 1658]"
116901,"[60924, 98685, 15353, 20350, 36554, 42182, 11826, 31478, 59010, 101920]"
116902,"[94080, 15834, 98258, 56397, 89576, 7854, 92247, 105506, 93255, 91018]"
116903,"[90744, 71301, 41882, 66843, 8951, 70329, 29355, 94074, 22312, 49064]"
116904,"[6574, 49339, 8395, 84234, 43489, 27520, 25448, 95306, 65723, 7609]"
116905,"[82151, 48438, 54034, 51808, 47402, 66803, 80095, 56721, 104359, 7676]"
116906,"[82549, 73999, 62304, 16544, 3550, 36751, 95587, 21680, 36342, 104436]"
116907,"[59216, 75062, 91283, 46423, 65946, 16998, 60783, 27143, 23864, 80805]"
116908,"[26285, 108391, 19389, 61981, 53541, 47087, 74675, 43760, 12584, 77092]"
116909,"[33331, 39813, 65136, 47502, 41714, 37102, 64462, 4904, 17167, 2966]"
116910,"[56583, 48535, 107643, 11100, 18157, 67169, 41007, 57579, 31670, 105392]"
116911,"[88725, 84480, 52910, 73721, 8535, 11551, 19779, 106191, 83935, 84655]"
116912,"[8305, 88059, 91071, 46418, 75552, 83126, 55369, 74047, 69096, 57402]"
116913,"[17983, 44069, 82397, 94907, 81082, 101159, 60006, 81152, 103382, 47290]"
116914,"[82652, 18625, 57990, 80268, 15297, 32972, 6933, 31940, 99429, 29382]"
116915,"[52051, 15738, 15975, 16206, 90385, 103452, 82183, 26435, 60736, 54830]"
116916,"[49344, 74217, 72986, 106603, 19286, 109245, 80693, 104150, 62603, 49743]"
116917,"[58883, 23163, 24930, 37212, 30386, 23118, 51616, 39725, 63003, 88440]"
116918,"[76080, 78193, 5664, 70010, 25481, 30654, 75827, 72714, 108012, 83592]"
116919,"[67282, 87346, 46300, 18404, 28057, 30861, 86681, 40371, 12296, 58292]"
116920,"[96794, 52196, 3776, 53946, 7982, 47352, 84314, 52372, 7040, 50966]"
116921,"[69776, 80559, 24787, 73086, 97932, 86723, 82012, 84720, 20556, 102804]"
116922,"[68702, 45786, 21149, 82059, 26007, 35022, 22952, 40764, 45416, 75016]"
116923,"[15985, 54162, 22208, 7793, 84629, 47136, 96347, 1804, 106961, 103143]"
116924,"[48114, 19883, 25110, 36714, 58303, 55426, 23700, 68761, 47813, 33358]"
116925,"[33380, 3827, 43814, 40483, 87703, 15621, 21243, 32824, 61414, 80656]"
116926,"[13457, 104411, 106243, 55525, 66484, 46509, 4572, 8031, 7075, 96353]"
116927,"[79099, 23389, 36559, 83645, 105662, 98562, 44581, 106347, 6589, 98921]"
116928,"[66455, 68005, 2376, 79828, 9221, 54807, 24864, 100734, 40258, 33176]"
116929,"[18748, 31363, 94675, 21115, 8545, 108863, 10419, 28677, 82973, 91704]"
116930,"[90623, 30751, 92761, 49302, 11731, 2441, 29103, 70755, 55037, 82253]"
116931,"[90981, 34931, 76333, 88977, 76056, 45853, 78165, 44727, 76287, 66486]"
116932,"[52755, 85494, 83935, 17463, 89833, 442, 102885, 40601, 60012, 38102]"
116933,"[24265, 66612, 106438, 71165, 55959, 10896, 73602, 70302, 93852, 19493]"
116934,"[74494, 75158, 54688, 74837, 30379, 54216, 98030, 104564, 59293, 103429]"
116935,"[21469, 63547, 79202, 84949, 69719, 62140, 92667, 7179, 79183, 107153]"
116936,"[72540, 86292, 10546, 14046, 45170, 17798, 5449, 55588, 66965, 37863]"
116937,"[96244, 22373, 24520, 44041, 83279, 59787, 64166, 11825, 105290, 32107]"
116938,"[53442, 37436, 15411, 43579, 95918, 61124, 30923, 27195, 2942, 98429]"
116939,"[40355, 71726, 65715, 71237, 74243, 78686, 22607, 81780, 7597, 45438]"
116940,"[1752, 23305, 8324, 109523, 60861, 92978, 54224, 85184, 713, 8142]"
116941,"[30379, 97935, 27682, 64639, 100128, 24362, 93548, 105981, 94258, 94685]"
116942,"[35472, 68953, 22023, 64257, 70262, 101808, 91536, 98662, 20151, 69366]"
116943,"[36856, 5293, 54826, 10765, 58441, 59585, 75034, 25231, 91972, 78289]"
116944,"[103815, 97797, 37835, 102931, 32616, 96340, 18319, 90249, 51049, 97538]"
116945,"[14688, 67824, 53975, 70902, 25043, 28753, 60295, 21129, 81232, 29045]"
116946,"[31930, 105501, 76783, 94846, 31220, 62309, 85297, 68820, 13625, 49527]"
116947,"[5447, 92835, 90354, 67407, 75024, 31318, 2297, 87576, 38735, 79496]"
116948,"[91454, 7213, 104601, 15922, 81640, 61300, 16651, 61304, 47312, 6895]"
116949,"[1708, 24171, 32530, 95091, 3777, 106950, 4657, 40621, 3350, 94698]"
116950,"[404, 38140, 53569, 77263, 58458, 109694, 39678, 48740, 105114, 50309]"
116951,"[47550, 102110, 83270, 21123, 106672, 79904, 59196, 13376, 18282, 30111]"
116952,"[14235, 7206, 106927, 52158, 58192, 30977, 68163, 49090, 87964, 77873]"
116953,"[90176, 103967, 84662, 94312, 56877, 57406, 11253, 40223, 38460, 15687]"
116954,"[97097, 81917, 47135, 79060, 58374, 52381, 84631, 63797, 35909, 95790]"
116955,"[82870, 94471, 80922, 51480, 71084, 49171, 53099, 94739, 832, 27217]"
116956,"[100834, 40156, 34645, 54992, 23496, 47536, 88797, 15542, 93881, 31811]"
116957,"[84700, 38532, 24770, 71295, 39773, 91677, 49736, 104842, 79608, 88759]"
116958,"[11707, 66654, 83089, 46983, 107948, 58483, 41820, 67138, 106452, 108688]"
116959,"[1448, 96046, 37116, 14123, 87493, 10605, 46185, 93449, 97113, 74234]"
116960,"[29378, 49580, 90692, 9911, 55415, 90589, 67919, 74093, 106796, 61574]"
116961,"[73233, 6581, 53728, 24108, 30144, 70949, 28052, 4406, 1476, 76549]"
116962,"[17956, 95568, 36973, 49690, 65430, 82030, 103700, 53336, 46342, 4606]"
116963,"[38424, 66880, 54409, 87682, 56750, 72127, 90763, 104799, 61319, 61282]"
116964,"[22622, 37168, 47084, 75912, 47584, 19533, 86784, 34173, 40264, 57489]"
116965,"[69352, 98560, 34581, 64753, 52344, 37263, 64573, 102146, 62026, 36067]"
116966,"[54717, 91771, 60135, 30671, 70755, 45049, 66298, 82253, 71095, 39445]"
116967,"[48081, 52122, 63657, 45260, 4516, 6734, 76013, 45341, 15014, 35560]"
116968,"[88116, 32245, 13849, 74943, 91550, 36357, 68050, 63647, 86390, 6463]"
116969,"[79657, 33504, 9258, 56765, 31477, 76877, 100750, 40300, 33550, 62324]"
116970,"[83352, 9199, 36328, 87584, 5579, 15632, 99858, 84226, 59686, 84536]"
116971,"[39146, 41312, 61831, 57009, 40703, 36352, 16861, 97564, 37971, 94354]"
116972,"[100369, 2695, 106729, 26183, 30917, 22008, 81629, 77349, 31595, 70575]"
116973,"[93158, 100666, 87065, 89970, 72090, 68541, 103441, 17475, 69799, 5184]"
116974,"[87219, 97020, 30107, 14090, 42975, 94665, 91743, 90526, 21315, 16695]"
116975,"[104822, 106756, 106223, 10394, 90097, 56588, 105391, 18161, 73627, 54951]"
116976,"[71981, 54157, 104199, 84097, 90519, 74485, 44525, 20056, 74149, 99118]"
116977,"[21358, 1353, 46093, 57491, 28963, 85733, 23653, 95751, 94361, 58948]"
116978,"[85836, 51585, 78993, 4873, 73451, 882, 72370, 68652, 49972, 18062]"
116979,"[75987, 23975, 36894, 104784, 87899, 14827, 60782, 49188, 39461, 108659]"
116980,"[82191, 71260, 56668, 55823, 22241, 12988, 108041, 38618, 14148, 5800]"
116981,"[13112, 2765, 97554, 80130, 63404, 16826, 64320, 108945, 17900, 1270]"
116982,"[66769, 46734, 77279, 29702, 77378, 19050, 58805, 96912, 21702, 70275]"
116983,"[27358, 178, 98134, 50155, 82686, 18223, 74929, 59103, 47644, 69585]"
116984,"[87112, 53276, 58365, 102452, 25300, 81442, 43992, 35952, 57686, 18955]"
116985,"[58422, 101899, 60257, 51344, 69041, 20804, 25063, 35623, 74866, 100614]"
116986,"[22476, 87824, 41046, 34039, 37414, 5995, 85406, 62643, 81033, 101631]"
116987,"[73312, 12050, 22549, 65666, 7485, 46169, 26466, 108542, 12446, 29171]"
116988,"[20810, 37129, 93292, 42887, 28608, 63343, 106274, 50841, 58631, 52794]"
116989,"[55719, 74197, 50653, 38029, 39206, 48232, 36775, 90868, 7108, 58335]"
116990,"[97764, 106163, 56027, 56680, 64441, 4168, 63790, 19844, 83380, 96914]"
116991,"[97892, 67278, 51057, 72135, 92641, 203, 78494, 30692, 85332, 81818]"
116992,"[284, 62291, 27356, 60050, 87499, 96268, 96735, 30196, 40539, 43374]"
116993,"[8201, 70399, 109380, 28272, 96789, 67707, 16973, 11191, 69457, 1960]"
116994,"[45212, 106575, 13542, 53100, 78704, 45045, 2152, 76918, 7490, 85769]"
116995,"[109041, 24442, 48020, 2788, 47318, 46967, 34343, 42061, 103979, 84920]"
116996,"[42607, 108402, 2235, 21387, 94862, 59648, 12766, 9250, 64100, 19720]"
116997,"[62372, 97529, 1077, 1420, 95063, 79434, 62785, 30244, 30812, 31991]"
116998,"[18676, 55687, 106073, 65944, 81966, 42315, 42333, 44144, 24213, 11465]"
116999,"[28772, 90829, 10958, 37272, 40478, 69294, 82991, 30374, 91512, 100644]"
117000,"[55724, 49613, 5740, 101125, 10323, 8034, 48271, 66932, 20450, 23124]"
117001,"[68202, 18414, 54387, 8724, 106544, 29665, 101169, 8094, 37743, 89936]"
117002,"[54376, 57547, 2318, 9581, 88585, 76775, 73063, 92164, 87812, 7075]"
117003,"[58165, 24733, 58507, 5890, 87569, 18692, 58099, 9573, 58160, 37435]"
117004,"[8776, 74243, 76772, 92720, 66658, 108225, 6024, 83135, 40821, 100194]"
117005,"[61983, 34600, 2159, 88676, 101876, 89584, 42727, 78874, 2091, 41866]"
117006,"[54341, 36449, 77837, 33294, 22320, 29338, 78036, 40428, 94695, 50142]"
117007,"[46816, 56379, 14395, 10196, 105547, 8983, 52318, 45016, 30416, 15404]"
117008,"[10856, 102927, 43846, 93835, 69591, 94060, 36226, 60681, 38919, 89618]"
117009,"[7981, 41768, 31191, 21400, 74185, 46549, 36506, 54581, 64414, 41231]"
117010,"[51305, 78475, 103796, 85653, 109597, 65901, 51353, 45910, 89097, 86306]"
117011,"[29168, 101539, 57357, 94029, 63509, 59397, 6794, 44645, 61710, 96405]"
117012,"[73058, 32241, 68331, 72093, 44260, 62815, 76588, 103553, 81843, 12587]"
117013,"[5783, 55248, 63788, 11970, 47711, 29943, 28079, 69359, 70569, 51172]"
117014,"[5856, 43269, 30528, 28513, 45540, 81467, 87364, 57224, 81937, 49513]"
117015,"[2958, 60243, 71208, 78944, 2539, 18170, 36727, 87655, 89244, 31532]"
117016,"[101456, 106970, 75874, 12747, 78842, 21954, 34172, 24394, 106127, 108059]"
117017,"[58689, 16632, 92230, 108635, 46006, 58307, 16968, 6206, 20811, 42855]"
117018,"[37420, 55523, 70525, 96831, 47410, 34618, 18549, 42576, 99056, 104163]"
117019,"[80569, 41459, 71410, 69720, 51497, 20563, 93884, 78122, 12872, 19848]"
117020,"[77301, 57936, 43376, 33663, 46828, 36620, 14322, 87430, 90509, 96702]"
117021,"[52893, 50294, 69691, 108461, 69224, 58756, 12301, 44941, 27597, 20173]"
117022,"[47748, 98216, 58524, 105545, 53812, 98425, 38602, 56284, 33132, 103081]"
117023,"[9199, 86431, 61441, 84536, 5579, 36328, 52878, 106822, 91129, 47351]"
117024,"[67222, 76756, 9918, 38080, 87168, 97421, 2526, 49616, 46506, 103728]"
117025,"[19693, 22883, 94591, 97562, 95207, 77339, 106017, 74672, 107687, 49566]"
117026,"[44932, 50663, 51520, 82226, 61101, 7733, 24433, 79448, 49893, 23061]"
117027,"[46732, 80927, 21354, 69845, 29966, 2001, 102464, 101487, 85666, 52814]"
117028,"[82731, 94971, 42212, 64189, 33186, 75132, 97578, 33922, 81102, 11597]"
117029,"[77006, 92006, 13662, 37505, 47556, 9820, 92812, 26199, 25467, 107913]"
117030,"[83147, 29390, 75655, 30326, 66399, 15532, 95767, 36178, 76606, 85861]"
117031,"[84581, 107579, 95531, 78852, 103987, 73691, 21582, 37687, 92393, 67022]"
117032,"[72100, 52364, 26771, 87670, 37713, 109425, 34550, 57393, 53873, 60043]"
117033,"[47090, 107917, 6784, 77553, 33588, 28209, 83123, 109346, 58745, 23839]"
117034,"[29912, 9814, 89500, 15547, 38845, 286, 85791, 23370, 22050, 67672]"
117035,"[9933, 99292, 28290, 5941, 78911, 101787, 68456, 39920, 22801, 96891]"
117036,"[13059, 57026, 87591, 39663, 75509, 60155, 19988, 48983, 84379, 72616]"
117037,"[87097, 44461, 31121, 4887, 54569, 48971, 42604, 10148, 7229, 3934]"
117038,"[68898, 22451, 10214, 15358, 75174, 54000, 109555, 47661, 80613, 71062]"
117039,"[21679, 17698, 19848, 80153, 3941, 37533, 94460, 5313, 72325, 11018]"
117040,"[24631, 27080, 43784, 22978, 44155, 102819, 14601, 27845, 86226, 73187]"
117041,"[52016, 27069, 34295, 84112, 27384, 37679, 11389, 62067, 94780, 32265]"
117042,"[48562, 42600, 51461, 96747, 38179, 81816, 70027, 81327, 39076, 90759]"
117043,"[30599, 57570, 50833, 34422, 2671, 16745, 46578, 53202, 82037, 16278]"
117044,"[49843, 74802, 16265, 74848, 103455, 3506, 15168, 48715, 106273, 19250]"
117045,"[9790, 5538, 22032, 81189, 12486, 21133, 3561, 17163, 91423, 95154]"
117046,"[42852, 5962, 15691, 16412, 16755, 102236, 32391, 107665, 109487, 32499]"
117047,"[1995, 37468, 70018, 56319, 32403, 99448, 100334, 31058, 36393, 12450]"
117048,"[45878, 85743, 27977, 55939, 57243, 30422, 25578, 58834, 36972, 67547]"
117049,"[41970, 66944, 107538, 43388, 76841, 43146, 71262, 71496, 103223, 29230]"
117050,"[85501, 80146, 61351, 50174, 49283, 102559, 49782, 52019, 30681, 64735]"
117051,"[71179, 16658, 88008, 14856, 68535, 22745, 54380, 12284, 47779, 21596]"
117052,"[39939, 71291, 83643, 77947, 18575, 67251, 92519, 42545, 95454, 93541]"
117053,"[47228, 169, 85337, 109267, 91151, 53590, 31937, 11297, 18277, 73722]"
117054,"[88653, 17161, 50058, 75645, 92088, 21144, 79746, 95670, 21159, 109668]"
117055,"[51459, 40191, 54406, 72481, 40869, 78537, 61290, 33755, 3381, 40967]"
117056,"[18034, 93717, 14220, 74656, 75305, 15885, 7187, 58321, 4718, 30330]"
117057,"[75044, 69175, 71577, 104454, 50941, 67675, 101625, 54950, 38767, 51183]"
117058,"[65191, 80173, 30042, 92019, 35508, 13914, 45454, 29834, 34629, 15130]"
117059,"[18032, 40700, 64389, 87863, 99896, 102614, 73508, 75051, 64086, 76934]"
117060,"[61909, 52754, 83844, 87411, 36216, 59932, 69588, 68084, 36526, 47629]"
117061,"[8059, 101316, 27240, 80701, 49361, 78375, 55622, 21604, 101521, 6867]"
117062,"[37241, 105068, 60211, 43104, 44589, 432, 82162, 59147, 99051, 75726]"
117063,"[83993, 108563, 24372, 26627, 8402, 72759, 5572, 58491, 3318, 100932]"
117064,"[27370, 37974, 107762, 63367, 78391, 90812, 35149, 7745, 79347, 27278]"
117065,"[11451, 96404, 2008, 11291, 56925, 100503, 47461, 75712, 60308, 92327]"
117066,"[62989, 9429, 10398, 32349, 107406, 2476, 104809, 95920, 71488, 108518]"
117067,"[17694, 109703, 10959, 7692, 106885, 9256, 94284, 6418, 221, 58071]"
117068,"[66231, 70201, 75850, 10903, 31865, 62629, 92260, 61636, 16976, 93022]"
117069,"[60096, 70177, 108352, 49048, 20870, 79356, 5302, 98935, 66269, 108643]"
117070,"[70343, 95150, 67606, 62880, 25083, 94895, 31508, 45676, 67901, 91141]"
117071,"[15987, 103632, 131, 91350, 12812, 37778, 36802, 10956, 80686, 67694]"
117072,"[56532, 89966, 78533, 33300, 47056, 50495, 21295, 58669, 31908, 14914]"
117073,"[73273, 48840, 59383, 79830, 104652, 33476, 9018, 99129, 102403, 4346]"
117074,"[64247, 95170, 84012, 88431, 59930, 59738, 32685, 108527, 6241, 80083]"
117075,"[11997, 24056, 96045, 15131, 26480, 51889, 10323, 5747, 99303, 82576]"
117076,"[23679, 28929, 44862, 81308, 98058, 22147, 21716, 34097, 68988, 107455]"
117077,"[29997, 66916, 71966, 75477, 27440, 87658, 98462, 5976, 104690, 82507]"
117078,"[2300, 55425, 23078, 34166, 24903, 59804, 75859, 71477, 91570, 99263]"
117079,"[22346, 52487, 58005, 93661, 81356, 20015, 104874, 12756, 44024, 106320]"
117080,"[37848, 21991, 107469, 94353, 66171, 67905, 101700, 103460, 11049, 38787]"
117081,"[96112, 33779, 87469, 36053, 67460, 35401, 96032, 54282, 56964, 56907]"
117082,"[58302, 109585, 15393, 17896, 38526, 96755, 40562, 64320, 53664, 17322]"
117083,"[21864, 33303, 81445, 105891, 51789, 69664, 81708, 38507, 9302, 105102]"
117084,"[66997, 64667, 35485, 56359, 88778, 31125, 82101, 16427, 52276, 109026]"
117085,"[11030, 72086, 84950, 99306, 23330, 24252, 59420, 93730, 90493, 98444]"
117086,"[28261, 8674, 91458, 99527, 25319, 19449, 46367, 79086, 58520, 47500]"
117087,"[65880, 77255, 4741, 97401, 34034, 29287, 93500, 65028, 2721, 71996]"
117088,"[15310, 3133, 67827, 64334, 48539, 16757, 50896, 103101, 39392, 56895]"
117089,"[60138, 106426, 83116, 28828, 10741, 84237, 87621, 64650, 62633, 89817]"
117090,"[41954, 15299, 89604, 91394, 61446, 65648, 22840, 78957, 359, 51873]"
117091,"[62842, 77487, 32082, 96869, 100461, 9482, 43756, 100053, 96859, 17965]"
117092,"[94722, 80346, 103023, 36737, 86111, 38106, 91108, 90209, 85785, 34075]"
117093,"[64294, 67462, 7428, 13847, 89365, 76353, 64453, 21448, 64027, 31862]"
117094,"[52012, 42808, 777, 18250, 7873, 34760, 24880, 34768, 66280, 84919]"
117095,"[67887, 13001, 58839, 49532, 101987, 28977, 60704, 20379, 97997, 107534]"
117096,"[48600, 69333, 42390, 50952, 3698, 107260, 64169, 5811, 29241, 52755]"
117097,"[69781, 109221, 94500, 64174, 91011, 66594, 86724, 69293, 86121, 52560]"
117098,"[94978, 79836, 94478, 77994, 21928, 28239, 59220, 76397, 65634, 27551]"
117099,"[90734, 87973, 30279, 61758, 59600, 79403, 30674, 21493, 70336, 83655]"
117100,"[91116, 92088, 97231, 19805, 2118, 88854, 42280, 28200, 57543, 24059]"
117101,"[34591, 56726, 93195, 22326, 19242, 35769, 90741, 62051, 31923, 29442]"
117102,"[77072, 2501, 17222, 104156, 59397, 63509, 49396, 50466, 103381, 103542]"
117103,"[45010, 6596, 7712, 89282, 61511, 30043, 46686, 97762, 57689, 103711]"
117104,"[47859, 87072, 59667, 74087, 3922, 73220, 53348, 96127, 9405, 98601]"
117105,"[2477, 67964, 19871, 33008, 79725, 86133, 79735, 82271, 1476, 50508]"
117106,"[100911, 54754, 26504, 61615, 94588, 56495, 76438, 76492, 104434, 68645]"
117107,"[7285, 30641, 9417, 75515, 66674, 2251, 103589, 19651, 93423, 80076]"
117108,"[101069, 60220, 39387, 53974, 84325, 62927, 23118, 51616, 109262, 73095]"
117109,"[75545, 12736, 33087, 81563, 62470, 4990, 63338, 98925, 109710, 108648]"
117110,"[23660, 65384, 102920, 50721, 64460, 55267, 11156, 40238, 24806, 36707]"
117111,"[22457, 84291, 52850, 92607, 109162, 24201, 24760, 18043, 19842, 32637]"
117112,"[76244, 82514, 92356, 14102, 75327, 15965, 104670, 101533, 58243, 51745]"
117113,"[55653, 50383, 74597, 78447, 25455, 62611, 28121, 10921, 31378, 65295]"
117114,"[108132, 93502, 55250, 48829, 68025, 33181, 94481, 4357, 43073, 28021]"
117115,"[100939, 4486, 21021, 8715, 50601, 1336, 101295, 100070, 29154, 34111]"
117116,"[12329, 35492, 20416, 21475, 13899, 20392, 69375, 52885, 61928, 65639]"
117117,"[71314, 95884, 28933, 76867, 5874, 100781, 13583, 43573, 68815, 9893]"
117118,"[84113, 101802, 9105, 95962, 58210, 92633, 2591, 48693, 92816, 95609]"
117119,"[83115, 45849, 64750, 104095, 34967, 20991, 11226, 23183, 41295, 2082]"
117120,"[11836, 108148, 10276, 87094, 34051, 102320, 35329, 98534, 30637, 14668]"
117121,"[74392, 22824, 86977, 104990, 99128, 52718, 8908, 50969, 104527, 49735]"
117122,"[16791, 85783, 105917, 52489, 20896, 108105, 80225, 18429, 1462, 67900]"
117123,"[21292, 88356, 6817, 13701, 17411, 74554, 12653, 60186, 83074, 40432]"
117124,"[103507, 59992, 5480, 89021, 24835, 75424, 101467, 37794, 11071, 95633]"
117125,"[1369, 29151, 2845, 57347, 35894, 44745, 75145, 28645, 19613, 23444]"
117126,"[4368, 21100, 15469, 9899, 57637, 47923, 72503, 83332, 93275, 5349]"
117127,"[29711, 21561, 91095, 46082, 40976, 15551, 59860, 100106, 28755, 38386]"
117128,"[7903, 98257, 78502, 81581, 95114, 89695, 62047, 27082, 93555, 11977]"
117129,"[3074, 22624, 16021, 83961, 87554, 57133, 62962, 45930, 108539, 22127]"
117130,"[25755, 84724, 52399, 94834, 88300, 62954, 105473, 81204, 32194, 36101]"
117131,"[103492, 53112, 41910, 94963, 82499, 45902, 107066, 5782, 4211, 33341]"
117132,"[49753, 41051, 86374, 99158, 59639, 18902, 85692, 65479, 34014, 99002]"
117133,"[72828, 19560, 99610, 97971, 74984, 30588, 75020, 96297, 7994, 100916]"
117134,"[88873, 50219, 109114, 10999, 48741, 46216, 30726, 46430, 83443, 68769]"
117135,"[58656, 30072, 3490, 105375, 74236, 29796, 34427, 41343, 33904, 49998]"
117136,"[64912, 20154, 25724, 22913, 30453, 4614, 76299, 17804, 23752, 105499]"
117137,"[95216, 43288, 37055, 106198, 70146, 58349, 19587, 25179, 80245, 51807]"
117138,"[95209, 13372, 99189, 87465, 107027, 69535, 19090, 103573, 67984, 87789]"
117139,"[75, 94819, 63937, 44738, 27410, 63056, 97740, 15392, 106551, 44601]"
117140,"[89637, 18372, 11773, 21045, 98088, 60119, 79200, 15904, 36099, 49631]"
117141,"[106397, 38807, 67988, 8726, 61668, 41850, 69443, 88683, 9574, 83512]"
117142,"[3532, 24653, 47298, 23391, 63778, 68238, 28898, 58600, 14371, 41719]"
117143,"[68653, 71694, 100934, 79355, 916, 95789, 78154, 95953, 65913, 67357]"
117144,"[63460, 90303, 72091, 106941, 11306, 19737, 29021, 49909, 14808, 25457]"
117145,"[38694, 101443, 41734, 21278, 81511, 57706, 31536, 35571, 80128, 25725]"
117146,"[90196, 46166, 23154, 68599, 60023, 61636, 63438, 100455, 85076, 76299]"
117147,"[64629, 58044, 55310, 82157, 84768, 5484, 83146, 6191, 109033, 4283]"
117148,"[85055, 37486, 84756, 107107, 65635, 44284, 49682, 61673, 97203, 90464]"
117149,"[15827, 48804, 7797, 63161, 48236, 30119, 33223, 16054, 44499, 71896]"
117150,"[631, 74499, 92856, 8775, 94081, 92876, 96972, 22797, 103274, 92684]"
117151,"[18058, 41657, 27198, 22535, 84052, 97748, 69099, 27259, 89080, 77013]"
117152,"[49278, 30145, 35333, 94270, 42970, 16297, 50042, 103726, 44386, 36157]"
117153,"[93426, 43072, 6147, 31132, 67466, 4534, 45798, 39360, 18411, 78843]"
117154,"[86827, 85723, 44866, 58548, 8893, 55831, 77188, 35150, 13915, 41306]"
117155,"[7797, 63161, 71896, 95826, 87197, 58227, 13309, 89357, 44359, 71044]"
117156,"[66374, 6992, 26731, 53283, 59636, 77520, 29906, 28234, 47054, 13764]"
117157,"[18987, 43682, 107543, 39706, 11105, 17102, 99363, 107648, 42616, 7576]"
117158,"[33868, 79535, 91558, 23739, 94516, 4755, 43899, 74483, 51947, 85940]"
117159,"[93517, 55241, 82655, 86461, 31229, 19593, 62267, 54063, 57408, 48510]"
117160,"[30476, 43477, 72671, 87282, 65066, 9777, 60934, 27866, 18345, 85580]"
117161,"[7995, 44485, 81978, 23505, 24129, 12195, 76706, 58819, 96880, 98538]"
117162,"[7144, 15760, 59667, 74087, 46408, 2613, 76952, 74991, 32577, 22815]"
117163,"[2123, 86552, 96699, 34253, 90597, 82873, 10970, 88317, 61034, 15567]"
117164,"[71608, 41560, 82699, 8065, 103393, 24161, 48889, 30962, 50721, 34212]"
117165,"[7296, 74686, 24943, 49053, 80046, 31411, 11596, 23637, 17229, 102327]"
117166,"[61424, 49665, 5288, 56156, 45232, 79297, 100047, 10558, 4939, 19431]"
117167,"[92407, 57385, 7057, 100415, 46914, 77702, 43533, 46844, 4921, 39280]"
117168,"[41335, 37432, 9937, 4022, 86600, 59029, 74712, 97089, 75457, 4053]"
117169,"[19478, 44541, 81551, 5174, 97088, 66152, 20675, 79021, 20562, 55916]"
117170,"[62701, 62207, 109511, 52572, 9194, 17886, 31261, 11299, 32060, 91360]"
117171,"[109739, 79203, 12467, 72272, 51024, 26894, 107332, 10459, 79562, 22985]"
117172,"[62158, 48025, 88203, 24398, 35840, 16551, 36629, 33220, 62480, 84528]"
117173,"[93194, 15817, 16780, 13214, 97102, 79531, 42366, 52906, 30670, 80562]"
117174,"[51638, 101503, 53368, 23366, 79582, 70896, 76762, 10751, 51942, 81546]"
117175,"[32140, 23090, 20749, 67303, 76772, 49561, 9217, 32053, 48015, 79683]"
117176,"[42955, 12913, 63730, 9953, 19519, 95164, 22954, 48191, 89461, 87339]"
117177,"[85697, 68228, 31183, 10753, 104498, 2886, 101564, 68892, 768, 7947]"
117178,"[41993, 37076, 35783, 1221, 71576, 85199, 66755, 17464, 59426, 50156]"
117179,"[95558, 12038, 77199, 76053, 107997, 6921, 97513, 20905, 26647, 92784]"
117180,"[107470, 84660, 4397, 28001, 13057, 43375, 73420, 3034, 19459, 19361]"
117181,"[36081, 26553, 56606, 53860, 37294, 27390, 65666, 91010, 7485, 87542]"
117182,"[44655, 53258, 12947, 66692, 3377, 28279, 5075, 63382, 73645, 36163]"
117183,"[98495, 90511, 14087, 5667, 14868, 9469, 37196, 83112, 93228, 96431]"
117184,"[33410, 72433, 96690, 85817, 67313, 98824, 101805, 40075, 16711, 14669]"
117185,"[39, 41556, 39503, 107643, 75844, 50870, 51920, 44904, 41007, 57579]"
117186,"[57651, 76847, 43510, 45730, 91201, 11965, 58278, 70326, 104160, 41142]"
117187,"[1042, 76062, 84144, 62982, 48273, 48843, 91944, 49997, 42637, 59393]"
117188,"[68453, 29601, 80964, 66185, 76873, 28946, 25621, 30906, 768, 99840]"
117189,"[33596, 29670, 78713, 91188, 8140, 33802, 63474, 7496, 93065, 16509]"
117190,"[56469, 106531, 39716, 64544, 14033, 48087, 100318, 32549, 59877, 20086]"
117191,"[9932, 108158, 5558, 74791, 81185, 43176, 104119, 64760, 27691, 63886]"
117192,"[30261, 419, 9584, 50363, 5448, 98326, 90098, 8540, 87110, 107268]"
117193,"[9802, 80359, 72908, 7458, 32962, 64258, 80392, 8979, 22129, 93066]"
117194,"[80788, 49263, 75515, 65935, 19651, 82416, 104279, 80069, 100439, 86385]"
117195,"[19198, 40125, 27369, 12141, 69867, 99151, 101728, 97205, 36408, 70639]"
117196,"[101110, 87863, 35496, 14671, 40700, 91898, 48928, 72200, 109419, 61656]"
117197,"[62734, 76106, 33537, 96689, 38322, 20918, 40886, 31418, 27589, 83408]"
117198,"[5129, 9749, 19778, 7475, 87496, 15917, 93024, 3162, 11280, 33312]"
117199,"[32680, 107104, 52415, 106363, 58992, 69696, 108772, 108429, 107965, 39247]"
117200,"[48066, 77010, 18602, 88944, 35642, 30898, 33970, 31770, 26312, 82092]"
117201,"[52949, 62857, 31060, 77319, 98770, 62227, 56935, 32404, 51370, 3158]"
117202,"[93655, 25630, 23119, 55457, 64158, 67684, 42485, 39716, 54582, 56469]"
117203,"[95673, 92416, 99798, 61496, 59996, 101127, 4750, 47082, 21915, 40977]"
117204,"[85071, 11498, 89967, 92038, 108739, 69451, 48040, 96291, 80182, 33169]"
117205,"[109114, 46216, 77840, 2912, 68476, 34643, 50219, 67598, 10999, 88873]"
117206,"[92903, 107740, 93814, 13504, 94643, 10711, 79005, 61491, 23674, 22413]"
117207,"[90849, 80333, 54659, 67218, 51746, 62209, 29731, 79519, 33627, 33560]"
117208,"[89662, 26797, 1819, 45919, 88681, 4899, 78294, 49137, 97278, 86122]"
117209,"[24559, 8177, 83248, 79431, 64074, 59556, 106693, 42183, 89187, 14371]"
117210,"[72826, 90894, 72764, 36747, 18512, 12745, 34964, 48898, 15944, 63079]"
117211,"[106555, 73509, 99463, 31164, 106861, 52057, 15294, 41351, 97735, 39845]"
117212,"[3536, 67853, 67475, 70535, 246, 9183, 20126, 39735, 19890, 85322]"
117213,"[19027, 70346, 103704, 46193, 7426, 39844, 76391, 18467, 78493, 96196]"
117214,"[3573, 87573, 77802, 56368, 43696, 35195, 13638, 76496, 25274, 102758]"
117215,"[32960, 64455, 4134, 108171, 59696, 699, 21374, 102888, 37310, 80570]"
117216,"[61882, 51060, 28367, 23664, 57221, 61457, 98314, 43512, 27734, 24847]"
117217,"[35944, 91269, 7257, 48136, 11604, 35000, 70846, 93396, 83644, 13665]"
117218,"[3083, 76061, 12881, 84929, 8118, 66837, 96031, 38641, 84063, 73363]"
117219,"[67486, 6599, 4531, 51261, 74295, 29399, 81801, 90153, 90137, 83159]"
117220,"[70809, 80538, 84110, 18498, 49034, 40776, 109651, 62759, 67239, 75631]"
117221,"[55933, 27269, 35185, 2247, 67025, 47139, 3943, 34744, 70404, 109451]"
117222,"[22170, 73381, 38376, 74764, 26361, 57582, 9755, 29508, 22134, 54603]"
117223,"[24166, 20223, 57790, 92948, 98307, 99740, 965, 43228, 94650, 81663]"
117224,"[67326, 13519, 89664, 3077, 99914, 5384, 57293, 80277, 51620, 5183]"
117225,"[40722, 13375, 38314, 82420, 29359, 17144, 54085, 62751, 28300, 78525]"
117226,"[96809, 89296, 63536, 29850, 23619, 26217, 2725, 66467, 31636, 94171]"
117227,"[79079, 86291, 76369, 11661, 15415, 95757, 13280, 4645, 3961, 21070]"
117228,"[68711, 8206, 105211, 27540, 61273, 15446, 93456, 19984, 29178, 96396]"
117229,"[46723, 36064, 77060, 56044, 100961, 65137, 49676, 78065, 76393, 98864]"
117230,"[68517, 90274, 60573, 89191, 71580, 69532, 45976, 12644, 33732, 74325]"
117231,"[25747, 51950, 24036, 41548, 7329, 26156, 52202, 83226, 28724, 19733]"
117232,"[85793, 56029, 44227, 62544, 2236, 28053, 49293, 81960, 73763, 6585]"
117233,"[37853, 94269, 8903, 21375, 21981, 82328, 36860, 107009, 49759, 86297]"
117234,"[86512, 68296, 104878, 62665, 51934, 24775, 12898, 49118, 106595, 83333]"
117235,"[32547, 106107, 109744, 60653, 23695, 39101, 15960, 87758, 38327, 26397]"
117236,"[45139, 74013, 102423, 18371, 81249, 27014, 94823, 32112, 53377, 28148]"
117237,"[69941, 104542, 86071, 54696, 64521, 54528, 66775, 22064, 76855, 1383]"
117238,"[73502, 53924, 44250, 62691, 76898, 103692, 58761, 69847, 98513, 26229]"
117239,"[37912, 58036, 3264, 91472, 40322, 71715, 92602, 75029, 81036, 23047]"
117240,"[5958, 95225, 48976, 44414, 101407, 69381, 101179, 4216, 29153, 108776]"
117241,"[74381, 35947, 8197, 95834, 68411, 22818, 31297, 65912, 22365, 17779]"
117242,"[20535, 75451, 24370, 64322, 54386, 70621, 104983, 103525, 105527, 15782]"
117243,"[59590, 89652, 4418, 1093, 31757, 55215, 77119, 2238, 61242, 41971]"
117244,"[40732, 32587, 46510, 56550, 16826, 52102, 13112, 1270, 7011, 50728]"
117245,"[61001, 14627, 21230, 105923, 79446, 17374, 51906, 107581, 42819, 64672]"
117246,"[38037, 44643, 14434, 85911, 33961, 43420, 106372, 46445, 78956, 57872]"
117247,"[41809, 56091, 35387, 31078, 56701, 9966, 18007, 41618, 78662, 10959]"
117248,"[6120, 93192, 21025, 48508, 1351, 75350, 46202, 10117, 3320, 44843]"
117249,"[66808, 101357, 93263, 67808, 63798, 33021, 17413, 32373, 32183, 97184]"
117250,"[72147, 76590, 28642, 88933, 77205, 39386, 2367, 49318, 109349, 17835]"
117251,"[88042, 35950, 38415, 68440, 50065, 28576, 28417, 81711, 109729, 29527]"
117252,"[67792, 32916, 1116, 93980, 14149, 85391, 47668, 84310, 14103, 38318]"
117253,"[61862, 64109, 83014, 19782, 49481, 16214, 77431, 2936, 107630, 25964]"
117254,"[63388, 48886, 106762, 85527, 63991, 105679, 11167, 67339, 79048, 10407]"
117255,"[33521, 102246, 43509, 1670, 29480, 21365, 96961, 53052, 53232, 32991]"
117256,"[15015, 61013, 101373, 13037, 41447, 27802, 100817, 11448, 87020, 97296]"
117257,"[55950, 4914, 63294, 81997, 82781, 98790, 99308, 38710, 63286, 67101]"
117258,"[74436, 99461, 95485, 47057, 62406, 77000, 72585, 81528, 53888, 34018]"
117259,"[33593, 26259, 2945, 105130, 102595, 39089, 34896, 32036, 44878, 104794]"
117260,"[24042, 36131, 8949, 84544, 42577, 33745, 15243, 43670, 14345, 12687]"
117261,"[83257, 89081, 102949, 30175, 35774, 13913, 55573, 44580, 19206, 39999]"
117262,"[17392, 82741, 37662, 36479, 47828, 29874, 364, 57788, 50568, 23277]"
117263,"[15363, 4662, 5684, 106018, 50050, 53838, 50500, 36846, 23655, 73336]"
117264,"[47136, 9270, 73540, 42481, 15985, 46133, 58178, 13313, 7321, 43523]"
117265,"[103418, 47728, 87144, 28071, 61735, 100634, 4764, 24401, 47247, 86660]"
117266,"[20278, 10026, 92747, 16142, 104158, 43584, 98220, 97083, 41426, 74211]"
117267,"[13730, 33769, 91246, 61009, 109057, 83734, 70752, 46960, 5993, 4314]"
117268,"[10342, 45942, 67697, 99409, 46328, 814, 54772, 75579, 47847, 37919]"
117269,"[81995, 107758, 103229, 1208, 108700, 108265, 109146, 78886, 71255, 84024]"
117270,"[56463, 79111, 68792, 48368, 96133, 84884, 18499, 30739, 38074, 70407]"
117271,"[73105, 72936, 5720, 33505, 74084, 102872, 102249, 10640, 107694, 5714]"
117272,"[27636, 109160, 82951, 56838, 93050, 92045, 30937, 26486, 63114, 37956]"
117273,"[68631, 72839, 1624, 660, 106517, 8442, 90471, 39655, 107, 53047]"
117274,"[58420, 104953, 75604, 85221, 97924, 97986, 44108, 48660, 23005, 10378]"
117275,"[57908, 22976, 59831, 29897, 33934, 83753, 43307, 106015, 88805, 11083]"
117276,"[73338, 74355, 47959, 6144, 63517, 94065, 8135, 742, 15070, 29347]"
117277,"[95019, 96429, 2841, 22949, 108996, 32955, 103682, 84287, 99327, 109277]"
117278,"[68766, 38730, 12551, 14985, 39202, 48094, 29235, 57907, 77765, 59834]"
117279,"[105140, 47111, 38631, 82935, 70462, 96761, 1792, 6385, 45660, 92828]"
117280,"[65116, 72968, 8948, 108526, 5523, 85838, 1629, 103782, 13523, 636]"
117281,"[32563, 31079, 7799, 88519, 55492, 48788, 83344, 489, 60692, 77295]"
117282,"[36891, 33761, 24698, 227, 85013, 45608, 99209, 70464, 22230, 80575]"
117283,"[96503, 93965, 79843, 102631, 19441, 109357, 108973, 82100, 10542, 102315]"
117284,"[84764, 1228, 95104, 90418, 36668, 54535, 40812, 19867, 18627, 104835]"
117285,"[82882, 108826, 45067, 4085, 68002, 68425, 46094, 76435, 69402, 48768]"
117286,"[85955, 64078, 43094, 53392, 23595, 51363, 87529, 74984, 4679, 71402]"
117287,"[63528, 50399, 69988, 31114, 72180, 36831, 41234, 9681, 20009, 24868]"
117288,"[78729, 101956, 77804, 88493, 63002, 30520, 69386, 62345, 104321, 27555]"
117289,"[35997, 60370, 72726, 65233, 11575, 87963, 74101, 67036, 100456, 21293]"
117290,"[38078, 15169, 85896, 106589, 19845, 41451, 67478, 16502, 41733, 69828]"
117291,"[8680, 92237, 94484, 96336, 21108, 81440, 81794, 30773, 27702, 97342]"
117292,"[108102, 48479, 32027, 105608, 80281, 85511, 12255, 106089, 52241, 5622]"
117293,"[55922, 96012, 12575, 21041, 16296, 82100, 35054, 10542, 66417, 96503]"
117294,"[30839, 42511, 67705, 22253, 14052, 84439, 24065, 65021, 104366, 104516]"
117295,"[22500, 32067, 20085, 47302, 83933, 39388, 615, 101969, 106086, 65554]"
117296,"[74454, 102816, 41513, 71713, 91011, 94500, 96797, 51808, 47402, 7676]"
117297,"[69576, 108553, 57153, 13844, 26851, 88244, 100733, 109746, 76476, 11273]"
117298,"[868, 10656, 29143, 44996, 40548, 31662, 45943, 30637, 102792, 14182]"
117299,"[36961, 82448, 78186, 53770, 11518, 26185, 95069, 76125, 59747, 40092]"
117300,"[43225, 90620, 50712, 26189, 68272, 96375, 60710, 6037, 102590, 85062]"
117301,"[60654, 47337, 82282, 79267, 47267, 47682, 51325, 105302, 40323, 101939]"
117302,"[80350, 19061, 86500, 94432, 60201, 51757, 106885, 20678, 16916, 53269]"
117303,"[21660, 65690, 96698, 32889, 26785, 74432, 10766, 26119, 32519, 45665]"
117304,"[27111, 63609, 22028, 24038, 28294, 40998, 10241, 39577, 26437, 64117]"
117305,"[6613, 19877, 56401, 34571, 34021, 50265, 18874, 81358, 75995, 46363]"
117306,"[75784, 47563, 76517, 41529, 61923, 16945, 90596, 93737, 3669, 33697]"
117307,"[92785, 2228, 66079, 99241, 65001, 23296, 85043, 89107, 8068, 64370]"
117308,"[65173, 78836, 102388, 51819, 12371, 22794, 49337, 67223, 45149, 100799]"
117309,"[6426, 12359, 37222, 7821, 47950, 91340, 75289, 59464, 14539, 5516]"
117310,"[16305, 20710, 46894, 25703, 49899, 109772, 54025, 59933, 92376, 44940]"
117311,"[91675, 99001, 62914, 17289, 10201, 48618, 102513, 333, 80099, 104610]"
117312,"[32249, 105725, 70066, 26919, 108469, 2032, 4043, 89849, 70312, 3160]"
117313,"[5813, 63140, 87699, 29066, 1145, 37789, 23459, 8333, 65246, 89036]"
117314,"[64003, 73774, 47249, 76324, 57543, 69865, 105775, 59519, 33078, 1668]"
117315,"[28108, 31646, 105330, 108667, 58862, 58646, 72456, 48627, 105228, 20671]"
117316,"[55689, 62586, 26779, 7781, 106960, 59268, 94072, 75077, 11755, 21984]"
117317,"[28576, 34025, 105437, 32570, 81776, 78060, 109729, 43857, 33455, 81423]"
117318,"[24205, 99895, 78117, 60866, 54317, 46591, 46334, 48876, 87054, 53921]"
117319,"[50916, 51062, 6290, 105955, 27227, 90470, 45975, 65996, 24444, 27632]"
117320,"[73579, 45287, 54177, 90048, 55865, 25414, 8864, 107390, 83801, 57093]"
117321,"[55407, 37771, 37227, 101827, 15673, 31404, 108274, 97730, 106912, 81482]"
117322,"[29141, 95464, 95730, 22848, 37444, 53757, 25247, 100303, 38757, 96618]"
117323,"[37341, 15176, 67250, 109037, 92939, 56672, 11054, 72647, 7518, 3694]"
117324,"[55308, 5643, 88122, 54269, 213, 55396, 8551, 93767, 62321, 1932]"
117325,"[20733, 100620, 36277, 20656, 87542, 108542, 23668, 16886, 8516, 62878]"
117326,"[20269, 48317, 2946, 192, 90695, 22757, 60445, 4300, 98768, 78693]"
117327,"[56180, 62560, 53583, 19218, 8334, 7169, 89384, 101353, 79444, 33694]"
117328,"[86825, 67500, 66726, 21314, 41894, 47272, 107437, 71789, 46024, 49240]"
117329,"[100488, 44329, 108628, 109157, 39001, 71695, 78453, 39032, 99708, 42007]"
117330,"[39296, 28919, 80038, 41655, 70737, 99748, 88044, 109085, 33801, 105208]"
117331,"[35176, 34920, 108708, 97481, 36854, 41493, 15414, 39170, 77489, 50725]"
117332,"[35355, 21323, 45407, 18921, 96251, 78638, 47685, 65948, 90398, 74239]"
117333,"[9583, 60929, 71435, 60771, 71424, 34068, 22556, 5860, 41553, 69702]"
117334,"[40105, 69596, 109199, 86347, 71131, 17809, 100270, 3743, 63135, 107089]"
117335,"[86897, 3179, 76062, 10554, 96083, 26339, 1042, 94800, 63979, 35001]"
117336,"[62819, 18525, 92640, 73269, 68665, 35887, 33827, 102021, 16809, 99528]"
117337,"[18994, 4435, 14024, 67813, 43875, 46632, 64811, 104807, 20481, 96475]"
117338,"[62125, 108185, 35347, 5355, 715, 36832, 92214, 105023, 3856, 37165]"
117339,"[28430, 83823, 44859, 66600, 55631, 76660, 109544, 15580, 93202, 43296]"
117340,"[92183, 10651, 89579, 70429, 79253, 10994, 78388, 43537, 62385, 30899]"
117341,"[97836, 6313, 61952, 40772, 38638, 24151, 59110, 97741, 35827, 28445]"
117342,"[38896, 107777, 102329, 60692, 66770, 79702, 9286, 79793, 95714, 51393]"
117343,"[75224, 103172, 13767, 40457, 15387, 57329, 42308, 56904, 13489, 39375]"
117344,"[75088, 52340, 21033, 71676, 64788, 44634, 93550, 35292, 11361, 107592]"
117345,"[14524, 57752, 6987, 67238, 99894, 88663, 42031, 69354, 20763, 66382]"
117346,"[108090, 50880, 91238, 32488, 78845, 46169, 103482, 50140, 34131, 42294]"
117347,"[81998, 7590, 78012, 74601, 47526, 39376, 19863, 20341, 7968, 103273]"
117348,"[95415, 27272, 29752, 10526, 67585, 12763, 55886, 16042, 43110, 108478]"
117349,"[93414, 100715, 21290, 1253, 26675, 55077, 82905, 67911, 51736, 24276]"
117350,"[79788, 104042, 107143, 47082, 4750, 96140, 92002, 61097, 62967, 92416]"
117351,"[31206, 77660, 103459, 106668, 13252, 63408, 108504, 36832, 59897, 92214]"
117352,"[42120, 83104, 50153, 40842, 44060, 19077, 53738, 66008, 66136, 102498]"
117353,"[84944, 49962, 59926, 74258, 99872, 41751, 81742, 87116, 47849, 68346]"
117354,"[69263, 37293, 88028, 11812, 32198, 53173, 96075, 109410, 12714, 45402]"
117355,"[109361, 85242, 41428, 75651, 20616, 84375, 87675, 27504, 29923, 73489]"
117356,"[27079, 66440, 19034, 62783, 41670, 23261, 84482, 69501, 6424, 99913]"
117357,"[39671, 21026, 36175, 77536, 60590, 50622, 59281, 28689, 53497, 47029]"
117358,"[17992, 53105, 38647, 8482, 11392, 57782, 22521, 34629, 15130, 89720]"
117359,"[13653, 50324, 95532, 32405, 105288, 100571, 50409, 22145, 52267, 86663]"
117360,"[27317, 17337, 89948, 85046, 53905, 78771, 80129, 6447, 22705, 72575]"
117361,"[90721, 73545, 54, 27793, 78499, 18244, 51404, 6504, 43148, 10454]"
117362,"[102891, 27269, 109145, 103951, 103990, 48896, 100657, 77327, 79391, 2712]"
117363,"[34590, 24868, 20078, 49568, 9681, 63489, 58319, 10230, 106838, 64111]"
117364,"[72968, 68824, 1629, 27294, 50891, 56762, 13530, 57527, 106588, 85057]"
117365,"[9120, 28, 87352, 103861, 14045, 72800, 19736, 1844, 637, 53328]"
117366,"[64968, 81511, 27679, 64178, 79750, 46127, 101443, 88078, 16701, 98773]"
117367,"[107075, 33067, 5801, 52887, 34835, 14764, 74921, 37442, 73271, 69812]"
117368,"[23908, 78539, 32909, 76812, 76622, 13688, 22298, 17627, 14750, 65726]"
117369,"[11631, 92225, 35330, 109525, 71427, 92485, 69757, 24007, 61270, 68655]"
117370,"[50963, 44557, 10836, 37300, 85350, 102574, 97995, 52476, 93347, 30598]"
117371,"[92569, 508, 13061, 77509, 97050, 74998, 103615, 33174, 80284, 109044]"
117372,"[84946, 15639, 93299, 74607, 13412, 20940, 61576, 7260, 30565, 96194]"
117373,"[68456, 33574, 59170, 61433, 78811, 100029, 5659, 73696, 89040, 28646]"
117374,"[64239, 50659, 39294, 28553, 50964, 80338, 59657, 33171, 76349, 51191]"
117375,"[31567, 42685, 86172, 59791, 42069, 37450, 62501, 44993, 83939, 17548]"
117376,"[54346, 32432, 103472, 107702, 11192, 89295, 109738, 37871, 87874, 60570]"
117377,"[37010, 60937, 23732, 72257, 43706, 86283, 6277, 95570, 6834, 33879]"
117378,"[62443, 54461, 38163, 2626, 28920, 81346, 104121, 72988, 99993, 53183]"
117379,"[41911, 60728, 102787, 101622, 45307, 37479, 13403, 56957, 50027, 39391]"
117380,"[31013, 66675, 71869, 65829, 103652, 48251, 58701, 13665, 35944, 56447]"
117381,"[19258, 52949, 98770, 56935, 32404, 1264, 108117, 31060, 62227, 5445]"
117382,"[98082, 69300, 72089, 7421, 51517, 58388, 32262, 65914, 96889, 84693]"
117383,"[59318, 14584, 54220, 87577, 24705, 16649, 8625, 22893, 65617, 65458]"
117384,"[37406, 31838, 18443, 108304, 109252, 21836, 54785, 49926, 89733, 75991]"
117385,"[17383, 248, 99593, 30009, 79154, 2911, 827, 40374, 90537, 5197]"
117386,"[69226, 36061, 42767, 108442, 39540, 55497, 81290, 2662, 51313, 52382]"
117387,"[39018, 106296, 8764, 60414, 27248, 63276, 67135, 24790, 9771, 52408]"
117388,"[71528, 47286, 79745, 91875, 73592, 57709, 77853, 10197, 43999, 93734]"
117389,"[71293, 18120, 5280, 69912, 53067, 74959, 53654, 91547, 73119, 14926]"
117390,"[5075, 38038, 64027, 17443, 12947, 62859, 89458, 66692, 67462, 64294]"
117391,"[68291, 35773, 28582, 59456, 64588, 66466, 45903, 7624, 28905, 86600]"
117392,"[81744, 106715, 105243, 4442, 82545, 18908, 19837, 43766, 45858, 17913]"
117393,"[108028, 56303, 87488, 6806, 73826, 95573, 107236, 88629, 25203, 53544]"
117394,"[67989, 7689, 42931, 14420, 107184, 80909, 97933, 103657, 5310, 11742]"
117395,"[84247, 14582, 43393, 84761, 70405, 22541, 103322, 22799, 20048, 70385]"
117396,"[33394, 56091, 88232, 24924, 3464, 35387, 37887, 36841, 26572, 78662]"
117397,"[105501, 78274, 13011, 37937, 62707, 103302, 50605, 11907, 69094, 52189]"
117398,"[61895, 21549, 12925, 71000, 7423, 67911, 49159, 2569, 54136, 48303]"
117399,"[5697, 40220, 28956, 11959, 83075, 10607, 56009, 35799, 53893, 1080]"
117400,"[100355, 56235, 81941, 17311, 23212, 91030, 35891, 55337, 26517, 78538]"
117401,"[76691, 51987, 70322, 62675, 21580, 1864, 3043, 77436, 65692, 93513]"
117402,"[63283, 33929, 90912, 39075, 2110, 76351, 9951, 91029, 40032, 49794]"
117403,"[97299, 1279, 32078, 18285, 91987, 28463, 90419, 109127, 96182, 53719]"
117404,"[49975, 87461, 40910, 3129, 45381, 43092, 12993, 59607, 17450, 57010]"
117405,"[9011, 56275, 51492, 29615, 53222, 53119, 77758, 34308, 1474, 38719]"
117406,"[11734, 98040, 47595, 92992, 68036, 92255, 10781, 105468, 23195, 49951]"
117407,"[55350, 45916, 51707, 51220, 49888, 81107, 7621, 27041, 32190, 45446]"
117408,"[100236, 70723, 88791, 15892, 86891, 59635, 56367, 108964, 64773, 66471]"
117409,"[92850, 67457, 5078, 90906, 44808, 12866, 96850, 60673, 4898, 41321]"
117410,"[48244, 44596, 46360, 23766, 108271, 32579, 26668, 14407, 73479, 103513]"
117411,"[59430, 87479, 2664, 19810, 28631, 78925, 30248, 73158, 75678, 93027]"
117412,"[94462, 88456, 73799, 23237, 95168, 56595, 47051, 58195, 84456, 74689]"
117413,"[27232, 51852, 64042, 23901, 53297, 98561, 78184, 5070, 18684, 83080]"
117414,"[43655, 93667, 54872, 24299, 20617, 88279, 91564, 96910, 37328, 10713]"
117415,"[11857, 29671, 108712, 34621, 92720, 2892, 42295, 78112, 38352, 4946]"
117416,"[77221, 105005, 106949, 13310, 87046, 11503, 38558, 98840, 105910, 104595]"
117417,"[47614, 25888, 71566, 100147, 14929, 1579, 59537, 12705, 89862, 51274]"
117418,"[29782, 69800, 46658, 10890, 85469, 48647, 85346, 70600, 3994, 39695]"
117419,"[18428, 49564, 7760, 53572, 94213, 98269, 32831, 58107, 91457, 80309]"
117420,"[30568, 76828, 85626, 81523, 17447, 37324, 6745, 2070, 58419, 36346]"
117421,"[33329, 73428, 63143, 67588, 58641, 1118, 11343, 31032, 74773, 77002]"
117422,"[78472, 33580, 6090, 6600, 37123, 60478, 73910, 76146, 15953, 60151]"
117423,"[1941, 16884, 60970, 40079, 42243, 38509, 51706, 13750, 14444, 71465]"
117424,"[6836, 61175, 61081, 41098, 64118, 63658, 367, 84116, 16382, 93317]"
117425,"[51568, 5990, 80326, 8730, 5465, 93345, 24554, 13459, 29202, 69295]"
117426,"[30828, 67518, 82442, 48786, 44551, 38187, 7009, 29495, 210, 23565]"
117427,"[85962, 5197, 10366, 72421, 72794, 70798, 73565, 102001, 71871, 90537]"
117428,"[7095, 55351, 70100, 87929, 101504, 4858, 20655, 7832, 13813, 94335]"
117429,"[78293, 86204, 105101, 46539, 28135, 109596, 9619, 47174, 104258, 91780]"
117430,"[36909, 69379, 12515, 105436, 60248, 19182, 108713, 85130, 16468, 66616]"
117431,"[33839, 3566, 74831, 15129, 21394, 35830, 3674, 73433, 81861, 106722]"
117432,"[41256, 3732, 33278, 102351, 26511, 24243, 101497, 3319, 41352, 99323]"
117433,"[39561, 74028, 24406, 8162, 109451, 55892, 55933, 18716, 46252, 13432]"
117434,"[79095, 43255, 91019, 4659, 51482, 108004, 17499, 77357, 76744, 84600]"
117435,"[106262, 48972, 104859, 2236, 107731, 47802, 77855, 51972, 100804, 56135]"
117436,"[62834, 95424, 27359, 76905, 38834, 17027, 14642, 101706, 13010, 90555]"
117437,"[22699, 76795, 43468, 8863, 90182, 36770, 78807, 29462, 103400, 66285]"
117438,"[64095, 93800, 92501, 13327, 88195, 37144, 12414, 90604, 57920, 48953]"
117439,"[68748, 49019, 41699, 59532, 95578, 105141, 67631, 18986, 67562, 2442]"
117440,"[4621, 64443, 97539, 13748, 31059, 12177, 88935, 83118, 15937, 32355]"
117441,"[54592, 107967, 64857, 37770, 41315, 93063, 73429, 99161, 103279, 98051]"
117442,"[20425, 50489, 80296, 92572, 70433, 68335, 38309, 15536, 31577, 109376]"
117443,"[107103, 70917, 97389, 38355, 73024, 21070, 57422, 18932, 33185, 30193]"
117444,"[39790, 104861, 49194, 77140, 12792, 79972, 13096, 39563, 5500, 44844]"
117445,"[21017, 15814, 11580, 40257, 42177, 24837, 96834, 61307, 56715, 66472]"
117446,"[260, 13085, 7000, 102474, 83905, 15194, 98661, 61314, 56399, 25783]"
117447,"[70641, 52938, 48044, 27066, 54291, 19340, 6711, 1322, 25636, 28157]"
117448,"[40084, 4093, 41274, 13210, 39025, 106707, 30351, 20691, 97891, 54202]"
117449,"[104754, 45181, 32820, 14949, 47473, 74489, 25542, 4363, 95869, 94195]"
117450,"[97906, 31274, 61057, 48769, 14338, 59115, 108512, 95511, 14410, 87172]"
117451,"[68000, 38541, 99064, 11259, 22501, 77796, 57047, 33966, 76396, 91544]"
117452,"[13430, 65800, 78089, 85958, 86567, 73164, 96994, 86842, 31473, 70169]"
117453,"[88620, 66347, 5038, 58809, 95511, 3940, 88372, 59964, 22158, 50855]"
117454,"[73161, 23818, 32116, 86451, 68834, 98017, 75541, 34252, 9036, 96395]"
117455,"[75708, 22908, 102541, 26159, 79537, 38714, 13744, 1291, 80448, 104100]"
117456,"[87112, 53276, 58365, 102452, 25300, 81442, 43992, 35952, 57686, 18955]"
117457,"[93064, 77601, 27801, 54986, 44503, 88325, 107114, 81689, 13521, 22601]"
117458,"[53168, 33919, 44622, 42490, 79356, 29662, 36751, 78033, 5575, 94233]"
117459,"[11725, 2829, 96867, 60117, 41723, 35860, 67515, 56163, 23971, 97108]"
117460,"[29318, 61317, 22931, 13227, 72595, 100614, 11329, 56964, 40310, 63374]"
117461,"[58773, 56223, 37051, 2685, 66457, 87532, 97033, 90435, 19969, 41336]"
117462,"[70523, 2142, 79013, 1516, 17438, 11219, 24563, 68218, 56888, 11066]"
117463,"[9199, 19993, 84536, 95639, 36328, 106822, 52878, 15632, 91129, 81628]"
117464,"[32801, 85845, 89042, 51795, 70255, 41551, 101141, 7331, 7566, 76354]"
117465,"[47730, 106337, 92599, 50675, 36162, 531, 26386, 80915, 90228, 6006]"
117466,"[106788, 81566, 7515, 79772, 91668, 62129, 22290, 58336, 67749, 71093]"
117467,"[45212, 78704, 2152, 45045, 85769, 16712, 106575, 53100, 13542, 16883]"
117468,"[105010, 64098, 14883, 20399, 54690, 44378, 89734, 40754, 4102, 85142]"
117469,"[26603, 105404, 93440, 58116, 18080, 70901, 91703, 37461, 78059, 29293]"
117470,"[44929, 25108, 87795, 22304, 84410, 57616, 29355, 40494, 21310, 92422]"
117471,"[78888, 70886, 56219, 60369, 1011, 57734, 100791, 32708, 15211, 101527]"
117472,"[73309, 105451, 35754, 4909, 41988, 19520, 100681, 33450, 7514, 53846]"
117473,"[59069, 5101, 96603, 100736, 82069, 82583, 97726, 11196, 87244, 15957]"
117474,"[90245, 103432, 108415, 96563, 36456, 108272, 84550, 95307, 75072, 49607]"
117475,"[44758, 100660, 2181, 68667, 40596, 17532, 68237, 75989, 79018, 86634]"
117476,"[60752, 47631, 32029, 61134, 45327, 106530, 75965, 78362, 88342, 18280]"
117477,"[65726, 76812, 32909, 21982, 9635, 71184, 86552, 10970, 31113, 23339]"
117478,"[26512, 70313, 8741, 82088, 10591, 77527, 102017, 90793, 95710, 31788]"
117479,"[88121, 73561, 20726, 83874, 88980, 96594, 102554, 25951, 99816, 16687]"
117480,"[61165, 6587, 32877, 8570, 77956, 59272, 57872, 78590, 60108, 71088]"
117481,"[11977, 78502, 98257, 7903, 34686, 103476, 83448, 41928, 52372, 72074]"
117482,"[76407, 5860, 99639, 44534, 79955, 62146, 66902, 42264, 105251, 33921]"
117483,"[44208, 35772, 28934, 14920, 89710, 66493, 1522, 45486, 31221, 23403]"
117484,"[51813, 7153, 6221, 95764, 76841, 31226, 61234, 46317, 18314, 74067]"
117485,"[51860, 19213, 84888, 106513, 64206, 54095, 48560, 12139, 15935, 19806]"
117486,"[38568, 105359, 2054, 79128, 36421, 77491, 46566, 19257, 37408, 9371]"
117487,"[64090, 23417, 54047, 49451, 63639, 86368, 18109, 100914, 3004, 109773]"
117488,"[109424, 81583, 51560, 58681, 98216, 39046, 50134, 67098, 32480, 64028]"
117489,"[83153, 42819, 41463, 14627, 85729, 107581, 17374, 21230, 57979, 88701]"
117490,"[26743, 72604, 51080, 46801, 41288, 38395, 48035, 5492, 62341, 85477]"
117491,"[31310, 71420, 83796, 39345, 97520, 92642, 13281, 75889, 18246, 36893]"
117492,"[19703, 17505, 48013, 72805, 39600, 101648, 78034, 75058, 87415, 48609]"
117493,"[68849, 40330, 60059, 58868, 20637, 47644, 3302, 5207, 39123, 39115]"
117494,"[17484, 10635, 103434, 7811, 55163, 9827, 17408, 60809, 31188, 33336]"
117495,"[1456, 17951, 45623, 80846, 75494, 17621, 64326, 61248, 22462, 91617]"
117496,"[91871, 68326, 62682, 26331, 83235, 3112, 55289, 12835, 103039, 22305]"
117497,"[7433, 27223, 95795, 17687, 45695, 48328, 99112, 99501, 58295, 77555]"
117498,"[76023, 82067, 82275, 69569, 88147, 32398, 8676, 86775, 44620, 11824]"
117499,"[20279, 56508, 97349, 90921, 57008, 43803, 91659, 109147, 20102, 75903]"
117500,"[43693, 19838, 40316, 26738, 42227, 57910, 10069, 40241, 102253, 97322]"
117501,"[39912, 498, 43317, 32182, 22111, 91324, 76180, 67533, 23669, 104153]"
117502,"[106075, 45066, 41905, 35980, 82751, 59358, 4105, 9797, 86986, 104572]"
117503,"[82499, 53112, 4211, 65674, 54794, 9212, 47305, 20554, 88953, 107066]"
117504,"[72143, 100, 86072, 17880, 68377, 22160, 11773, 17531, 107115, 35988]"
117505,"[77200, 92246, 13786, 87863, 14469, 105183, 64389, 87880, 4289, 13673]"
117506,"[60037, 46003, 85904, 28821, 104833, 61406, 83952, 1618, 2440, 100718]"
117507,"[8801, 82273, 68751, 109644, 79069, 26956, 29293, 11541, 51868, 75369]"
117508,"[72207, 9770, 70230, 29935, 107807, 99888, 18392, 109378, 76501, 61109]"
117509,"[49771, 66033, 86246, 53240, 1348, 22948, 107871, 64897, 105218, 36148]"
117510,"[82862, 22377, 7335, 55254, 30331, 41323, 54755, 80827, 42320, 29265]"
117511,"[100277, 69543, 20594, 37567, 38788, 93163, 48290, 45664, 79836, 29676]"
117512,"[52863, 20172, 33214, 105712, 86145, 1735, 64789, 85713, 83579, 64965]"
117513,"[90363, 32818, 767, 82229, 22939, 8801, 106037, 42165, 51868, 51171]"
117514,"[75601, 109418, 96036, 21388, 31881, 29632, 95285, 11074, 10816, 86124]"
117515,"[61259, 35853, 22377, 60669, 55254, 20197, 42320, 56239, 3332, 93471]"
117516,"[5758, 38853, 29030, 29914, 10343, 52056, 29091, 65598, 108722, 48973]"
117517,"[54062, 8494, 50590, 58305, 107847, 103119, 108595, 56121, 6680, 70318]"
117518,"[30272, 35930, 46683, 16410, 31321, 93076, 28171, 62246, 16063, 55381]"
117519,"[4490, 21823, 78702, 31197, 2802, 903, 6897, 98821, 102035, 46723]"
117520,"[26246, 81401, 67943, 32498, 26600, 60554, 23659, 74825, 83121, 107113]"
117521,"[77987, 39834, 82503, 43257, 73757, 19701, 84834, 98586, 88316, 5396]"
117522,"[49848, 65182, 98240, 83096, 68022, 75331, 31786, 98204, 28654, 24441]"
117523,"[94447, 22968, 103009, 52266, 1728, 6755, 47593, 31366, 70077, 17907]"
117524,"[65061, 86184, 99984, 65388, 48999, 32852, 59400, 3190, 18299, 89260]"
117525,"[65034, 64507, 20646, 32102, 13361, 78995, 106790, 87831, 97996, 84014]"
117526,"[33023, 10923, 109506, 27235, 5039, 87927, 49649, 25546, 51714, 51154]"
117527,"[80149, 78241, 9945, 6168, 90579, 108887, 108693, 101449, 92546, 108416]"
117528,"[60705, 92698, 101172, 35601, 66238, 19702, 83273, 18085, 99311, 33179]"
117529,"[84969, 26013, 10123, 36217, 51969, 43760, 32205, 105960, 42147, 4715]"
117530,"[45339, 61932, 77774, 33789, 39176, 58291, 106391, 23863, 98147, 85073]"
117531,"[31024, 82356, 50799, 23426, 48276, 26167, 2629, 7914, 39531, 78249]"
117532,"[69774, 84770, 18123, 49696, 53767, 92560, 12988, 78382, 3787, 64044]"
117533,"[101205, 43996, 50023, 72781, 34910, 50647, 91792, 14618, 59985, 95372]"
117534,"[45352, 20249, 16961, 2687, 63865, 93249, 92451, 33447, 30786, 37891]"
117535,"[89743, 7450, 3134, 39404, 48841, 49562, 35230, 45007, 70560, 11764]"
117536,"[62388, 60181, 7379, 94818, 89536, 24227, 31160, 15802, 83214, 61113]"
117537,"[31768, 4331, 69921, 26228, 68486, 55642, 47394, 16121, 2428, 46147]"
117538,"[74353, 64138, 34667, 75585, 28301, 88539, 93426, 93075, 39307, 80691]"
117539,"[40369, 100767, 104265, 80912, 58659, 97780, 83324, 94257, 37713, 14037]"
117540,"[81426, 59769, 84293, 61683, 86650, 11258, 105180, 85572, 18008, 6912]"
117541,"[36047, 80325, 2755, 107986, 24322, 86411, 65972, 3466, 24725, 58831]"
117542,"[2021, 107247, 58190, 87381, 87294, 88093, 24801, 24258, 73705, 72016]"
117543,"[86077, 84047, 26860, 17270, 20820, 10374, 103813, 20867, 1633, 96361]"
117544,"[28845, 20707, 70073, 15264, 53023, 104952, 61134, 46023, 11465, 102379]"
117545,"[81894, 40619, 53086, 73205, 17203, 109517, 43473, 46076, 86555, 47187]"
117546,"[42942, 37183, 43940, 24700, 88996, 106939, 106085, 83083, 82270, 58039]"
117547,"[36595, 57429, 54340, 86564, 52565, 89708, 12096, 58557, 79457, 50715]"
117548,"[33116, 68375, 25652, 52987, 88119, 57129, 41469, 58055, 48505, 29964]"
117549,"[52098, 89819, 28119, 99767, 19355, 82263, 69813, 42248, 77392, 43611]"
117550,"[86760, 71345, 104348, 78379, 6925, 155, 1635, 39081, 94381, 105809]"
117551,"[31025, 47083, 11841, 61312, 91757, 52110, 107708, 24779, 35672, 83016]"
117552,"[21773, 13804, 98336, 81314, 30268, 55359, 85398, 66246, 4727, 2330]"
117553,"[101113, 107722, 50061, 49739, 10684, 90168, 84290, 40647, 48657, 22794]"
117554,"[28204, 98313, 19824, 105353, 9189, 53862, 51960, 8082, 76770, 56082]"
117555,"[102730, 85887, 78996, 27585, 55023, 50929, 39580, 83349, 96197, 16381]"
117556,"[100626, 15954, 81985, 97766, 3625, 93101, 4345, 10823, 63486, 79882]"
117557,"[43729, 83305, 32146, 9557, 92817, 44643, 38037, 14434, 40833, 39119]"
117558,"[2864, 58273, 48410, 48426, 42939, 101528, 92507, 62418, 20106, 51179]"
117559,"[47093, 35912, 86736, 35960, 51266, 103169, 97518, 67001, 28672, 95154]"
117560,"[46162, 19822, 36627, 105473, 43476, 51618, 99892, 502, 105108, 49567]"
117561,"[8756, 25478, 52511, 28966, 23505, 71480, 31017, 55661, 83076, 61557]"
117562,"[40856, 7775, 108057, 13278, 61865, 88017, 10780, 48376, 31949, 105562]"
117563,"[104391, 69183, 107511, 47596, 71720, 87876, 60035, 72740, 103444, 106841]"
117564,"[104176, 32668, 82695, 90591, 18347, 36482, 28016, 26129, 85892, 102569]"
117565,"[29953, 49006, 59333, 61959, 58751, 73747, 79124, 79250, 77264, 86547]"
117566,"[84754, 23257, 1968, 101420, 80111, 66105, 64331, 104607, 40261, 36115]"
117567,"[16159, 1366, 29728, 55782, 15304, 22319, 55493, 53387, 80804, 54441]"
117568,"[74028, 24406, 30281, 61406, 91546, 46003, 39561, 64993, 89213, 96630]"
117569,"[41427, 85218, 72474, 38025, 57996, 101106, 7359, 98813, 104425, 33541]"
117570,"[42890, 10161, 2167, 18202, 23592, 100216, 105240, 16706, 67445, 48215]"
117571,"[59696, 699, 32960, 30591, 45382, 64455, 84906, 75741, 20821, 91387]"
117572,"[49551, 64082, 6009, 19207, 53328, 8241, 94486, 19736, 89204, 82557]"
117573,"[57087, 84356, 76576, 36206, 61630, 16529, 88981, 62650, 67161, 31102]"
117574,"[44404, 53041, 86343, 94238, 18012, 4308, 10698, 39304, 53303, 18770]"
117575,"[26263, 20747, 107239, 4573, 99729, 106279, 76457, 57959, 69566, 90094]"
117576,"[103126, 83469, 23434, 75575, 102418, 48222, 107324, 103449, 50219, 52930]"
117577,"[94777, 8807, 48402, 55140, 7091, 17749, 55382, 104453, 68269, 12674]"
117578,"[16938, 11457, 39063, 82188, 34857, 108955, 52999, 108650, 64487, 100936]"
117579,"[17345, 58875, 57381, 14967, 87208, 68636, 45796, 11491, 88746, 70589]"
117580,"[32862, 77436, 73986, 35499, 74108, 31433, 108356, 90864, 50860, 97013]"
117581,"[89604, 22400, 22840, 65648, 15299, 24390, 39942, 28937, 41954, 44333]"
117582,"[53765, 79523, 107112, 9893, 15678, 75901, 65637, 39336, 47475, 71314]"
117583,"[81997, 45801, 7841, 3632, 97381, 104088, 94687, 46410, 49723, 106735]"
117584,"[46475, 87345, 29870, 80470, 23099, 63576, 87538, 91808, 62943, 4040]"
117585,"[18535, 102754, 50288, 65005, 80845, 23962, 66322, 83570, 24031, 94200]"
117586,"[45040, 89583, 50364, 46742, 8197, 95834, 37471, 104627, 35947, 20386]"
117587,"[91083, 93141, 83181, 22928, 61960, 3421, 61825, 34169, 48928, 36023]"
117588,"[58406, 69149, 35468, 91506, 27071, 5000, 85837, 85081, 55430, 1582]"
117589,"[5457, 18342, 96221, 5220, 9365, 28417, 50233, 31638, 77697, 96227]"
117590,"[85313, 62280, 77166, 89830, 22662, 11583, 87201, 38759, 73427, 26115]"
117591,"[55589, 4105, 68890, 77836, 93907, 34513, 99927, 76069, 31701, 91125]"
117592,"[27432, 55947, 83302, 56273, 9051, 18491, 33113, 30484, 64878, 71001]"
117593,"[14047, 31720, 24650, 71693, 87918, 56160, 104227, 45561, 35363, 1430]"
117594,"[65102, 57727, 77500, 54492, 4470, 42166, 1571, 37759, 35367, 15118]"
117595,"[81597, 96346, 92328, 70396, 21088, 60484, 75983, 64275, 94361, 18618]"
117596,"[69171, 99075, 9182, 65474, 52882, 62725, 46677, 29379, 107660, 7614]"
117597,"[84715, 71954, 57101, 12666, 67450, 33054, 30298, 21964, 59567, 74559]"
117598,"[37329, 31457, 63602, 108746, 52393, 101245, 89683, 74426, 88982, 51272]"
117599,"[20938, 18256, 52161, 85186, 14458, 12372, 98236, 5543, 69582, 71962]"
117600,"[65571, 78417, 23420, 20509, 27500, 6609, 15248, 94248, 88943, 39300]"
117601,"[88949, 61212, 55976, 42827, 87790, 96453, 105504, 70961, 62715, 30358]"
117602,"[6438, 45228, 99657, 8279, 64921, 58264, 95008, 40540, 24033, 7626]"
117603,"[9570, 85159, 13508, 59467, 94400, 41040, 25394, 45097, 12022, 88225]"
117604,"[58066, 81594, 24265, 95299, 25473, 70302, 93852, 54576, 78019, 108918]"
117605,"[66336, 36104, 121, 5299, 58924, 85674, 96135, 1321, 44131, 37704]"
117606,"[31870, 34858, 26424, 83084, 71744, 8080, 46532, 101398, 105303, 61375]"
117607,"[77507, 44006, 44674, 64882, 3766, 55434, 92022, 20524, 70270, 71055]"
117608,"[13071, 62569, 14418, 47968, 109169, 73221, 71654, 16083, 87371, 41387]"
117609,"[80221, 22589, 41070, 21874, 16915, 69348, 66406, 75971, 82431, 88554]"
117610,"[46982, 108540, 30949, 40325, 86133, 77766, 49320, 53728, 82271, 84548]"
117611,"[8318, 82833, 75710, 107715, 39891, 75778, 21849, 84937, 43251, 31398]"
117612,"[95136, 74584, 23720, 80381, 61020, 54433, 63434, 97469, 91409, 88667]"
117613,"[59894, 72363, 108383, 51569, 8224, 98174, 5154, 68551, 44158, 18279]"
117614,"[55898, 2475, 13833, 11860, 29961, 6959, 60517, 10788, 46615, 86834]"
117615,"[40344, 91155, 91441, 49810, 77534, 3239, 75490, 6629, 106859, 97801]"
117616,"[72770, 81786, 20381, 72404, 24508, 59236, 95663, 59624, 92980, 17575]"
117617,"[35820, 86096, 109719, 63241, 91239, 897, 53248, 98018, 22704, 30745]"
117618,"[108234, 49108, 73635, 36650, 65796, 34635, 2517, 28386, 87834, 2717]"
117619,"[30208, 100368, 56708, 43124, 104535, 59136, 25691, 29682, 60358, 34578]"
117620,"[5933, 71242, 918, 17123, 28891, 13714, 102376, 9363, 37086, 87710]"
117621,"[65411, 29473, 65970, 50690, 103311, 46182, 9063, 49971, 84233, 84639]"
117622,"[80969, 104691, 100664, 5955, 27354, 86854, 6620, 58087, 15060, 37397]"
117623,"[99167, 66890, 57968, 16622, 15688, 54432, 21636, 25211, 48196, 27424]"
117624,"[83005, 99923, 3644, 22778, 62953, 10096, 73596, 95951, 73458, 51348]"
117625,"[101542, 13186, 67125, 52963, 24156, 26131, 278, 36591, 47210, 101793]"
117626,"[88443, 76395, 45321, 30062, 59119, 89170, 60822, 3054, 3150, 6173]"
117627,"[72384, 59831, 50823, 5506, 14379, 56908, 97642, 23791, 69358, 38895]"
117628,"[21736, 96076, 18577, 43151, 101679, 81334, 68379, 93934, 26625, 87753]"
117629,"[107014, 69608, 84954, 26534, 57796, 16496, 85279, 44518, 79770, 67970]"
117630,"[107846, 31038, 89690, 56325, 109743, 106967, 26941, 64124, 100252, 108655]"
117631,"[84680, 107283, 6916, 25597, 44680, 65360, 95828, 100072, 102347, 82278]"
117632,"[38555, 86589, 78402, 33310, 40675, 64942, 41143, 103584, 100200, 19946]"
117633,"[50338, 36978, 16693, 84836, 5892, 25882, 98113, 63944, 46759, 60145]"
117634,"[88083, 21760, 45809, 52105, 77780, 71979, 39802, 78824, 100205, 50653]"
117635,"[105559, 29154, 5826, 40846, 109499, 99695, 97017, 65050, 34282, 29593]"
117636,"[74888, 21989, 19229, 68014, 99019, 59906, 69519, 24735, 54114, 101355]"
117637,"[77854, 46880, 26940, 14648, 84781, 2635, 86595, 32046, 12851, 22062]"
117638,"[101893, 35866, 14490, 93401, 47149, 102229, 40521, 23146, 108334, 59254]"
117639,"[52199, 11017, 30601, 4005, 92185, 67541, 37484, 4430, 44599, 51075]"
117640,"[88869, 98293, 94483, 66540, 4204, 25176, 739, 106013, 100974, 95858]"
117641,"[45457, 8861, 27529, 59749, 11785, 653, 36878, 43182, 69228, 50822]"
117642,"[65440, 45028, 6084, 75124, 52287, 29267, 34761, 44773, 109108, 70096]"
117643,"[87125, 79585, 94010, 33493, 20716, 93564, 69343, 40809, 10615, 97487]"
117644,"[70077, 101879, 14887, 66564, 42790, 43481, 105503, 22968, 86981, 58059]"
117645,"[48460, 77429, 65676, 80835, 79052, 47266, 57783, 108468, 76017, 88858]"
117646,"[27899, 32942, 77447, 29952, 25001, 11623, 54260, 68484, 38477, 78067]"
117647,"[63475, 27888, 104550, 32984, 69874, 35368, 61183, 101776, 46888, 17941]"
117648,"[53672, 78940, 36246, 90582, 47176, 52221, 34810, 62652, 85130, 50110]"
117649,"[56137, 49283, 63836, 42480, 46191, 72485, 20746, 61351, 83251, 11840]"
117650,"[15210, 67086, 25318, 83165, 100659, 83710, 30533, 79795, 4154, 90218]"
117651,"[77817, 17858, 11527, 81719, 67374, 61196, 19387, 70325, 2522, 62303]"
117652,"[57453, 19934, 91848, 28879, 48806, 63715, 31498, 40869, 108425, 38635]"
117653,"[36187, 38442, 11638, 77448, 68018, 106775, 88756, 66737, 71944, 35992]"
117654,"[95529, 90265, 99894, 88663, 83577, 59146, 56154, 42723, 30104, 17712]"
117655,"[22229, 54699, 99551, 44882, 24756, 93145, 66617, 29952, 59494, 47416]"
117656,"[107967, 59299, 51802, 101387, 54592, 88852, 49290, 25547, 34817, 7315]"
117657,"[41048, 51767, 3043, 39098, 48126, 103842, 29273, 12023, 29296, 89688]"
117658,"[91162, 24896, 106182, 11025, 78645, 57415, 53331, 23157, 49163, 22195]"
117659,"[85600, 30315, 25938, 58369, 66294, 108863, 21800, 22327, 69855, 53657]"
117660,"[61888, 16205, 89533, 57593, 53323, 68229, 99378, 103348, 13650, 82760]"
117661,"[21365, 37860, 82871, 4019, 40089, 108646, 14078, 48360, 42860, 11197]"
117662,"[25615, 28355, 67358, 72636, 63793, 61599, 73920, 10664, 22306, 89542]"
117663,"[63719, 33717, 20849, 63707, 98369, 22220, 100958, 70136, 38200, 25533]"
117664,"[10877, 57738, 90037, 83804, 66580, 17016, 31635, 87016, 34376, 49917]"
117665,"[103848, 51324, 3215, 8000, 75588, 86493, 37671, 92824, 103458, 24151]"
117666,"[105792, 86786, 54760, 45936, 738, 72858, 72161, 25391, 52, 16013]"
117667,"[36480, 33087, 12096, 106545, 62470, 4990, 84657, 107282, 86056, 102802]"
117668,"[14130, 42015, 79126, 45314, 34996, 83508, 21501, 17661, 36670, 60122]"
117669,"[109375, 73949, 78743, 63935, 32782, 42187, 75172, 79836, 37567, 5011]"
117670,"[31342, 86505, 65034, 50712, 39726, 9831, 87264, 81899, 88831, 82908]"
117671,"[81756, 66804, 46608, 76816, 41540, 25470, 16321, 86092, 78440, 92239]"
117672,"[56790, 6950, 22217, 631, 37257, 103274, 20803, 18710, 46399, 43817]"
117673,"[15673, 31880, 105090, 46438, 94057, 67328, 34632, 105502, 31506, 70205]"
117674,"[78206, 6476, 52032, 36625, 30526, 70720, 84818, 49585, 66224, 7734]"
117675,"[15165, 107466, 98929, 42910, 46775, 35711, 97394, 22983, 35569, 4721]"
117676,"[40686, 65077, 69410, 82552, 84408, 3974, 53517, 20157, 109106, 55110]"
117677,"[73293, 17475, 26937, 69390, 100737, 86421, 86719, 84289, 33500, 85354]"
117678,"[79047, 30121, 36178, 12138, 43593, 68417, 7505, 87807, 18506, 40212]"
117679,"[71104, 3235, 78624, 84643, 26942, 70408, 56618, 66541, 38484, 105423]"
117680,"[1960, 14589, 26787, 83095, 67707, 10057, 66560, 70136, 27150, 14798]"
117681,"[88660, 52213, 90850, 19203, 62049, 21032, 96254, 57404, 30026, 39775]"
117682,"[49169, 46567, 27838, 19892, 2522, 67954, 77731, 92143, 78611, 67059]"
117683,"[2477, 46048, 83337, 6780, 99574, 105859, 65021, 19871, 37967, 30144]"
117684,"[38703, 41167, 9781, 34113, 30095, 8413, 71428, 41590, 103691, 65408]"
117685,"[53628, 14248, 74554, 54062, 13701, 63397, 6548, 69786, 52043, 13556]"
117686,"[35561, 102870, 104081, 32337, 12281, 88940, 80888, 39938, 71005, 40523]"
117687,"[74626, 106406, 10055, 85010, 9604, 95178, 54529, 61198, 1076, 5748]"
117688,"[4457, 36281, 108964, 30714, 83610, 101365, 9858, 67499, 101403, 86891]"
117689,"[15317, 108289, 61243, 52816, 55793, 45166, 5428, 19514, 104251, 33592]"
117690,"[12308, 99112, 43056, 15305, 73743, 66740, 22851, 17739, 93788, 95795]"
117691,"[18357, 10450, 25920, 52982, 25305, 99873, 94789, 94608, 87449, 74462]"
117692,"[89376, 1719, 73862, 55437, 81262, 45850, 471, 5645, 99468, 84905]"
117693,"[49555, 53905, 36077, 57631, 30089, 66733, 23170, 56967, 62942, 44495]"
117694,"[45992, 95849, 38946, 84745, 29076, 58011, 4318, 18465, 85599, 52479]"
117695,"[88850, 102763, 6879, 104578, 66456, 18562, 26470, 30087, 13769, 23785]"
117696,"[50866, 45637, 1675, 11384, 91792, 53426, 17396, 10493, 86822, 90042]"
117697,"[97311, 78121, 58238, 61647, 34613, 30964, 14765, 21256, 67440, 12326]"
117698,"[40584, 15601, 24183, 20709, 79277, 95349, 76095, 88730, 11576, 67558]"
117699,"[67043, 101817, 79621, 55639, 1820, 39860, 57541, 67907, 107885, 2157]"
117700,"[31465, 9360, 92612, 23017, 73933, 51553, 38798, 62575, 54388, 86585]"
117701,"[78911, 100029, 65459, 9933, 96891, 39652, 28290, 99292, 57900, 37321]"
117702,"[45697, 41463, 104145, 54636, 89517, 87377, 30922, 65272, 83153, 61001]"
117703,"[31119, 45420, 20286, 17692, 8931, 60086, 73215, 7157, 43721, 64335]"
117704,"[70140, 96543, 21134, 20717, 29089, 62252, 80497, 78370, 75860, 85467]"
117705,"[24920, 94879, 59884, 90586, 49672, 106974, 15768, 107189, 70421, 70985]"
117706,"[80571, 30115, 58925, 63230, 22056, 64191, 52319, 16930, 19652, 17082]"
117707,"[55432, 105001, 29819, 34015, 7439, 8773, 105911, 51572, 70806, 3808]"
117708,"[101500, 45116, 29048, 83546, 48146, 83385, 53533, 53934, 63264, 93368]"
117709,"[1833, 106282, 33403, 75636, 78684, 72263, 82106, 46866, 53166, 42050]"
117710,"[60607, 3539, 52599, 68779, 8166, 10680, 19416, 80047, 97807, 93499]"
117711,"[19257, 73779, 9371, 96122, 75740, 8404, 46156, 48319, 1905, 48039]"
117712,"[98016, 51366, 77997, 63293, 60060, 98423, 88380, 67986, 87285, 106398]"
117713,"[88305, 32064, 29389, 66525, 98521, 35487, 9991, 90613, 36876, 76226]"
117714,"[5161, 49036, 10678, 70697, 15481, 2896, 44342, 25959, 61969, 91603]"
117715,"[30713, 107690, 70887, 64358, 69512, 94109, 2338, 12099, 51696, 103293]"
117716,"[11795, 63858, 7879, 94726, 46021, 31481, 38857, 44797, 16446, 65675]"
117717,"[85999, 28229, 23750, 15554, 66025, 96936, 81777, 56456, 48097, 49164]"
117718,"[102164, 72711, 32606, 94906, 94141, 86554, 1928, 8651, 109211, 28409]"
117719,"[16447, 14366, 28092, 61464, 81305, 7668, 33695, 8898, 103466, 99396]"
117720,"[39095, 71344, 108414, 102152, 83396, 658, 18367, 26423, 46464, 8678]"
117721,"[59471, 70323, 5921, 72404, 57151, 65114, 108097, 39118, 92980, 32618]"
117722,"[71208, 2958, 60243, 102756, 18170, 99739, 52806, 77481, 74454, 54034]"
117723,"[20594, 29676, 56483, 79836, 30830, 100277, 69543, 4727, 97248, 44491]"
117724,"[5192, 11391, 13612, 391, 107117, 35448, 87307, 61608, 18808, 88640]"
117725,"[37972, 48706, 5, 102881, 16287, 65589, 30102, 44010, 31564, 84028]"
117726,"[13363, 107090, 52665, 83620, 34951, 72147, 76590, 28642, 88933, 109349]"
117727,"[68090, 20367, 10149, 54355, 98680, 74576, 85869, 32875, 58503, 105499]"
117728,"[6999, 107901, 12529, 25023, 79625, 21801, 7686, 29056, 22090, 55132]"
117729,"[20037, 25509, 109246, 89649, 27439, 96785, 79973, 4365, 104702, 49005]"
117730,"[31886, 79452, 20451, 39838, 31314, 54252, 101640, 60587, 49031, 96572]"
117731,"[97827, 78623, 38572, 96827, 85952, 3660, 37148, 89299, 11357, 109066]"
117732,"[54338, 32190, 70227, 92889, 38953, 45500, 3734, 74081, 73911, 106208]"
117733,"[99684, 71924, 71184, 29720, 25202, 2123, 37423, 84723, 79217, 36458]"
117734,"[26146, 63781, 25348, 87043, 105811, 17278, 40544, 105713, 106204, 21066]"
117735,"[93623, 31680, 98071, 85128, 49235, 40175, 7712, 45094, 26700, 6596]"
117736,"[107361, 4514, 16346, 27439, 69252, 38799, 96943, 96693, 11269, 6763]"
117737,"[102192, 108882, 16035, 108699, 69930, 13243, 13848, 9324, 105762, 98338]"
117738,"[42412, 36548, 32981, 97502, 101131, 67859, 28610, 106745, 56962, 24443]"
117739,"[41974, 55119, 82618, 101771, 97077, 22915, 68264, 108332, 6938, 71758]"
117740,"[66694, 102296, 2014, 102202, 102473, 23624, 40722, 84312, 26884, 48651]"
117741,"[23798, 14331, 38596, 34847, 81006, 82577, 18558, 29722, 84993, 72352]"
117742,"[108271, 46360, 72611, 84041, 81231, 17268, 44596, 6880, 71827, 15027]"
117743,"[10014, 96019, 13426, 104614, 29695, 8001, 69718, 100008, 94183, 23230]"
117744,"[99746, 2952, 94698, 3350, 99942, 54382, 101278, 64101, 6042, 7799]"
117745,"[86027, 17949, 52249, 23308, 24452, 6290, 8914, 44779, 100851, 62194]"
117746,"[79078, 36769, 108054, 33253, 39754, 6495, 45005, 17391, 55858, 80153]"
117747,"[143, 60790, 97200, 49672, 94166, 21248, 15768, 45997, 36337, 24915]"
117748,"[61803, 73533, 75674, 30227, 34613, 78121, 14485, 43845, 41972, 61647]"
117749,"[51185, 86855, 83514, 24454, 78055, 50919, 98739, 90856, 82848, 18418]"
117750,"[57311, 6143, 1499, 1526, 106502, 67104, 6305, 84280, 29474, 3765]"
117751,"[87697, 100614, 85644, 54571, 95403, 74939, 21357, 63249, 76909, 105693]"
117752,"[77360, 55244, 73074, 97319, 93646, 109344, 103666, 77836, 32981, 27416]"
117753,"[50987, 8882, 76432, 20398, 96703, 82529, 1451, 71485, 24752, 32072]"
117754,"[102523, 12281, 102222, 20163, 92735, 92739, 15619, 94482, 24655, 103014]"
117755,"[34610, 44424, 12376, 24874, 13237, 43230, 58149, 89858, 57125, 61538]"
117756,"[11412, 62020, 65170, 73098, 42532, 54684, 34224, 84601, 71043, 49034]"
117757,"[36648, 5949, 52365, 11897, 28327, 10337, 53185, 49014, 35254, 86987]"
117758,"[93348, 92915, 97875, 53299, 63697, 51641, 43891, 89644, 38094, 98681]"
117759,"[95798, 89274, 45643, 51004, 28436, 12149, 66178, 8513, 73524, 52759]"
117760,"[39159, 11614, 71810, 61383, 35844, 98004, 17230, 99821, 53264, 28345]"
117761,"[97558, 84226, 21239, 50861, 77720, 91129, 19993, 20302, 47351, 9199]"
117762,"[100359, 38622, 67570, 41819, 106833, 26520, 102545, 90870, 2406, 19270]"
117763,"[29645, 67399, 27443, 6380, 56222, 11207, 26452, 46440, 69470, 66924]"
117764,"[52405, 85215, 14325, 81449, 5756, 3469, 84280, 102105, 84084, 30376]"
117765,"[32760, 89682, 28810, 63510, 7419, 38913, 28032, 67899, 57283, 67032]"
117766,"[74585, 30549, 60813, 47088, 73223, 69422, 79795, 4154, 39447, 83710]"
117767,"[65244, 49877, 56485, 44043, 91338, 79221, 8952, 21865, 14764, 88334]"
117768,"[103471, 100269, 84335, 69452, 17140, 57834, 33471, 56774, 19859, 10379]"
117769,"[27242, 102652, 3847, 81109, 62044, 31453, 8534, 66583, 34727, 54947]"
117770,"[56899, 103731, 52907, 8707, 64594, 65415, 34811, 6759, 29591, 1946]"
117771,"[11472, 90269, 20734, 98548, 37676, 51127, 25347, 89236, 103147, 28982]"
117772,"[19846, 71231, 50843, 88210, 81123, 7181, 28510, 66439, 42552, 67120]"
117773,"[79043, 74510, 47857, 25949, 36521, 83612, 82462, 24870, 37913, 94333]"
117774,"[78814, 108982, 36351, 82888, 12395, 11759, 85115, 14471, 61850, 23783]"
117775,"[96413, 44851, 25052, 88087, 72166, 49816, 91267, 108067, 41091, 81224]"
117776,"[35062, 7216, 69025, 83461, 30396, 14742, 37648, 45800, 53496, 22232]"
117777,"[59481, 56593, 37912, 76698, 23296, 35077, 85043, 90186, 71715, 107369]"
117778,"[93340, 41919, 94807, 91732, 106501, 21454, 76378, 74213, 13202, 4025]"
117779,"[29814, 61912, 94524, 41276, 87131, 13164, 104262, 105488, 12473, 93614]"
117780,"[85604, 95757, 93863, 33021, 101105, 73209, 47736, 44055, 90249, 17413]"
117781,"[96772, 67639, 104009, 42014, 66977, 62100, 20206, 64665, 32284, 84462]"
117782,"[84348, 7133, 72434, 11658, 73447, 2843, 109251, 8976, 59324, 108155]"
117783,"[76365, 30952, 34257, 13374, 58281, 61442, 19881, 41144, 21782, 56315]"
117784,"[95094, 5083, 75294, 43750, 8535, 11474, 101921, 33314, 69056, 78968]"
117785,"[50962, 95389, 82107, 12631, 14631, 13795, 59945, 87978, 60745, 109524]"
117786,"[21693, 41894, 92176, 71219, 70280, 27313, 33762, 4586, 79116, 109639]"
117787,"[34620, 27065, 6235, 65317, 95906, 103678, 37219, 12330, 105074, 92490]"
117788,"[1711, 109116, 36423, 5186, 71433, 41846, 66376, 5295, 94066, 29180]"
117789,"[25920, 52982, 3904, 72733, 106618, 21119, 18357, 49341, 72076, 71185]"
117790,"[58080, 75128, 57973, 46633, 89058, 11716, 71586, 86991, 22506, 5446]"
117791,"[4772, 23934, 101599, 101347, 34762, 43500, 69998, 97972, 6761, 88821]"
117792,"[89543, 2037, 78073, 26208, 104070, 56194, 4201, 37412, 45503, 63920]"
117793,"[38363, 43730, 60763, 45021, 49977, 62746, 87370, 89241, 69411, 24573]"
117794,"[98846, 10214, 93371, 21111, 12370, 55707, 59062, 27905, 3594, 16008]"
117795,"[96399, 102592, 76117, 23149, 5259, 18933, 42962, 34496, 21919, 37236]"
117796,"[107597, 47097, 34148, 35918, 72371, 86808, 48327, 63831, 24660, 74037]"
117797,"[72230, 107599, 74565, 81974, 63757, 94599, 1037, 106164, 27589, 53965]"
117798,"[3339, 80837, 17147, 50700, 76403, 51801, 82578, 5357, 92265, 21186]"
117799,"[31455, 89437, 42971, 17963, 48175, 23581, 87730, 16594, 102035, 78065]"
117800,"[30676, 89934, 64766, 60038, 49245, 88331, 90749, 91608, 6478, 36574]"
117801,"[91686, 8445, 87485, 63927, 25779, 72153, 28736, 5235, 85041, 65199]"
117802,"[16315, 20472, 46621, 30455, 9909, 68601, 48351, 81239, 38092, 15180]"
117803,"[75763, 72553, 94564, 60197, 91933, 51757, 71268, 24574, 83984, 26463]"
117804,"[28338, 61374, 23184, 99535, 27501, 33704, 42283, 33007, 28697, 4653]"
117805,"[86863, 7991, 18311, 37438, 93982, 101004, 93666, 84490, 23004, 94246]"
117806,"[29721, 47414, 12535, 6289, 45742, 59444, 57588, 98979, 33983, 82690]"
117807,"[103908, 79281, 81895, 84221, 18514, 58511, 33245, 26462, 104402, 53560]"
117808,"[41131, 105523, 58700, 80635, 98980, 30108, 83978, 44735, 61601, 89627]"
117809,"[36473, 7917, 51703, 65572, 82506, 61625, 27580, 2536, 99372, 80026]"
117810,"[21141, 99719, 77484, 24751, 35209, 109021, 76748, 54587, 7882, 65423]"
117811,"[31266, 49065, 47110, 24958, 11446, 48367, 92190, 2444, 53914, 36015]"
117812,"[36363, 78045, 11754, 85217, 85371, 41947, 12761, 42090, 37486, 38913]"
117813,"[76326, 76009, 25971, 60379, 100705, 39489, 54012, 35382, 65712, 30994]"
117814,"[39687, 27808, 50981, 101162, 96789, 101778, 45926, 40829, 38162, 9413]"
117815,"[12766, 101768, 59648, 11215, 23859, 12251, 87480, 69612, 71716, 59250]"
117816,"[106505, 65490, 57333, 26955, 28905, 80818, 85019, 4524, 75484, 65771]"
117817,"[51375, 74320, 81795, 55992, 78597, 11667, 4770, 44785, 33231, 90635]"
117818,"[27810, 43831, 86731, 67689, 1660, 79081, 16738, 103034, 49605, 97220]"
117819,"[15210, 12824, 1647, 72383, 73115, 62485, 51282, 10416, 79795, 15709]"
117820,"[45183, 8031, 94332, 77820, 86370, 78183, 7223, 14406, 10060, 74731]"
117821,"[23892, 102978, 8808, 42103, 78578, 52024, 49426, 15065, 106345, 18208]"
117822,"[48410, 91565, 48426, 42939, 37067, 92507, 2864, 88219, 62418, 54163]"
117823,"[85091, 65852, 42255, 92943, 106136, 27549, 101947, 63148, 63144, 91808]"
117824,"[101544, 31754, 23453, 68433, 61451, 100849, 88862, 9431, 41166, 66697]"
117825,"[43548, 90215, 1333, 73653, 77203, 97262, 27217, 74617, 83722, 17500]"
117826,"[25725, 25118, 41734, 21278, 38694, 66875, 89977, 86044, 16298, 93964]"
117827,"[48914, 40599, 108151, 56789, 9234, 69362, 92695, 85883, 56108, 86334]"
117828,"[76341, 37792, 94358, 44367, 83302, 89767, 80429, 94731, 62004, 106224]"
117829,"[15510, 72206, 1152, 78373, 22793, 45834, 98375, 45718, 15138, 33682]"
117830,"[63070, 105510, 3164, 40472, 84480, 70145, 13621, 94101, 52755, 107260]"
117831,"[42609, 95369, 22845, 53177, 75737, 82212, 78430, 23651, 92257, 50751]"
117832,"[53246, 66714, 29079, 16720, 73470, 58303, 69757, 80443, 1669, 109214]"
117833,"[26384, 39145, 105626, 33135, 54911, 106629, 24860, 73294, 69225, 100823]"
117834,"[2929, 94419, 15094, 431, 20842, 109470, 13124, 25830, 31290, 62660]"
117835,"[4418, 1093, 25105, 89652, 31757, 95945, 105721, 96499, 61242, 77946]"
117836,"[13310, 64862, 8820, 21840, 19498, 11035, 77821, 28473, 67164, 92540]"
117837,"[91194, 106200, 59818, 76412, 29397, 103713, 60734, 90731, 61338, 105176]"
117838,"[64251, 15146, 62188, 7710, 22591, 80448, 34683, 7591, 9208, 41510]"
117839,"[5181, 93340, 80826, 60016, 65305, 97400, 59449, 10532, 12579, 76886]"
117840,"[97789, 70895, 95895, 50724, 48482, 54263, 65611, 31743, 19996, 8200]"
117841,"[5440, 7390, 10838, 103969, 51620, 13519, 63231, 54937, 93432, 77041]"
117842,"[21465, 8020, 96752, 25257, 54619, 5246, 18551, 15004, 37971, 34119]"
117843,"[94184, 67446, 88057, 53100, 47580, 42006, 20591, 37718, 24581, 32891]"
117844,"[7103, 64026, 31788, 62629, 93022, 82088, 109388, 26512, 69831, 31865]"
117845,"[47133, 15895, 103598, 106680, 60690, 105756, 97471, 109237, 23662, 12039]"
117846,"[54005, 89620, 54259, 44662, 92863, 50690, 103311, 42791, 76224, 58649]"
117847,"[9163, 28363, 87523, 47771, 33850, 79093, 70640, 20447, 102645, 107577]"
117848,"[67305, 11939, 19021, 69465, 6027, 100565, 25363, 3171, 25758, 64675]"
117849,"[106592, 28212, 90362, 65393, 46466, 84935, 46840, 88099, 108496, 34891]"
117850,"[81899, 86505, 31342, 53217, 39726, 96375, 85960, 88831, 82908, 59092]"
117851,"[13714, 56499, 87710, 37086, 8752, 76161, 6000, 102376, 9363, 78795]"
117852,"[101025, 46280, 66450, 103404, 12727, 45662, 41545, 98085, 108872, 60951]"
117853,"[77142, 77326, 23790, 38451, 8586, 53322, 60261, 3686, 90163, 11279]"
117854,"[107466, 16853, 60865, 38135, 97955, 106803, 35711, 15165, 22983, 18985]"
117855,"[7442, 70760, 94333, 100188, 87054, 109426, 100036, 91091, 20211, 29059]"
117856,"[23735, 23137, 32206, 36323, 13951, 33191, 60995, 55584, 102213, 55021]"
117857,"[10132, 105578, 80816, 109453, 18245, 102185, 54006, 25239, 95511, 15821]"
117858,"[61053, 97211, 49064, 29860, 39663, 84379, 48983, 105278, 33124, 97534]"
117859,"[54082, 63342, 84258, 3495, 104372, 70863, 39416, 43282, 22144, 27477]"
117860,"[3066, 17171, 104910, 18531, 46957, 50530, 55980, 669, 24582, 99090]"
117861,"[97354, 48985, 44105, 106584, 93446, 268, 73882, 48733, 42817, 2088]"
117862,"[75814, 47477, 94398, 74155, 98054, 109726, 17812, 25712, 10103, 63774]"
117863,"[34783, 64950, 70166, 70145, 38455, 94101, 64663, 75010, 5083, 13191]"
117864,"[84270, 10770, 48216, 61765, 104444, 5416, 34936, 22721, 42788, 73644]"
117865,"[39950, 71430, 75489, 50382, 50148, 86746, 78244, 81505, 52591, 92378]"
117866,"[95065, 95684, 52812, 10953, 46858, 89868, 82771, 73752, 96335, 20935]"
117867,"[67015, 23977, 79350, 108279, 48265, 76988, 84491, 35176, 81323, 77426]"
117868,"[84883, 33635, 13624, 14787, 28575, 32706, 46464, 65636, 3609, 17118]"
117869,"[70138, 12304, 10248, 83716, 23377, 54874, 61366, 29846, 62535, 48991]"
117870,"[35978, 188, 45098, 22129, 80392, 64258, 73654, 68365, 94474, 9545]"
117871,"[1014, 24540, 35550, 16787, 70695, 96895, 77185, 39917, 433, 29808]"
117872,"[95918, 98429, 42010, 77318, 88279, 98602, 4617, 53442, 108805, 103638]"
117873,"[47821, 50771, 84057, 11480, 4532, 24144, 17555, 54882, 27445, 63555]"
117874,"[64910, 87930, 42872, 74930, 15279, 64870, 5496, 48110, 74667, 86649]"
117875,"[90681, 31517, 106426, 7053, 23385, 95525, 26549, 83116, 23802, 64650]"
117876,"[70364, 97603, 21282, 103624, 100792, 44019, 18347, 70763, 2400, 25037]"
117877,"[46178, 22362, 80777, 67947, 94817, 30092, 38381, 59115, 96488, 102184]"
117878,"[84536, 5927, 22584, 9199, 82845, 45027, 97558, 77328, 64656, 32433]"
117879,"[39094, 49211, 31258, 11575, 64266, 5151, 21293, 25074, 98173, 56526]"
117880,"[102464, 101487, 20058, 85666, 74416, 106220, 101733, 34799, 34371, 16627]"
117881,"[68495, 19734, 63207, 89050, 20942, 46949, 6261, 94245, 94167, 39416]"
117882,"[60206, 66002, 92230, 6691, 35183, 108209, 36698, 46173, 96625, 10572]"
117883,"[21885, 95752, 25921, 62193, 53013, 69170, 97485, 42081, 46298, 93743]"
117884,"[51764, 5460, 3223, 24137, 108401, 72552, 20064, 109638, 5086, 30406]"
117885,"[97722, 9485, 63220, 58971, 109771, 65277, 40058, 99759, 44163, 543]"
117886,"[82612, 38182, 19717, 3192, 2211, 28791, 75142, 75740, 19257, 62820]"
117887,"[102287, 69965, 106811, 3318, 34054, 53370, 8401, 66188, 42104, 32431]"
117888,"[23695, 96662, 106126, 21135, 16582, 90583, 40305, 97569, 85238, 65214]"
117889,"[32860, 16288, 78641, 13282, 108592, 5903, 7172, 18461, 63464, 54113]"
117890,"[22600, 22416, 7023, 87436, 44094, 17597, 50317, 32286, 50416, 27190]"
117891,"[29809, 12477, 73198, 98246, 12760, 85884, 59453, 38240, 26460, 74106]"
117892,"[109561, 17585, 8548, 45796, 11820, 106568, 79204, 4563, 19777, 23968]"
117893,"[36264, 10948, 79857, 86488, 78416, 73399, 75307, 32167, 90516, 75393]"
117894,"[29157, 75283, 62155, 24087, 74238, 85032, 17916, 107194, 73643, 83932]"
117895,"[98500, 87535, 49034, 77259, 40776, 103513, 45591, 5534, 80538, 55867]"
117896,"[28825, 54555, 50000, 53705, 36345, 72118, 71314, 15678, 19139, 49311]"
117897,"[103913, 66732, 78239, 55699, 42358, 64383, 87980, 108308, 4032, 80985]"
117898,"[88236, 103463, 91979, 31633, 62765, 66351, 57731, 52784, 19381, 7149]"
117899,"[26621, 15018, 6480, 57687, 20845, 98604, 99946, 46630, 92475, 91566]"
117900,"[11572, 16646, 87786, 90898, 4744, 66101, 32845, 45102, 23862, 27340]"
117901,"[102100, 85929, 87497, 25429, 31905, 45101, 26749, 59183, 96073, 26861]"
117902,"[42031, 20763, 6987, 77378, 96644, 108130, 14524, 93689, 66382, 57752]"
117903,"[19525, 102091, 55472, 14866, 59217, 33129, 67523, 69770, 4533, 75348]"
117904,"[49251, 52679, 93954, 36657, 56226, 33562, 17260, 44945, 90577, 9065]"
117905,"[24335, 77231, 99171, 56362, 101373, 108697, 61013, 13, 102706, 41447]"
117906,"[43043, 68169, 7522, 59139, 21817, 107791, 74906, 96165, 101360, 33443]"
117907,"[18410, 17093, 15822, 43995, 106957, 17141, 11793, 13604, 97369, 52993]"
117908,"[65648, 22840, 41954, 15299, 89604, 72017, 94441, 24390, 83183, 18535]"
117909,"[32599, 79444, 100395, 12394, 1190, 58717, 44358, 16825, 67811, 80591]"
117910,"[40016, 109098, 45171, 66935, 14543, 46512, 81748, 20504, 40432, 83074]"
117911,"[50935, 109020, 82345, 25743, 70548, 42823, 21578, 24594, 87783, 4058]"
117912,"[68751, 95847, 85756, 56416, 11541, 14200, 82273, 8801, 51868, 67010]"
117913,"[28463, 55441, 31375, 76493, 71198, 51268, 63248, 2810, 36432, 104933]"
117914,"[9862, 43634, 97700, 33876, 72466, 2101, 37665, 98145, 34914, 15001]"
117915,"[3497, 60132, 98200, 51752, 9127, 15870, 84061, 98788, 53547, 72777]"
117916,"[13531, 105213, 106624, 97352, 39433, 47429, 40838, 34850, 101061, 65758]"
117917,"[19169, 85366, 7076, 48844, 23055, 25946, 14304, 26209, 101044, 88750]"
117918,"[49704, 33425, 51455, 5742, 15554, 20119, 88723, 45348, 15608, 32004]"
117919,"[64992, 47385, 72910, 62707, 50887, 103182, 42340, 42504, 88979, 10315]"
117920,"[53696, 84403, 88458, 89770, 108134, 60472, 100793, 95405, 52838, 18172]"
117921,"[80376, 7948, 91504, 104559, 18225, 18603, 82841, 60847, 94218, 52466]"
117922,"[83584, 19722, 100561, 24267, 106179, 47734, 99005, 84274, 45033, 90975]"
117923,"[50921, 94235, 48292, 1041, 16208, 67183, 71878, 301, 70789, 35278]"
117924,"[38483, 88229, 78425, 44589, 76436, 95149, 6765, 49340, 65357, 40431]"
117925,"[1950, 93862, 27851, 26473, 60664, 5444, 80281, 25596, 36776, 11705]"
117926,"[390, 82077, 54789, 105350, 42771, 45541, 30911, 65071, 2017, 39439]"
117927,"[86978, 78599, 56110, 49491, 96634, 79642, 932, 31161, 85343, 2679]"
117928,"[61817, 54546, 82363, 65444, 13959, 50117, 48621, 68292, 106434, 79687]"
117929,"[71551, 84827, 26206, 54641, 83532, 59349, 52062, 51357, 40926, 48542]"
117930,"[30710, 3269, 106794, 64442, 13615, 2456, 60455, 98612, 28985, 64059]"
117931,"[60497, 2615, 11288, 9580, 12844, 17899, 101094, 82768, 40397, 86593]"
117932,"[52883, 90052, 47716, 1904, 93135, 13470, 82676, 39257, 10703, 35094]"
117933,"[44242, 62809, 34218, 82657, 100884, 21759, 96762, 52203, 69916, 60949]"
117934,"[69668, 5327, 28804, 88629, 6942, 73826, 6806, 42588, 108028, 21361]"
117935,"[96694, 59943, 35626, 96445, 42521, 415, 89826, 20559, 89859, 54151]"
117936,"[28154, 43064, 6985, 9239, 82341, 18025, 34047, 94841, 107294, 109394]"
117937,"[30401, 18669, 41840, 44652, 40748, 103958, 17053, 99858, 49512, 45027]"
117938,"[106228, 80383, 33032, 9052, 8764, 89408, 41433, 20218, 52752, 23548]"
117939,"[42782, 28049, 36300, 23028, 87109, 107830, 21039, 32268, 96541, 13194]"
117940,"[88078, 69953, 93441, 44544, 107593, 64968, 78258, 21437, 81511, 107443]"
117941,"[11779, 101513, 93422, 48778, 8219, 105349, 76276, 1659, 55828, 82525]"
117942,"[61274, 29696, 24743, 83785, 53798, 93226, 63109, 16084, 33354, 11543]"
117943,"[70721, 69810, 71596, 76827, 29012, 73910, 7938, 27182, 96559, 68188]"
117944,"[92430, 102451, 26882, 85438, 64500, 56953, 63760, 69863, 97075, 19688]"
117945,"[6380, 29645, 67399, 66852, 109199, 77366, 63135, 46440, 11207, 73581]"
117946,"[69272, 8687, 96120, 109701, 84132, 876, 39229, 21190, 5033, 98541]"
117947,"[44054, 9604, 87838, 92077, 59763, 67662, 81214, 50638, 19545, 104515]"
117948,"[5976, 3017, 63170, 26380, 29257, 84088, 84695, 99628, 51879, 66916]"
117949,"[55590, 102196, 27229, 9987, 103930, 40601, 27979, 9574, 54272, 64950]"
117950,"[34388, 38406, 67445, 77980, 10161, 12400, 106952, 42890, 101004, 96985]"
117951,"[13974, 64358, 30713, 74405, 103293, 26819, 72343, 66948, 84047, 49722]"
117952,"[31213, 28555, 22644, 50291, 16355, 30499, 15607, 62243, 35028, 85841]"
117953,"[68580, 62387, 86367, 71280, 36086, 84080, 74600, 79941, 92037, 14365]"
117954,"[98558, 19022, 60571, 104151, 14660, 83858, 36378, 55892, 66145, 24406]"
117955,"[68164, 9950, 74751, 57842, 64710, 29263, 21055, 2792, 108176, 77838]"
117956,"[54410, 162, 64091, 74201, 55364, 68775, 71519, 18541, 101213, 65730]"
117957,"[100197, 41711, 107515, 28674, 84440, 92574, 81825, 41874, 6369, 39927]"
117958,"[29109, 9819, 35043, 34061, 33844, 95530, 95048, 65323, 68190, 69736]"
117959,"[61593, 15656, 52500, 104854, 102584, 12268, 105565, 15291, 22280, 34158]"
117960,"[75752, 47422, 37911, 53778, 92780, 57904, 57720, 58602, 47270, 11920]"
117961,"[33196, 24306, 40503, 4202, 66977, 84462, 25237, 23445, 89770, 62523]"
117962,"[53754, 32828, 70815, 40617, 106712, 53571, 46914, 33401, 60966, 53986]"
117963,"[76451, 69217, 56283, 101782, 86403, 50643, 59172, 108516, 46759, 81893]"
117964,"[7073, 51105, 67828, 87960, 4031, 104242, 56142, 44177, 22412, 31854]"
117965,"[93913, 7020, 78659, 108589, 97503, 88212, 49941, 88070, 22215, 39747]"
117966,"[1375, 14743, 72181, 57710, 39482, 1446, 107111, 74042, 18317, 46486]"
117967,"[22523, 25196, 32357, 14058, 103020, 91079, 95277, 94346, 43089, 32098]"
117968,"[65296, 62424, 24778, 37561, 97765, 9283, 29872, 16839, 20659, 18087]"
117969,"[85828, 96165, 49277, 85545, 8011, 69374, 102145, 104903, 99236, 61805]"
117970,"[42136, 50750, 107398, 100085, 47081, 30943, 101745, 105613, 52962, 20698]"
117971,"[93118, 1011, 75201, 96867, 58574, 34405, 69416, 61697, 43602, 78888]"
117972,"[44344, 52697, 38307, 99550, 1801, 77207, 10768, 52659, 57045, 68592]"
117973,"[82324, 21320, 101284, 17607, 72435, 14452, 21344, 106601, 2398, 77152]"
117974,"[48840, 4346, 16970, 32258, 74210, 39205, 25361, 96916, 106764, 90224]"
117975,"[96459, 25766, 19380, 82238, 6611, 17175, 8837, 77656, 83565, 60852]"
117976,"[3514, 6188, 94620, 14704, 75133, 35206, 76079, 26207, 8192, 11561]"
117977,"[90046, 61678, 72162, 69642, 2615, 63860, 94650, 10962, 23917, 74424]"
117978,"[50202, 2265, 50131, 74944, 76513, 103949, 84352, 60338, 80943, 29225]"
117979,"[30475, 25457, 92568, 49482, 59606, 39859, 61121, 22019, 63460, 106728]"
117980,"[92849, 78061, 103935, 55836, 94490, 45722, 60292, 81050, 86654, 107433]"
117981,"[1892, 91446, 9491, 30338, 88734, 57167, 86325, 50568, 69510, 54315]"
117982,"[62318, 58509, 14834, 88158, 79914, 46694, 8734, 27144, 41079, 106160]"
117983,"[105591, 35759, 103488, 25508, 59997, 23808, 38542, 20829, 63868, 37846]"
117984,"[85432, 39344, 2300, 21878, 75859, 39690, 22401, 58768, 90496, 85507]"
117985,"[101754, 21993, 10843, 4347, 5296, 11121, 64789, 20080, 2704, 85713]"
117986,"[9235, 88901, 41953, 51157, 104276, 80382, 41998, 5619, 36439, 44236]"
117987,"[6065, 10498, 817, 78103, 97606, 60403, 22612, 86865, 72931, 66073]"
117988,"[45206, 62649, 81132, 84589, 51496, 13095, 66805, 88208, 9900, 38516]"
117989,"[65904, 46188, 101750, 95003, 38630, 49957, 60905, 4767, 35059, 69852]"
117990,"[49909, 732, 52931, 28391, 100444, 93171, 27748, 72091, 27841, 82376]"
117991,"[87550, 28979, 30027, 56028, 46744, 80025, 30861, 82234, 60628, 58292]"
117992,"[16937, 60701, 35669, 12277, 71497, 102391, 76310, 10000, 75629, 94151]"
117993,"[103903, 42919, 57321, 75395, 43037, 1547, 42513, 101531, 23188, 61219]"
117994,"[97500, 74992, 101292, 29164, 72321, 54962, 107426, 82957, 33576, 105099]"
117995,"[99784, 51058, 76673, 20439, 38409, 39701, 98807, 47876, 48415, 95549]"
117996,"[30172, 60228, 66727, 44172, 108865, 45067, 8507, 72972, 103180, 100958]"
117997,"[13446, 102182, 63169, 4855, 56778, 104374, 87352, 11108, 26305, 93458]"
117998,"[33714, 19335, 37299, 20785, 14907, 40168, 79014, 51685, 55673, 75667]"
117999,"[34614, 17690, 40262, 13507, 10780, 28056, 83839, 83191, 88017, 108212]"
118000,"[66227, 87023, 22692, 6672, 58937, 56725, 17240, 5335, 25990, 61903]"
118001,"[6572, 50706, 101437, 79948, 25376, 9988, 17183, 38150, 70733, 87332]"
118002,"[39139, 25500, 64214, 24203, 47020, 96410, 34085, 37441, 108577, 95607]"
118003,"[6574, 14291, 49339, 43143, 27520, 95306, 74443, 83192, 91889, 78681]"
118004,"[23748, 43277, 18914, 55418, 18103, 89383, 43687, 107064, 62074, 29808]"
118005,"[16771, 8997, 80041, 5306, 92609, 24730, 35485, 56270, 104178, 32562]"
118006,"[95423, 43979, 25810, 48603, 47647, 46522, 81301, 34197, 8324, 26414]"
118007,"[36454, 25776, 99297, 98464, 23795, 98094, 6407, 6869, 99787, 100502]"
118008,"[21757, 33941, 90629, 44504, 98674, 18276, 57956, 71352, 15502, 99855]"
118009,"[10577, 42363, 95120, 31093, 85161, 17386, 32192, 53324, 78912, 35486]"
118010,"[71890, 79132, 59523, 58759, 75904, 17955, 65025, 14208, 82837, 51968]"
118011,"[106730, 99848, 20866, 22797, 50179, 103274, 107368, 56790, 6950, 90156]"
118012,"[17891, 4389, 68317, 7738, 24239, 108390, 62420, 76464, 87634, 85695]"
118013,"[42664, 75813, 83279, 60385, 84867, 47121, 39066, 70624, 14070, 44041]"
118014,"[92134, 20582, 34077, 13283, 33715, 70515, 6067, 26179, 18021, 50371]"
118015,"[35381, 16408, 105120, 46559, 27984, 30193, 54188, 70472, 100074, 35549]"
118016,"[39887, 41908, 58437, 82530, 53912, 17708, 59935, 46226, 58064, 41148]"
118017,"[17935, 57181, 46652, 53317, 50333, 34393, 39712, 66578, 18129, 35762]"
118018,"[18114, 62408, 1440, 78641, 40147, 31400, 71054, 29902, 77343, 54113]"
118019,"[14105, 59687, 95348, 98021, 6175, 51073, 54318, 44231, 71215, 15531]"
118020,"[77444, 17344, 4884, 105365, 90611, 77706, 51152, 57675, 104847, 77134]"
118021,"[63490, 69342, 81715, 26274, 31936, 13696, 21117, 100759, 92868, 43778]"
118022,"[105955, 50916, 38270, 53641, 11178, 82039, 84780, 51062, 76667, 105316]"
118023,"[51549, 49882, 33292, 38424, 60725, 68038, 98335, 48675, 102396, 54466]"
118024,"[53936, 92354, 79065, 26850, 34914, 32790, 91322, 11899, 27832, 75788]"
118025,"[1567, 58781, 81409, 108890, 85896, 97771, 64198, 15169, 103375, 109158]"
118026,"[89017, 95641, 68154, 91983, 68855, 104314, 40550, 92154, 11315, 106281]"
118027,"[17668, 78551, 85036, 4947, 75213, 60477, 19983, 65688, 17454, 80343]"
118028,"[2209, 8189, 2198, 55108, 12876, 18786, 11223, 45841, 7542, 19079]"
118029,"[108522, 38855, 60102, 94940, 31589, 78596, 109059, 57392, 97922, 55490]"
118030,"[92729, 51756, 18111, 15116, 91329, 101794, 10043, 3063, 86974, 53103]"
118031,"[90422, 5663, 4637, 46454, 64624, 105077, 60695, 24400, 71881, 79755]"
118032,"[2018, 103590, 72395, 55596, 79946, 1929, 22808, 74481, 89432, 40632]"
118033,"[86846, 70652, 4101, 43883, 1443, 34224, 47863, 26959, 52527, 17268]"
118034,"[19199, 54680, 14790, 18989, 47841, 94311, 67485, 64675, 64380, 23786]"
118035,"[74530, 40680, 1483, 93640, 81510, 88794, 64277, 6115, 7934, 35437]"
118036,"[5964, 76799, 32089, 77842, 108246, 76295, 81026, 87734, 72749, 8348]"
118037,"[104100, 26159, 79537, 75708, 22908, 35922, 1291, 67843, 98612, 12193]"
118038,"[36306, 70795, 57441, 32166, 30581, 35461, 80546, 34730, 75280, 539]"
118039,"[39836, 9046, 80378, 99396, 33695, 2339, 50982, 35075, 12293, 103466]"
118040,"[96656, 88754, 59342, 91264, 60438, 8552, 15285, 72511, 72780, 87526]"
118041,"[40696, 51722, 55151, 104444, 10757, 70547, 4813, 6271, 7953, 63543]"
118042,"[78630, 80811, 37031, 71048, 87150, 95220, 39507, 82127, 13031, 74250]"
118043,"[20833, 49330, 43951, 11774, 13086, 61170, 96770, 21099, 68567, 23028]"
118044,"[95932, 7270, 98096, 21105, 49250, 25344, 69176, 79425, 57405, 104629]"
118045,"[21833, 100115, 52717, 15079, 46336, 105958, 70734, 66254, 17688, 76528]"
118046,"[47690, 109204, 102468, 53465, 80398, 83854, 4364, 100609, 86247, 26187]"
118047,"[66496, 59233, 97532, 61172, 19753, 32402, 26552, 68762, 79376, 66009]"
118048,"[107645, 15534, 8090, 90058, 25769, 86446, 17384, 91448, 43084, 91783]"
118049,"[22786, 92073, 7248, 33334, 61726, 39691, 84154, 42005, 59715, 43180]"
118050,"[99712, 32910, 101457, 76902, 55616, 21671, 105588, 52673, 12758, 12474]"
118051,"[64886, 7623, 88671, 104957, 74509, 15751, 75296, 34551, 27161, 45268]"
118052,"[62445, 80177, 41774, 53811, 85556, 35536, 61680, 18681, 37339, 41460]"
118053,"[28154, 43064, 6985, 9239, 82341, 18025, 34047, 94841, 107294, 109394]"
118054,"[12980, 40227, 38744, 43539, 26347, 97378, 68504, 15664, 79738, 72330]"
118055,"[11475, 75580, 14985, 96270, 85105, 93086, 94065, 8135, 28720, 85648]"
118056,"[66972, 71948, 12498, 51008, 15289, 106727, 104643, 10963, 9140, 30904]"
118057,"[27156, 7721, 71594, 109312, 55538, 90738, 64546, 9529, 42559, 95856]"
118058,"[52128, 97744, 4137, 77316, 106613, 26732, 74604, 57294, 91134, 16511]"
118059,"[75919, 100729, 79070, 84522, 96330, 9746, 45498, 100067, 97714, 13641]"
118060,"[16055, 89492, 66239, 24962, 8995, 33207, 56128, 76127, 102221, 83706]"
118061,"[92108, 55613, 67366, 1622, 108363, 53181, 30800, 106302, 37281, 77016]"
118062,"[54918, 40170, 64997, 104831, 29067, 30329, 97831, 63532, 44246, 33959]"
118063,"[95155, 19755, 61114, 86237, 22975, 22196, 19614, 60131, 41336, 13188]"
118064,"[12084, 21266, 29342, 54633, 22191, 48464, 69647, 81389, 8565, 51456]"
118065,"[99942, 101278, 55935, 19346, 24171, 32530, 9286, 55984, 24504, 99746]"
118066,"[35753, 92795, 89623, 25564, 79088, 73925, 98851, 7246, 100351, 93732]"
118067,"[63480, 74018, 33812, 88597, 62164, 78820, 55672, 1939, 102917, 95749]"
118068,"[45166, 106971, 17309, 91762, 39657, 25078, 66376, 19795, 5428, 109116]"
118069,"[55621, 49448, 52437, 39837, 106612, 82697, 66589, 38692, 67359, 101552]"
118070,"[58121, 33658, 13921, 7477, 27998, 101859, 9892, 31447, 11287, 56835]"
118071,"[3627, 27966, 11236, 6538, 78355, 54179, 48707, 47456, 104939, 95478]"
118072,"[79510, 33620, 36717, 80483, 90021, 54312, 93769, 13703, 82606, 7278]"
118073,"[67586, 3275, 1197, 18754, 24515, 18718, 76060, 79315, 98059, 103764]"
118074,"[11669, 46446, 29599, 58392, 39619, 8423, 37833, 54740, 50346, 104036]"
118075,"[85857, 73517, 56489, 92443, 108827, 13707, 28173, 43878, 70843, 60823]"
118076,"[51801, 50700, 75629, 10150, 3339, 61195, 81745, 90643, 58566, 79270]"
118077,"[16893, 14250, 9386, 82797, 21298, 65621, 89610, 80199, 6346, 38861]"
118078,"[72835, 88101, 17657, 73674, 90731, 28946, 99863, 76873, 88932, 83196]"
118079,"[32900, 47559, 39723, 37721, 80222, 11952, 18139, 65426, 90677, 57183]"
118080,"[88643, 23350, 54485, 57222, 31979, 71393, 88804, 71508, 37731, 105005]"
118081,"[73940, 5379, 40170, 41499, 17308, 30022, 69450, 106747, 58581, 87910]"
118082,"[26940, 20038, 24081, 93927, 46880, 77854, 60313, 98468, 33318, 84380]"
118083,"[60613, 89207, 59291, 90145, 78631, 47829, 83852, 60, 105307, 32949]"
118084,"[34835, 90732, 73681, 107075, 102786, 4837, 67448, 88334, 109323, 83926]"
118085,"[106259, 75070, 103054, 49430, 64378, 38958, 27058, 107299, 103457, 98839]"
118086,"[28502, 54500, 45276, 40623, 39441, 61053, 2679, 12514, 94074, 71144]"
118087,"[31532, 80945, 87655, 36727, 21444, 89244, 89137, 100256, 95821, 55142]"
118088,"[10084, 62777, 87424, 594, 82802, 78227, 63402, 30000, 109194, 78730]"
118089,"[98950, 4856, 26856, 29416, 44687, 13410, 80962, 87740, 100372, 97361]"
118090,"[48689, 51042, 74752, 40779, 68170, 61528, 71749, 45085, 28472, 98142]"
118091,"[42303, 35589, 14462, 63938, 76320, 103865, 83436, 79213, 46098, 98855]"
118092,"[50123, 62172, 47421, 58587, 69653, 103631, 14173, 8429, 102533, 85694]"
118093,"[10640, 107694, 50414, 5720, 102249, 29423, 101814, 27240, 73105, 79287]"
118094,"[99673, 56520, 33893, 51468, 15696, 105459, 50812, 8031, 43989, 108046]"
118095,"[27631, 83782, 19720, 16276, 85786, 23536, 94442, 1712, 38948, 87860]"
118096,"[2549, 91479, 39783, 7724, 32097, 67212, 27533, 52390, 14994, 65995]"
118097,"[34476, 94558, 106232, 13564, 89530, 64055, 99523, 60467, 22225, 10701]"
118098,"[72612, 19492, 17807, 17840, 82343, 19692, 44112, 34591, 25553, 91409]"
118099,"[97262, 74617, 90215, 31707, 69823, 73653, 1333, 61189, 50224, 49173]"
118100,"[24355, 32393, 65286, 83672, 29027, 76926, 84807, 46208, 68887, 34362]"
118101,"[35052, 61394, 41178, 102270, 21808, 31459, 91563, 11816, 76822, 15398]"
118102,"[40444, 54110, 81886, 1506, 36583, 25431, 59555, 7015, 70975, 35152]"
118103,"[16817, 35683, 34254, 38516, 58409, 68230, 19407, 5557, 78695, 26178]"
118104,"[108763, 37779, 103523, 6988, 25076, 72874, 15704, 68156, 69033, 20781]"
118105,"[45539, 104249, 60916, 106941, 33499, 4671, 106339, 36221, 96239, 90303]"
118106,"[94487, 39197, 80954, 16720, 49896, 14831, 61695, 15655, 23072, 6357]"
118107,"[45303, 17304, 38219, 6021, 86443, 108456, 48322, 98859, 56670, 40066]"
118108,"[52972, 108101, 25568, 98927, 64879, 55218, 64030, 34969, 85977, 19643]"
118109,"[85182, 7326, 54331, 53477, 3722, 77771, 74201, 55364, 80368, 22140]"
118110,"[51804, 2594, 99390, 682, 31800, 105579, 105419, 46713, 5947, 562]"
118111,"[83760, 3604, 53414, 99241, 65679, 91216, 90347, 41238, 1121, 86666]"
118112,"[98498, 78452, 46511, 81030, 3462, 33592, 98529, 93293, 49744, 79536]"
118113,"[27191, 5945, 6336, 15888, 80482, 102457, 36918, 5698, 96739, 23467]"
118114,"[74162, 42528, 48192, 96967, 63184, 26708, 42118, 21544, 59402, 67511]"
118115,"[6968, 70189, 56022, 92647, 25994, 62968, 37523, 53712, 71282, 38910]"
118116,"[42986, 13042, 16916, 53269, 84156, 5229, 31328, 10926, 45377, 18007]"
118117,"[94099, 90978, 98629, 35207, 82807, 96377, 94554, 93099, 10598, 103417]"
118118,"[25223, 26566, 10649, 26763, 64814, 38515, 37908, 81670, 5724, 62892]"
118119,"[98180, 97776, 89805, 93179, 47580, 9963, 13542, 8878, 17388, 44027]"
118120,"[61459, 44103, 12039, 10235, 108866, 98789, 24529, 8093, 105218, 59735]"
118121,"[11467, 66524, 28695, 19159, 87856, 91122, 79922, 39982, 42269, 84865]"
118122,"[96575, 74225, 101529, 41375, 99857, 80231, 15866, 85361, 64919, 104271]"
118123,"[20803, 22797, 54989, 631, 103274, 46399, 44683, 94081, 97731, 107372]"
118124,"[104474, 100448, 44895, 39062, 24678, 10644, 39590, 62071, 18486, 50099]"
118125,"[42245, 96613, 106374, 12692, 11691, 39230, 105605, 68152, 31424, 44464]"
118126,"[42392, 72773, 25067, 71389, 37471, 68974, 36995, 20838, 68853, 25362]"
118127,"[65638, 42008, 88047, 16558, 37315, 37526, 7123, 63234, 7235, 105914]"
118128,"[75062, 67219, 80805, 96245, 38412, 94499, 17241, 62894, 85927, 59216]"
118129,"[74563, 49615, 104837, 70623, 84610, 98359, 60326, 16240, 89137, 100256]"
118130,"[54243, 55012, 83091, 17690, 78424, 13507, 95298, 43562, 20690, 105017]"
118131,"[85815, 27889, 90576, 43585, 63179, 71923, 50782, 107808, 32341, 86089]"
118132,"[83530, 90843, 56719, 6771, 2489, 86907, 8133, 108796, 53979, 1568]"
118133,"[73852, 60067, 107333, 43603, 85779, 55087, 22875, 3596, 82714, 69391]"
118134,"[68680, 102832, 67618, 44482, 52145, 77505, 15054, 5858, 68996, 79456]"
118135,"[63975, 10777, 39624, 63373, 57836, 29848, 48368, 92699, 107851, 15703]"
118136,"[44560, 48497, 108925, 3305, 69961, 101649, 35487, 85795, 90613, 29389]"
118137,"[21184, 72689, 16053, 106147, 101137, 10758, 11005, 46535, 15950, 9978]"
118138,"[78457, 25670, 30205, 96630, 45712, 63465, 2712, 251, 37274, 10938]"
118139,"[43432, 70183, 99162, 11689, 63005, 2666, 91683, 37824, 50739, 25870]"
118140,"[80293, 97366, 84437, 82285, 46111, 15813, 90193, 8505, 38388, 73781]"
118141,"[77416, 32488, 42294, 78845, 103482, 69753, 34131, 55507, 99720, 43478]"
118142,"[60890, 73331, 28531, 32101, 60012, 43172, 36553, 3633, 75294, 83935]"
118143,"[55091, 47168, 23141, 109447, 79481, 41457, 11796, 22099, 108118, 104800]"
118144,"[99864, 98045, 68908, 3343, 28095, 68745, 104037, 13126, 54559, 106663]"
118145,"[13388, 54834, 83009, 7017, 51290, 72956, 44801, 3493, 67637, 33304]"
118146,"[93146, 46501, 89798, 31907, 59742, 26985, 807, 83793, 11428, 81364]"
118147,"[63279, 20365, 11386, 20101, 54078, 41037, 37543, 33262, 29724, 562]"
118148,"[19368, 36145, 58909, 24200, 45717, 109650, 49154, 86046, 76185, 30320]"
118149,"[33096, 85888, 15008, 104290, 4357, 28021, 17328, 97151, 33181, 35928]"
118150,"[21551, 57494, 87308, 80259, 54786, 67519, 98719, 38616, 77923, 41990]"
118151,"[74012, 12504, 5280, 103725, 58448, 28134, 94733, 17196, 60606, 48018]"
118152,"[5039, 27235, 66532, 10923, 87927, 77640, 54503, 69851, 11038, 9013]"
118153,"[6996, 93489, 20299, 29248, 45904, 83157, 91671, 71074, 11736, 2089]"
118154,"[24479, 88201, 22751, 88151, 68800, 83827, 855, 83663, 3059, 62435]"
118155,"[53736, 59382, 62617, 99476, 78569, 90640, 13941, 58146, 48064, 74620]"
118156,"[108085, 67529, 50767, 55195, 39275, 52532, 81809, 42720, 72684, 55146]"
118157,"[31085, 52866, 25283, 76600, 99852, 12686, 75048, 884, 49907, 8705]"
118158,"[81109, 6518, 31302, 3847, 108197, 27242, 102652, 33506, 101285, 63736]"
118159,"[42492, 38264, 26031, 70645, 63874, 49650, 63775, 83708, 108798, 24256]"
118160,"[42600, 25848, 51461, 90759, 75036, 18377, 41679, 5930, 96747, 38179]"
118161,"[11216, 45118, 73487, 92888, 89609, 104772, 109547, 92771, 90783, 82129]"
118162,"[61025, 4700, 15792, 32454, 33229, 70304, 38493, 98957, 4595, 108494]"
118163,"[52889, 87472, 81460, 28366, 43682, 60557, 10030, 83765, 78577, 11105]"
118164,"[107494, 55515, 22237, 90518, 76943, 59441, 72523, 93801, 79783, 39664]"
118165,"[95610, 69564, 104872, 47327, 73013, 69077, 5972, 87417, 46784, 11748]"
118166,"[72391, 82063, 45077, 60287, 46373, 63112, 104808, 68008, 99715, 82458]"
118167,"[73508, 99896, 21155, 18032, 37855, 74313, 75051, 6658, 36911, 80300]"
118168,"[57046, 36557, 75209, 99438, 61429, 81595, 21065, 13748, 107874, 6331]"
118169,"[58661, 76100, 4385, 71280, 16956, 44611, 45033, 15391, 38222, 47734]"
118170,"[55210, 106936, 70643, 683, 81283, 38504, 26723, 101151, 39861, 28786]"
118171,"[19929, 64820, 64048, 23976, 39854, 47385, 15503, 19598, 108561, 24911]"
118172,"[85089, 90524, 49574, 82084, 14950, 105041, 85662, 43118, 42435, 65642]"
118173,"[49990, 98196, 94507, 35108, 99379, 82246, 47147, 106570, 41508, 66947]"
118174,"[25156, 96770, 93992, 78775, 71360, 46317, 105039, 73371, 84844, 42585]"
118175,"[74277, 22919, 32955, 857, 89150, 12873, 22742, 66323, 20828, 61048]"
118176,"[46938, 25776, 83374, 23795, 6869, 58856, 87810, 104790, 20073, 79976]"
118177,"[10529, 76047, 87796, 29889, 83284, 75422, 85342, 108972, 48881, 749]"
118178,"[82630, 61836, 24798, 62289, 44602, 80683, 4925, 2658, 2435, 72107]"
118179,"[68732, 83765, 87472, 67656, 86754, 39199, 13824, 10030, 13831, 68918]"
118180,"[19250, 106273, 72919, 87234, 49843, 96472, 85697, 11205, 74802, 31183]"
118181,"[87907, 20600, 28941, 100313, 68589, 15760, 100232, 26112, 77603, 16344]"
118182,"[70567, 91823, 1099, 15071, 69504, 18331, 104936, 69252, 69496, 14137]"
118183,"[80237, 102399, 67730, 79884, 71287, 43046, 57164, 6340, 4100, 58636]"
118184,"[30239, 67734, 32814, 33878, 49652, 106435, 44120, 80552, 35042, 82242]"
118185,"[106726, 90229, 68238, 8915, 6653, 59386, 64191, 34520, 52319, 13248]"
118186,"[66192, 99133, 92790, 99329, 47564, 57453, 19934, 89775, 40824, 72616]"
118187,"[28952, 41602, 95560, 34990, 61126, 82729, 85635, 80888, 23858, 66069]"
118188,"[37943, 77747, 15530, 6752, 28600, 6819, 14538, 14031, 106951, 69915]"
118189,"[79564, 106425, 73659, 108121, 12849, 105330, 94802, 58025, 47561, 22569]"
118190,"[18962, 1764, 9347, 64179, 49751, 32648, 36765, 31271, 80607, 76103]"
118191,"[43892, 37850, 41619, 72840, 57454, 103105, 64969, 73959, 24177, 19956]"
118192,"[15827, 3777, 10111, 38708, 26142, 107093, 49329, 16881, 76854, 90195]"
118193,"[24901, 69693, 82936, 10033, 45136, 90040, 50747, 59166, 67785, 42868]"
118194,"[83302, 88019, 76942, 70266, 95999, 76341, 29139, 24078, 37792, 27432]"
118195,"[38780, 34951, 47288, 49318, 84976, 94763, 58530, 109349, 70303, 83514]"
118196,"[106641, 30168, 60383, 13019, 58616, 16402, 59846, 14389, 4413, 29228]"
118197,"[74256, 73553, 70227, 20968, 92889, 92388, 80351, 24149, 38953, 87770]"
118198,"[90812, 27370, 19019, 78994, 78391, 7698, 83940, 45612, 107993, 72158]"
118199,"[38409, 51058, 55735, 95549, 99784, 39701, 76673, 47876, 20439, 98807]"
118200,"[46611, 108340, 61626, 75106, 86731, 67689, 97207, 6359, 79081, 81852]"
118201,"[51156, 54385, 25690, 106553, 3630, 17159, 33319, 54737, 74298, 11945]"
118202,"[52513, 17570, 48388, 30955, 99769, 61396, 40776, 95991, 95718, 43841]"
118203,"[20271, 83446, 95871, 89751, 76671, 73770, 96561, 54657, 36429, 81707]"
118204,"[31540, 44678, 37818, 29559, 33062, 10738, 86080, 59046, 40450, 49493]"
118205,"[79059, 98520, 74410, 4866, 102363, 109217, 27787, 58274, 21273, 103244]"
118206,"[102855, 29155, 86702, 93482, 46308, 107087, 107587, 92591, 3384, 84501]"
118207,"[105239, 18074, 27779, 106162, 68035, 11642, 72340, 40818, 102199, 15039]"
118208,"[61471, 96959, 20244, 43103, 73175, 48540, 102747, 97888, 97108, 55810]"
118209,"[27065, 37957, 57052, 52598, 103678, 54536, 37006, 86457, 37286, 35380]"
118210,"[55336, 1313, 14213, 52992, 91339, 22474, 69846, 55440, 56247, 20843]"
118211,"[63775, 108798, 60379, 25275, 94006, 40831, 26031, 106626, 9071, 73739]"
118212,"[105478, 47669, 79921, 3374, 49757, 83965, 20557, 7336, 89978, 25310]"
118213,"[61964, 64684, 3626, 20128, 97061, 81846, 40464, 58910, 49868, 44960]"
118214,"[95559, 69943, 80979, 33814, 23720, 77828, 73875, 60350, 66191, 46499]"
118215,"[49402, 74029, 91857, 55266, 41996, 55273, 38876, 71347, 47586, 25673]"
118216,"[63700, 23215, 101132, 15418, 21691, 99487, 75704, 83840, 89391, 27681]"
118217,"[33589, 78964, 36492, 52162, 74080, 93261, 49424, 7840, 15249, 77992]"
118218,"[89646, 16373, 56827, 74555, 67309, 73299, 40518, 13218, 67553, 92630]"
118219,"[90055, 49415, 71380, 48937, 69968, 11652, 40614, 30627, 1899, 79285]"
118220,"[22371, 65699, 89852, 75933, 23166, 103413, 64010, 22288, 66218, 101711]"
118221,"[28081, 104885, 47685, 90398, 63232, 28320, 106981, 41386, 4064, 51838]"
118222,"[92300, 30546, 60375, 99966, 89596, 61430, 84025, 105716, 26274, 31394]"
118223,"[73487, 62651, 77629, 82129, 71930, 109276, 66012, 32172, 95816, 54117]"
118224,"[41774, 35192, 57176, 62445, 43854, 80177, 34083, 90772, 41581, 46302]"
118225,"[49016, 73409, 95419, 42471, 36590, 52727, 81644, 65176, 18680, 555]"
118226,"[57208, 59279, 91675, 57891, 106087, 100062, 96590, 104983, 28324, 36371]"
118227,"[84985, 60423, 30656, 73024, 55680, 65231, 88100, 21235, 94555, 8206]"
118228,"[93997, 7295, 61441, 106581, 86794, 7944, 1890, 30572, 53089, 27568]"
118229,"[90964, 23613, 8416, 3978, 63223, 48584, 13786, 92246, 77200, 49331]"
118230,"[89621, 35190, 5170, 66298, 109336, 1556, 29289, 52138, 17165, 108509]"
118231,"[89592, 87584, 81628, 72579, 106986, 82845, 11612, 85159, 30041, 44465]"
118232,"[1514, 105290, 108333, 1489, 63666, 73162, 95959, 22122, 57620, 9660]"
118233,"[34148, 4398, 2220, 23621, 63166, 65680, 63590, 15186, 100924, 47296]"
118234,"[38304, 37923, 63454, 10517, 20501, 95518, 3708, 30693, 45512, 51666]"
118235,"[27020, 100361, 67979, 93433, 81658, 10031, 33643, 82287, 90925, 10089]"
118236,"[45923, 9981, 57376, 20853, 49600, 2676, 72717, 91879, 72952, 87771]"
118237,"[6454, 32210, 92436, 78981, 97573, 30865, 34407, 94748, 58465, 25652]"
118238,"[72559, 50354, 12888, 53523, 80956, 28785, 24079, 17330, 57191, 11332]"
118239,"[109618, 69057, 19472, 99313, 67822, 6725, 34850, 16559, 5024, 24023]"
118240,"[58457, 82727, 72116, 84213, 35229, 37998, 92357, 3115, 96878, 104489]"
118241,"[53592, 45839, 38609, 45225, 63721, 36847, 59219, 27962, 12248, 83798]"
118242,"[68843, 27964, 85676, 41478, 98985, 31879, 32074, 29854, 11781, 82427]"
118243,"[54884, 103202, 33387, 103745, 37401, 53902, 101726, 75472, 91297, 100707]"
118244,"[61122, 52406, 75534, 85598, 78810, 12932, 44996, 94474, 87094, 75448]"
118245,"[58482, 71581, 91967, 31925, 78445, 10540, 16792, 96576, 57095, 77197]"
118246,"[52328, 47741, 26485, 108758, 46729, 51069, 5416, 11062, 55055, 13459]"
118247,"[20558, 104162, 52695, 34902, 51241, 56662, 80372, 107699, 69910, 49825]"
118248,"[67899, 46901, 68715, 66291, 37486, 89682, 7307, 46721, 41947, 107107]"
118249,"[35422, 88169, 88422, 94318, 101317, 23216, 42352, 20593, 72605, 19108]"
118250,"[37607, 91556, 23661, 73465, 77298, 88989, 49270, 47453, 12297, 6618]"
118251,"[98304, 25963, 11346, 40291, 53363, 41431, 67792, 34642, 90511, 99084]"
118252,"[67077, 58521, 30500, 64281, 6612, 60248, 72971, 89043, 98479, 1142]"
118253,"[40958, 96656, 64636, 52180, 50834, 67539, 35872, 62218, 101239, 35201]"
118254,"[20643, 14592, 81860, 52882, 50160, 102330, 109721, 92117, 10617, 72129]"
118255,"[51416, 78839, 57104, 35736, 55845, 50402, 50230, 10435, 99685, 41488]"
118256,"[36967, 105958, 29457, 3584, 75934, 69505, 92990, 66575, 77583, 48852]"
118257,"[40036, 49000, 30432, 6003, 97397, 7613, 30605, 29316, 56125, 29319]"
118258,"[23893, 17899, 106985, 72731, 14012, 9580, 20732, 55681, 70625, 100629]"
118259,"[101155, 59184, 2062, 104718, 37511, 87366, 103488, 90011, 42203, 7354]"
118260,"[68827, 30149, 32388, 66810, 52776, 108841, 1040, 87830, 28848, 76966]"
118261,"[59759, 53150, 91189, 57156, 93828, 27288, 29480, 92913, 31558, 64966]"
118262,"[36602, 34712, 38063, 24344, 51207, 109322, 46163, 49602, 86152, 83540]"
118263,"[84046, 1487, 53795, 66158, 66645, 21794, 33876, 87389, 79065, 85322]"
118264,"[88084, 6535, 24959, 79853, 90785, 107665, 59923, 63407, 18231, 61906]"
118265,"[50962, 12631, 13795, 41483, 60122, 109470, 38563, 27859, 73583, 103882]"
118266,"[34515, 37457, 20272, 49867, 50991, 46854, 88055, 96895, 106002, 89394]"
118267,"[45976, 69532, 71580, 60573, 68517, 73687, 28247, 56565, 66217, 13497]"
118268,"[24093, 56229, 108195, 54050, 90777, 64881, 28698, 31490, 6566, 76133]"
118269,"[68528, 6861, 29217, 54832, 50848, 69626, 58363, 82660, 62733, 105642]"
118270,"[35702, 96149, 30664, 8654, 58400, 85203, 105097, 36486, 100530, 107874]"
118271,"[17510, 83513, 48616, 81451, 17921, 42323, 16046, 89278, 17060, 67693]"
118272,"[87639, 41683, 19240, 57890, 86816, 49908, 13758, 102841, 47384, 88562]"
118273,"[32808, 31268, 109502, 90087, 37345, 30228, 86392, 28992, 79513, 28541]"
118274,"[12469, 88711, 23823, 24680, 12497, 7695, 37453, 87257, 101603, 108668]"
118275,"[26243, 4970, 85349, 99217, 15893, 3130, 4390, 37708, 42707, 69672]"
118276,"[85375, 71978, 53842, 58570, 62895, 97121, 75876, 14786, 89078, 90728]"
118277,"[8559, 51836, 43628, 32947, 71162, 35698, 66014, 104868, 56557, 77913]"
118278,"[16891, 82060, 92160, 81920, 59481, 16354, 58366, 85070, 90186, 63015]"
118279,"[59063, 24574, 82061, 7919, 83984, 52060, 64464, 22489, 53615, 61743]"
118280,"[78412, 20944, 106933, 3441, 36220, 99449, 108068, 107291, 58735, 56072]"
118281,"[77440, 19862, 10895, 101213, 43225, 36098, 27353, 61730, 54410, 102160]"
118282,"[44579, 11387, 34394, 52101, 94900, 60183, 87384, 105926, 85852, 87885]"
118283,"[100361, 93433, 67979, 95943, 27020, 109589, 79377, 13525, 42527, 72300]"
118284,"[48376, 95298, 83091, 10780, 11004, 24414, 40856, 88710, 55012, 33772]"
118285,"[16006, 14657, 6477, 88325, 53150, 16901, 7994, 54986, 12856, 33037]"
118286,"[5851, 64369, 81639, 101099, 88686, 13875, 59479, 58829, 56984, 58342]"
118287,"[41493, 81323, 94773, 77764, 103765, 24885, 14895, 55654, 99919, 45550]"
118288,"[69543, 15841, 101195, 81840, 105715, 72255, 77410, 30830, 85029, 81271]"
118289,"[54461, 81093, 17919, 100499, 103536, 55463, 80398, 93654, 76344, 2626]"
118290,"[83961, 93492, 66687, 87554, 45930, 62962, 35272, 92885, 26149, 22624]"
118291,"[84873, 80008, 60340, 29510, 96364, 4786, 91984, 31972, 97671, 69444]"
118292,"[28798, 40521, 73243, 103575, 74859, 92087, 38779, 17054, 81869, 41312]"
118293,"[104359, 15772, 80095, 66803, 64163, 52560, 46110, 95821, 98221, 36790]"
118294,"[59091, 83959, 24721, 55466, 62334, 87106, 98646, 90847, 85163, 23945]"
118295,"[10519, 102843, 94030, 4190, 47237, 98267, 36390, 23986, 78998, 21181]"
118296,"[90560, 79945, 59012, 4931, 24071, 6573, 85975, 43699, 27484, 46130]"
118297,"[102601, 109553, 108707, 79958, 80300, 12378, 66050, 82944, 4539, 91600]"
118298,"[38443, 78689, 46540, 38867, 27292, 8297, 82123, 88873, 37151, 25667]"
118299,"[87413, 87520, 75059, 57303, 55694, 63813, 74942, 82805, 2873, 61934]"
118300,"[108872, 95135, 46280, 106272, 24748, 41545, 60165, 101025, 66450, 103404]"
118301,"[108407, 26631, 26901, 104980, 79380, 5884, 90397, 99553, 15451, 9835]"
118302,"[19564, 83123, 107917, 6784, 48707, 23839, 39794, 26212, 86039, 41383]"
118303,"[17752, 39490, 81885, 96452, 84492, 88226, 1869, 46735, 90756, 70807]"
118304,"[43288, 103007, 25179, 93766, 26809, 83683, 78439, 12933, 40786, 102651]"
118305,"[25741, 24210, 37879, 335, 34327, 50089, 744, 37976, 33740, 65117]"
118306,"[90358, 104724, 54442, 101476, 82546, 60943, 87228, 104768, 84758, 26009]"
118307,"[36023, 108878, 48928, 61825, 85797, 89579, 10651, 102426, 35496, 62385]"
118308,"[101836, 30081, 17645, 57386, 98354, 55196, 73279, 105099, 97500, 51318]"
118309,"[27691, 28594, 59169, 38634, 42573, 351, 99943, 85649, 27304, 18059]"
118310,"[2471, 8703, 8330, 92476, 29821, 37698, 19919, 87164, 18564, 22007]"
118311,"[11650, 32161, 95138, 56634, 107350, 70251, 32071, 55049, 28091, 15858]"
118312,"[9257, 65823, 38088, 47058, 1161, 72539, 49919, 11616, 14007, 60853]"
118313,"[9318, 94766, 40304, 54677, 98933, 73936, 35984, 16892, 11747, 79015]"
118314,"[37255, 84407, 37651, 62084, 99706, 84999, 53784, 102606, 106428, 92906]"
118315,"[104389, 40919, 95866, 97541, 13707, 87945, 28173, 40567, 50377, 89917]"
118316,"[1741, 34838, 12241, 17953, 30897, 20154, 47712, 15593, 56563, 105499]"
118317,"[10904, 104681, 5552, 48747, 99546, 88894, 106233, 25957, 61876, 27328]"
118318,"[76870, 27975, 30486, 32118, 4639, 13155, 56650, 49969, 34262, 63430]"
118319,"[101492, 86024, 80983, 54399, 69246, 17673, 23639, 35746, 108413, 5157]"
118320,"[102523, 102222, 74103, 92739, 94482, 12281, 6341, 54037, 78904, 8953]"
118321,"[1860, 105503, 8083, 100803, 14849, 69115, 20727, 13005, 2991, 85542]"
118322,"[86620, 80629, 62862, 39602, 31618, 79041, 40616, 74184, 162, 72428]"
118323,"[57624, 93493, 41359, 108411, 62919, 91747, 70318, 56121, 94134, 40069]"
118324,"[87121, 6546, 106225, 19744, 57371, 2879, 64680, 100683, 24281, 97438]"
118325,"[85540, 73130, 9257, 32572, 97076, 19305, 42592, 25188, 47058, 34751]"
118326,"[45224, 11992, 56566, 101951, 1098, 75792, 105610, 54408, 84404, 34767]"
118327,"[14507, 3443, 31641, 74126, 29774, 71039, 42042, 15429, 17406, 84232]"
118328,"[44900, 85592, 72950, 30581, 54649, 75280, 25730, 57380, 57403, 28621]"
118329,"[90009, 62141, 70943, 56208, 7411, 80594, 66372, 95776, 88654, 50618]"
118330,"[99117, 75597, 92681, 80682, 50521, 46209, 45676, 31508, 61986, 46041]"
118331,"[37666, 40650, 96389, 59278, 43231, 42648, 24206, 108736, 10701, 15822]"
118332,"[16065, 91851, 100571, 10739, 55882, 96365, 65833, 95838, 61361, 27411]"
118333,"[43065, 18769, 52532, 39275, 45663, 78359, 27738, 33934, 70938, 13168]"
118334,"[34372, 68555, 78793, 10320, 4337, 60256, 7304, 102346, 9805, 83998]"
118335,"[14489, 81539, 17290, 81333, 89217, 8644, 35538, 9414, 40715, 5458]"
118336,"[65240, 41201, 102286, 9454, 25065, 12190, 63290, 102065, 96572, 39838]"
118337,"[92309, 38469, 78797, 80006, 107800, 33273, 99317, 18598, 30970, 105365]"
118338,"[85705, 43590, 46773, 27084, 105257, 46389, 101056, 19600, 57829, 8629]"
118339,"[17426, 8427, 3395, 27603, 66035, 11753, 36543, 37872, 34770, 109105]"
118340,"[102502, 69500, 81764, 46705, 90298, 10825, 14322, 86037, 33219, 101058]"
118341,"[99445, 23824, 59317, 69854, 88591, 21861, 24570, 73660, 41019, 12738]"
118342,"[47780, 37227, 50314, 29585, 91467, 68634, 30565, 100492, 31506, 104329]"
118343,"[50677, 16765, 10763, 47463, 100470, 22859, 45956, 26060, 76163, 26111]"
118344,"[104459, 56360, 22354, 83909, 71199, 27745, 31148, 62874, 105118, 1742]"
118345,"[98674, 32733, 101580, 18276, 4369, 90629, 15502, 49593, 35961, 44504]"
118346,"[87254, 52928, 28875, 94972, 89269, 72757, 34151, 24643, 72058, 3727]"
118347,"[88702, 53323, 19996, 66219, 89012, 34136, 68229, 64568, 57556, 107318]"
118348,"[32905, 22758, 59820, 52969, 53643, 27561, 36511, 109328, 53749, 93341]"
118349,"[8845, 58654, 48496, 25999, 31097, 29806, 76279, 79401, 25272, 59094]"
118350,"[101868, 460, 28760, 98264, 93017, 40022, 13929, 23376, 106038, 10209]"
118351,"[53064, 72691, 20900, 98803, 22185, 23835, 89608, 45095, 56313, 77491]"
118352,"[96014, 21788, 68078, 49966, 20621, 99524, 43195, 34320, 106097, 94515]"
118353,"[615, 100493, 38806, 53569, 11153, 106086, 23608, 64118, 22500, 53028]"
118354,"[90739, 96439, 27968, 45239, 106378, 63046, 15984, 95286, 47460, 53214]"
118355,"[83087, 67474, 65542, 33775, 36311, 23077, 70956, 102186, 79460, 91263]"
118356,"[55392, 29051, 67609, 69118, 47723, 37868, 71395, 71868, 11683, 64595]"
118357,"[102229, 83870, 52977, 97001, 44554, 101893, 35866, 47149, 38375, 108334]"
118358,"[82917, 13030, 35067, 91989, 26429, 60252, 26899, 97419, 55656, 51449]"
118359,"[60208, 51334, 56430, 14363, 82703, 30764, 17412, 63877, 19962, 88818]"
118360,"[104171, 8810, 19953, 64219, 9755, 22170, 104274, 59912, 61295, 87612]"
118361,"[90152, 33736, 13115, 30005, 85715, 56823, 15190, 70665, 79866, 57598]"
118362,"[73174, 34234, 32539, 10910, 66313, 73092, 45725, 57060, 86950, 6155]"
118363,"[317, 9659, 59459, 68297, 68477, 81880, 49102, 27790, 24623, 70916]"
118364,"[14550, 89159, 57750, 46858, 57030, 10953, 16255, 3009, 32218, 34120]"
118365,"[27785, 59241, 17398, 62290, 8053, 104695, 47361, 19360, 34165, 73329]"
118366,"[44843, 93192, 21025, 48508, 75350, 10117, 49099, 69312, 40701, 6120]"
118367,"[5874, 75901, 39336, 47475, 9893, 71114, 16933, 60622, 43278, 75632]"
118368,"[72527, 58542, 78483, 90648, 88022, 52135, 97618, 45393, 22029, 60862]"
118369,"[70119, 52543, 64249, 39880, 80858, 75128, 30340, 74919, 95688, 34060]"
118370,"[77978, 74661, 16339, 104201, 58143, 11510, 97493, 63412, 78971, 33549]"
118371,"[39215, 37797, 26195, 72779, 102671, 45687, 87588, 65168, 76811, 57588]"
118372,"[83175, 60756, 80637, 55252, 14483, 90215, 21509, 58949, 71084, 49362]"
118373,"[85282, 964, 26738, 19838, 1450, 73624, 35396, 35749, 54358, 62451]"
118374,"[19138, 26797, 1819, 75244, 17176, 56635, 19280, 36080, 43087, 32830]"
118375,"[20778, 31449, 82187, 51675, 89264, 42706, 94094, 55749, 82664, 107647]"
118376,"[15951, 103187, 90062, 55936, 27341, 24448, 23288, 28702, 9026, 80135]"
118377,"[1626, 871, 38759, 91840, 89444, 41557, 85657, 48481, 78553, 93952]"
118378,"[30474, 24623, 73771, 87090, 39866, 74657, 9145, 20772, 105457, 18166]"
118379,"[75830, 27991, 85828, 20705, 20134, 1135, 80377, 23719, 60676, 22502]"
118380,"[21734, 90439, 20059, 105738, 102991, 100504, 93105, 58318, 18832, 63021]"
118381,"[94568, 14438, 32333, 72522, 83992, 18321, 79461, 58162, 79421, 105243]"
118382,"[104337, 98362, 71765, 100035, 107495, 34329, 50911, 18611, 19909, 100353]"
118383,"[52203, 97880, 70092, 62809, 44242, 34218, 82657, 32691, 100884, 18983]"
118384,"[88652, 28630, 96089, 18340, 62221, 43287, 66383, 80619, 59355, 54735]"
118385,"[2714, 10240, 29651, 66947, 63204, 68627, 28723, 50611, 65029, 2898]"
118386,"[34432, 97657, 37475, 37103, 28288, 104809, 27305, 24205, 93541, 58460]"
118387,"[85486, 52398, 69192, 37700, 77937, 80605, 13552, 102648, 90569, 107289]"
118388,"[102536, 94409, 102551, 104515, 107257, 10055, 57833, 11892, 54529, 91311]"
118389,"[26585, 25475, 78386, 79067, 48475, 80377, 67019, 46141, 16048, 40143]"
118390,"[38738, 10483, 43498, 81947, 35534, 105729, 99500, 74375, 674, 7118]"
118391,"[11041, 99791, 2490, 8475, 59798, 17388, 17062, 62676, 94131, 21906]"
118392,"[92680, 23924, 28624, 7136, 12982, 12704, 48478, 66151, 9658, 2768]"
118393,"[15708, 13439, 40254, 32550, 38893, 39457, 95523, 373, 44900, 97163]"
118394,"[35327, 78844, 28601, 63331, 104038, 79432, 71449, 12151, 81031, 81312]"
118395,"[61944, 42561, 47771, 9163, 13577, 55854, 43962, 107577, 100286, 107518]"
118396,"[2416, 81058, 41585, 39111, 91312, 7589, 49372, 75977, 52330, 77714]"
118397,"[88651, 87741, 18406, 13105, 35002, 89616, 83224, 82296, 85276, 53973]"
118398,"[96851, 35576, 18444, 26307, 70922, 33000, 106694, 27113, 89851, 68416]"
118399,"[69909, 24226, 23162, 43425, 25468, 13832, 29783, 53816, 53461, 97769]"
118400,"[65720, 21007, 21068, 70246, 71958, 95398, 76545, 82068, 43000, 41605]"
118401,"[100974, 88869, 29573, 35492, 95858, 92174, 109480, 90457, 75103, 99371]"
118402,"[17008, 65099, 7885, 51610, 36700, 11392, 12852, 26202, 96372, 75338]"
118403,"[68463, 43975, 90205, 88766, 56864, 8940, 12670, 77024, 7478, 19819]"
118404,"[62964, 104371, 30063, 64813, 17166, 15139, 47620, 79325, 58054, 19217]"
118405,"[83228, 18796, 10739, 69008, 16065, 91327, 63785, 27793, 24163, 43728]"
118406,"[47903, 27420, 47238, 48439, 66472, 21017, 55565, 45597, 50391, 32686]"
118407,"[68659, 103753, 85148, 102647, 46479, 22411, 81313, 82889, 105236, 28953]"
118408,"[25612, 35295, 57207, 72668, 41352, 41256, 105891, 73913, 20361, 52997]"
118409,"[16269, 28502, 60653, 27065, 39441, 12330, 16614, 73128, 34948, 51236]"
118410,"[74414, 13106, 3006, 102794, 91047, 107892, 13293, 78358, 48491, 66390]"
118411,"[392, 100262, 98811, 45053, 19852, 91660, 73343, 101517, 80724, 75403]"
118412,"[31838, 108304, 21836, 109252, 98611, 16341, 50386, 98613, 49926, 89733]"
118413,"[97507, 46842, 37931, 32578, 80847, 6523, 51791, 88239, 26910, 59067]"
118414,"[65058, 9429, 6493, 2916, 10398, 98843, 32349, 27250, 20000, 56819]"
118415,"[101116, 40384, 103230, 91724, 106064, 101906, 10456, 108531, 26299, 44743]"
118416,"[80587, 95981, 40819, 24984, 60796, 8192, 2812, 93261, 15249, 36492]"
118417,"[3455, 16191, 63006, 75679, 55910, 68524, 520, 22711, 89009, 79787]"
118418,"[2380, 49176, 62635, 19855, 89197, 20345, 73845, 43662, 49289, 48475]"
118419,"[811, 76364, 87826, 107171, 61018, 66608, 41073, 26792, 524, 69923]"
118420,"[6628, 37415, 3596, 82714, 69391, 36233, 87781, 33413, 73852, 20071]"
118421,"[108715, 23857, 39562, 40296, 76259, 78287, 2556, 22175, 21851, 46826]"
118422,"[105448, 29007, 103446, 42506, 20373, 13795, 8630, 10223, 63289, 85382]"
118423,"[54323, 70351, 904, 73246, 72080, 40606, 50399, 99854, 25416, 77942]"
118424,"[34749, 2212, 15748, 68211, 49949, 38290, 49734, 83690, 15474, 71485]"
118425,"[85612, 79872, 39044, 33978, 40405, 21419, 100611, 87078, 6448, 75099]"
118426,"[18598, 36895, 28718, 5920, 8543, 102457, 36868, 60576, 98105, 68881]"
118427,"[92465, 84788, 104985, 60712, 97364, 51055, 54232, 17170, 6182, 28363]"
118428,"[32070, 82266, 105207, 62444, 68979, 64013, 71725, 30342, 88656, 38141]"
118429,"[95182, 71804, 10967, 56789, 84758, 8384, 10715, 7571, 18693, 109688]"
118430,"[47065, 48005, 62470, 4990, 40127, 37042, 12411, 42319, 20981, 934]"
118431,"[86167, 34685, 13652, 26493, 24785, 98915, 35073, 53555, 49612, 56462]"
118432,"[38478, 70840, 102601, 63949, 109056, 11839, 56738, 6231, 82208, 66050]"
118433,"[88231, 21991, 107097, 78409, 107469, 12945, 78049, 37848, 52733, 25973]"
118434,"[17689, 68479, 51013, 63919, 76255, 4230, 26294, 22900, 65872, 2546]"
118435,"[94434, 25984, 98585, 51811, 63303, 57569, 4196, 89962, 91477, 36598]"
118436,"[69413, 79579, 4090, 95697, 83588, 69887, 36044, 85620, 33241, 34182]"
118437,"[73692, 46485, 10510, 76531, 107453, 98922, 81397, 86708, 40376, 10214]"
118438,"[41901, 87978, 73802, 102563, 97916, 67877, 91756, 77164, 1464, 49049]"
118439,"[23486, 37443, 44599, 68144, 3842, 64650, 76130, 107301, 44949, 63821]"
118440,"[91396, 40654, 68868, 36641, 29172, 26383, 69935, 82534, 48430, 42713]"
118441,"[14038, 106382, 92574, 98246, 22242, 11016, 21185, 29814, 38240, 74106]"
118442,"[76633, 97206, 103866, 100910, 90883, 102655, 2157, 65284, 64155, 39181]"
118443,"[41658, 62670, 26032, 57077, 11960, 25001, 7988, 40119, 94469, 44882]"
118444,"[66856, 14251, 25265, 105712, 48286, 79206, 2393, 48406, 90095, 64965]"
118445,"[72750, 19709, 53438, 8692, 60151, 8420, 61357, 75667, 32621, 60555]"
118446,"[76217, 40730, 58242, 49265, 15275, 7172, 191, 771, 100669, 71327]"
118447,"[77027, 349, 88896, 65839, 109191, 24586, 93381, 23236, 85187, 33799]"
118448,"[72992, 6370, 64791, 83581, 42456, 100277, 98885, 105715, 77577, 68376]"
118449,"[70151, 106110, 62815, 90288, 43837, 2840, 80495, 47924, 107091, 96582]"
118450,"[79187, 21689, 7997, 26072, 68877, 71615, 35945, 79484, 68840, 46002]"
118451,"[94182, 12898, 106727, 105569, 24775, 26544, 57224, 18393, 79980, 52762]"
118452,"[29015, 40713, 51909, 42355, 19037, 25034, 67917, 45159, 84678, 105104]"
118453,"[31554, 43909, 29118, 91044, 69421, 108031, 40386, 12960, 17640, 66618]"
118454,"[54189, 63636, 18437, 11664, 46106, 60173, 10692, 82732, 4710, 88237]"
118455,"[75441, 9925, 85959, 78527, 78196, 94372, 1639, 75881, 90562, 60161]"
118456,"[68547, 103619, 23318, 82896, 72306, 8772, 75386, 8257, 4431, 19765]"
118457,"[81159, 51510, 49767, 82861, 100855, 46843, 95719, 14265, 71141, 97599]"
118458,"[26266, 3759, 54768, 76002, 97636, 3885, 97655, 9399, 56557, 66412]"
118459,"[31296, 69368, 17938, 18543, 58872, 89908, 6366, 22531, 97522, 10074]"
118460,"[22058, 69984, 15000, 38613, 36723, 50088, 47326, 30852, 71671, 68060]"
118461,"[52509, 105298, 29011, 57264, 25454, 42295, 99897, 36880, 82912, 78928]"
118462,"[50142, 78036, 40428, 8727, 80011, 61011, 47755, 92674, 36449, 33294]"
118463,"[78976, 58974, 106122, 11983, 15361, 20751, 39745, 64676, 94124, 52641]"
118464,"[50412, 109471, 29196, 21763, 24595, 27268, 12367, 72101, 17982, 35402]"
118465,"[93491, 1512, 4463, 63082, 67009, 92594, 46117, 58153, 65227, 42024]"
118466,"[94083, 43141, 34227, 38008, 104562, 51219, 33167, 72849, 6444, 108]"
118467,"[55027, 74789, 10439, 39420, 61953, 27757, 70485, 10034, 33692, 30719]"
118468,"[94613, 78259, 73013, 69077, 22273, 100426, 95610, 47327, 63711, 33236]"
118469,"[75655, 16395, 86328, 102504, 39689, 97295, 73476, 83147, 48724, 107101]"
118470,"[109765, 27063, 91833, 74388, 37159, 10344, 46901, 52453, 66402, 32937]"
118471,"[66680, 81095, 53233, 37511, 84121, 38820, 90967, 12557, 43713, 11927]"
118472,"[96955, 53879, 59732, 39204, 104796, 55923, 60859, 23790, 106435, 8586]"
118473,"[71413, 83095, 38156, 8229, 13052, 14798, 107833, 11552, 48298, 36213]"
118474,"[41628, 29506, 4192, 82131, 82942, 11781, 14893, 37082, 80087, 51687]"
118475,"[47864, 62105, 72390, 101265, 10552, 33790, 34084, 34418, 40588, 39081]"
118476,"[93664, 35246, 33485, 11901, 95727, 64149, 42293, 102884, 84391, 14645]"
118477,"[100380, 53927, 12545, 72757, 66468, 25651, 15163, 15209, 74718, 59903]"
118478,"[31425, 6396, 42420, 107537, 83623, 18548, 83744, 52930, 9298, 45220]"
118479,"[77807, 15272, 39751, 63872, 74214, 98020, 63471, 60233, 33842, 11642]"
118480,"[30718, 107814, 15055, 36324, 75700, 102314, 16477, 29569, 52811, 33225]"
118481,"[19418, 10026, 81569, 43584, 38482, 77659, 98220, 99672, 1961, 41426]"
118482,"[49631, 11773, 86843, 54745, 8634, 77189, 104133, 35539, 15904, 34375]"
118483,"[33912, 29865, 83143, 5837, 74727, 57025, 38928, 53735, 9540, 68175]"
118484,"[92510, 1229, 55450, 86472, 109508, 65597, 59842, 102179, 95759, 30583]"
118485,"[20145, 4323, 52651, 99890, 61389, 104889, 54916, 100503, 46348, 101229]"
118486,"[24349, 37617, 60742, 88170, 17063, 48321, 10106, 9769, 91147, 8012]"
118487,"[83884, 108763, 76626, 26566, 20781, 26763, 10649, 88992, 70047, 102999]"
118488,"[9197, 85878, 31712, 42750, 14748, 63692, 7518, 15309, 72398, 107598]"
118489,"[89029, 58904, 63601, 39807, 35034, 90940, 3473, 51888, 5389, 4896]"
118490,"[33075, 20623, 3110, 91142, 16101, 798, 60526, 24169, 63251, 26601]"
118491,"[64121, 99600, 91301, 107664, 8752, 63372, 1532, 89478, 19474, 58110]"
118492,"[48225, 89487, 26029, 12101, 45200, 57088, 79364, 91345, 38398, 28119]"
118493,"[67368, 24318, 107790, 81958, 40580, 99473, 31953, 45504, 33855, 10385]"
118494,"[47988, 5488, 104979, 9430, 28481, 13090, 92548, 101933, 18212, 35725]"
118495,"[33172, 76703, 101985, 51763, 88948, 32132, 61488, 48267, 26694, 74580]"
118496,"[2757, 106088, 108590, 79505, 87766, 20531, 67067, 71446, 23746, 28223]"
118497,"[27109, 46884, 25639, 44085, 6091, 57518, 65951, 41019, 19473, 69528]"
118498,"[59344, 3419, 68693, 64953, 56647, 14363, 68498, 51713, 52857, 105132]"
118499,"[74658, 6706, 50655, 50368, 108552, 61973, 35498, 18961, 61814, 7504]"
118500,"[52589, 56049, 57419, 82465, 92324, 66760, 9231, 86835, 53813, 98010]"
118501,"[18926, 67640, 95383, 45744, 46352, 88724, 103403, 28838, 48193, 71538]"
118502,"[97491, 30685, 9831, 87264, 22392, 103516, 108317, 54098, 26189, 6037]"
118503,"[20120, 101031, 100518, 34103, 81271, 84845, 46584, 64177, 98953, 22148]"
118504,"[15576, 57028, 74593, 39856, 33010, 942, 7072, 16154, 99456, 87776]"
118505,"[95586, 107864, 101276, 3853, 82923, 63582, 72411, 62229, 77002, 54921]"
118506,"[15296, 87838, 92077, 44054, 79675, 81214, 19545, 99220, 19073, 6014]"
118507,"[86569, 76990, 27888, 41836, 26003, 103603, 35290, 79442, 95007, 33163]"
118508,"[100147, 71566, 25888, 16181, 108947, 106265, 32562, 109669, 16771, 35485]"
118509,"[62170, 60134, 42996, 62046, 8754, 87048, 105071, 988, 51580, 18584]"
118510,"[83338, 659, 87027, 84638, 11700, 72044, 63445, 40167, 67958, 17899]"
118511,"[49145, 15863, 45847, 89096, 103822, 19780, 7711, 62061, 50685, 50310]"
118512,"[102030, 50487, 56262, 98691, 10731, 37705, 50305, 40449, 76346, 60814]"
118513,"[55499, 78183, 24382, 29666, 22411, 47602, 81961, 2371, 73797, 100855]"
118514,"[106663, 13191, 87571, 54559, 13882, 27979, 50531, 19698, 68745, 106984]"
118515,"[73995, 96, 61879, 71539, 43653, 101909, 40741, 21251, 75930, 34830]"
118516,"[94260, 72988, 57490, 103536, 36510, 63577, 65225, 45770, 44704, 43401]"
118517,"[48980, 49384, 16473, 5474, 84157, 64230, 6263, 103314, 12790, 53180]"
118518,"[90430, 9529, 59800, 78482, 54884, 75472, 100707, 32031, 91297, 6134]"
118519,"[18306, 21761, 26335, 73153, 54501, 8669, 50064, 17157, 10154, 94689]"
118520,"[31503, 2937, 94620, 79385, 11561, 29470, 61325, 59209, 75160, 23348]"
118521,"[101486, 47487, 66768, 23649, 76342, 85457, 19717, 82612, 62820, 42110]"
118522,"[5309, 102038, 35225, 7022, 101795, 29169, 55868, 6862, 65110, 44879]"
118523,"[61500, 50134, 67098, 77614, 75065, 64590, 9784, 38371, 98425, 28392]"
118524,"[79917, 35324, 89382, 76651, 97072, 2024, 84613, 16167, 10387, 103593]"
118525,"[71426, 29528, 14435, 46393, 38667, 18772, 24295, 24412, 5468, 86729]"
118526,"[90307, 43991, 41883, 54318, 51807, 80245, 76446, 103007, 108686, 104456]"
118527,"[14325, 38263, 82853, 8925, 5237, 89233, 60517, 81449, 3469, 83078]"
118528,"[12578, 60860, 12576, 29245, 34647, 13890, 40727, 99664, 20057, 14923]"
118529,"[13876, 25618, 5733, 17865, 44439, 107423, 38272, 9101, 94115, 93079]"
118530,"[96953, 47408, 26682, 90728, 10183, 89078, 80389, 94051, 60055, 45804]"
118531,"[82541, 107299, 57242, 70606, 84598, 68758, 39867, 5144, 57387, 57135]"
118532,"[58628, 80492, 13658, 8949, 36131, 18368, 35590, 85712, 43050, 93222]"
118533,"[456, 10751, 70622, 101598, 76762, 70896, 11910, 3255, 81546, 33791]"
118534,"[85368, 7520, 14632, 16943, 32587, 58168, 64246, 16826, 76725, 96833]"
118535,"[21162, 94866, 36206, 16529, 42643, 107161, 70040, 39345, 56795, 102380]"
118536,"[32234, 23410, 27208, 38373, 13069, 108445, 76994, 60615, 28911, 36175]"
118537,"[107150, 33098, 35670, 54170, 86759, 9767, 54344, 75851, 81084, 109589]"
118538,"[29667, 1899, 79285, 108294, 4028, 102636, 49415, 71380, 23641, 92946]"
118539,"[74520, 34802, 30783, 103567, 98286, 63482, 79264, 55272, 7271, 5475]"
118540,"[29034, 72319, 80776, 28860, 51632, 102111, 57639, 71977, 70791, 7756]"
118541,"[60781, 91645, 72903, 99760, 60575, 66964, 17805, 96245, 80805, 20592]"
118542,"[47012, 82198, 67926, 107748, 72403, 16307, 15820, 76935, 59307, 45129]"
118543,"[79985, 71328, 52760, 30929, 22927, 30874, 44114, 32213, 104738, 98179]"
118544,"[85144, 3276, 79434, 62372, 19460, 1077, 97529, 65038, 34962, 40783]"
118545,"[100184, 82806, 86577, 79231, 60331, 43740, 107970, 41250, 68236, 89862]"
118546,"[19519, 63730, 17370, 79343, 48191, 98148, 67127, 85870, 87339, 18745]"
118547,"[100749, 21622, 33474, 60617, 87805, 98402, 90176, 64204, 89180, 22909]"
118548,"[106622, 88090, 25174, 88252, 60800, 71236, 30633, 36669, 90398, 97388]"
118549,"[87447, 85750, 105416, 15005, 75277, 6113, 8058, 7923, 37714, 107638]"
118550,"[107123, 53693, 86036, 96294, 86230, 64251, 105313, 6541, 99920, 88097]"
118551,"[96174, 1735, 64789, 97497, 52863, 105712, 20172, 86145, 56883, 85713]"
118552,"[97175, 36049, 95125, 56959, 51355, 83170, 69239, 5158, 28251, 60942]"
118553,"[4600, 58598, 97240, 98779, 94933, 53882, 89291, 93301, 47852, 25680]"
118554,"[64864, 85407, 33041, 22202, 107550, 34141, 66798, 44235, 40920, 43917]"
118555,"[21666, 16621, 96446, 60124, 36999, 4557, 65356, 45242, 21489, 66999]"
118556,"[7543, 58117, 52475, 106604, 36658, 2943, 87351, 107567, 9986, 5634]"
118557,"[57761, 93897, 4256, 57249, 36475, 98092, 40578, 95569, 29306, 89905]"
118558,"[98269, 83326, 108970, 91457, 94213, 7760, 26051, 77145, 38217, 12374]"
118559,"[6100, 82654, 14145, 85369, 48242, 43559, 24831, 64330, 24658, 82125]"
118560,"[79952, 62899, 47227, 32659, 32630, 38869, 35005, 97368, 101618, 63910]"
118561,"[27062, 31534, 1906, 87681, 68967, 23116, 90492, 48537, 22511, 84474]"
118562,"[22757, 80085, 18504, 104116, 47894, 33849, 51576, 18359, 106307, 43368]"
118563,"[58087, 28955, 42148, 64724, 30111, 29187, 41772, 62867, 62210, 22686]"
118564,"[60596, 96405, 27582, 5413, 97975, 68722, 14639, 87245, 19574, 44645]"
118565,"[9559, 58861, 95700, 108035, 56428, 61408, 27484, 29437, 35814, 106247]"
118566,"[28116, 85177, 90753, 20342, 36467, 68267, 107798, 94203, 53040, 30676]"
118567,"[98039, 9760, 68560, 56848, 18282, 14588, 42148, 6620, 83997, 59261]"
118568,"[83923, 44016, 71211, 56621, 5413, 23362, 33452, 76256, 64526, 46296]"
118569,"[23915, 87701, 39630, 95210, 58383, 58233, 30012, 17998, 47253, 3714]"
118570,"[94719, 38071, 20454, 26076, 73543, 41531, 81336, 69970, 79513, 43372]"
118571,"[84204, 39862, 102399, 80237, 44375, 9494, 99727, 8546, 20773, 71047]"
118572,"[18133, 68803, 91224, 86392, 30228, 56354, 82137, 1494, 12630, 76807]"
118573,"[109099, 8633, 97604, 12616, 80287, 5380, 60199, 93542, 82616, 77063]"
118574,"[56836, 6467, 56290, 47295, 85115, 36351, 35801, 93516, 38294, 82888]"
118575,"[90880, 77743, 105313, 17552, 87428, 45892, 17679, 62253, 56358, 52837]"
118576,"[107616, 21807, 73214, 8913, 6652, 54922, 43402, 36954, 63270, 102579]"
118577,"[104939, 6538, 3627, 105209, 27966, 99163, 52247, 62921, 103977, 78355]"
118578,"[69519, 9441, 100886, 35239, 9376, 101355, 85064, 59906, 99019, 19229]"
118579,"[33694, 58271, 9661, 8334, 95295, 73136, 79444, 62560, 16847, 86377]"
118580,"[61496, 70466, 40365, 82608, 49197, 65930, 41736, 87248, 60947, 19640]"
118581,"[27597, 49893, 61101, 82226, 3084, 93264, 14222, 108461, 32673, 23061]"
118582,"[72706, 13827, 57674, 9701, 9046, 3709, 98258, 50574, 36169, 29598]"
118583,"[18804, 67553, 76890, 61913, 51525, 22420, 51474, 78461, 8389, 4121]"
118584,"[63333, 3845, 19577, 50049, 10179, 4139, 42649, 105399, 105607, 60262]"
118585,"[74020, 60911, 59608, 8278, 81320, 67859, 77921, 16906, 72970, 42412]"
118586,"[7034, 95894, 11503, 12511, 55315, 70701, 92653, 56820, 40124, 79347]"
118587,"[53886, 37646, 1523, 66564, 22968, 90563, 47175, 79399, 51256, 14887]"
118588,"[74209, 35869, 9162, 34333, 71153, 107634, 32779, 10708, 58531, 32722]"
118589,"[45792, 57037, 9591, 30426, 18381, 19567, 109770, 49666, 37423, 32385]"
118590,"[74847, 82662, 70683, 21613, 73055, 96195, 48931, 69813, 82263, 22962]"
118591,"[29133, 48751, 41807, 26408, 84447, 95575, 65643, 33012, 26117, 46121]"
118592,"[68205, 9440, 22367, 86898, 22037, 97178, 86381, 65662, 45056, 43210]"
118593,"[52928, 4001, 59903, 42920, 39104, 76328, 54730, 29734, 95399, 48633]"
118594,"[60804, 36007, 38867, 109261, 20848, 26482, 58445, 40060, 68844, 89191]"
118595,"[61360, 93979, 16635, 8430, 103972, 14456, 82553, 97653, 45718, 70785]"
118596,"[106720, 57643, 24456, 5858, 63419, 100735, 80104, 77226, 48757, 67627]"
118597,"[28932, 36754, 56400, 7221, 104650, 105838, 80852, 41536, 10244, 106199]"
118598,"[101659, 12113, 67419, 83986, 84414, 27846, 92511, 38574, 103467, 80204]"
118599,"[32407, 45361, 91052, 68113, 79687, 96147, 78202, 68292, 38672, 82931]"
118600,"[95379, 84734, 105642, 7141, 95042, 47792, 68528, 6861, 68280, 9794]"
118601,"[58466, 8303, 87492, 63185, 19806, 43190, 141, 13645, 54276, 19649]"
118602,"[63916, 75165, 16737, 30176, 75590, 28588, 83026, 58247, 49789, 5999]"
118603,"[57402, 54328, 42298, 3636, 89184, 91072, 89725, 79719, 18641, 99526]"
118604,"[53417, 90221, 84914, 77499, 75326, 13760, 89922, 21438, 74553, 65140]"
118605,"[7965, 13105, 26928, 81080, 25629, 82180, 3393, 24293, 44295, 104788]"
118606,"[71404, 63163, 26442, 78107, 27464, 12938, 31401, 65272, 68566, 104145]"
118607,"[32547, 26397, 18254, 13775, 106107, 87758, 38327, 109744, 23695, 107573]"
118608,"[70456, 31613, 37327, 77050, 48548, 22526, 68978, 48558, 77508, 13989]"
118609,"[84925, 55334, 26346, 9810, 28788, 99662, 102116, 2978, 38698, 33677]"
118610,"[37721, 27538, 51405, 97129, 80666, 32900, 85466, 22237, 6897, 93115]"
118611,"[18852, 52206, 98749, 72069, 30573, 86779, 85453, 45408, 31980, 39004]"
118612,"[94034, 98727, 7378, 29206, 71678, 66559, 102795, 66055, 22809, 88267]"
118613,"[11375, 63353, 87064, 108088, 85082, 95043, 16546, 8897, 15171, 21403]"
118614,"[40433, 23482, 77323, 85567, 80894, 28266, 7628, 70203, 107332, 94710]"
118615,"[4737, 16709, 22534, 95425, 63337, 42601, 76683, 76741, 109082, 59359]"
118616,"[42359, 81940, 57586, 43648, 43170, 38229, 18322, 68818, 30753, 73607]"
118617,"[104271, 30133, 78610, 66665, 108383, 59393, 26339, 96083, 106104, 78581]"
118618,"[84591, 83999, 31008, 44267, 107096, 67576, 70258, 35429, 95057, 66378]"
118619,"[40041, 9686, 46016, 87221, 62200, 7550, 89592, 3142, 107998, 50861]"
118620,"[50089, 335, 93872, 37976, 25741, 84307, 24210, 34327, 108373, 95853]"
118621,"[29962, 59185, 99634, 73458, 40511, 16421, 71010, 53723, 104367, 10112]"
118622,"[82415, 15885, 59008, 75305, 51425, 62787, 9444, 31210, 95260, 63911]"
118623,"[87385, 27919, 48180, 60406, 61262, 39573, 60127, 86122, 63497, 29443]"
118624,"[47765, 14902, 275, 99518, 40175, 2145, 54570, 83133, 70045, 62719]"
118625,"[47543, 90194, 29655, 94727, 24293, 4665, 66331, 26321, 26300, 100714]"
118626,"[8609, 99062, 72682, 104415, 91888, 84217, 79364, 28988, 65820, 30658]"
118627,"[11929, 53299, 74468, 98959, 19746, 91844, 89644, 11964, 53335, 58330]"
118628,"[28539, 9287, 46612, 12778, 6080, 49593, 35961, 33941, 49599, 90629]"
118629,"[34217, 101847, 28855, 39944, 49711, 75969, 104095, 51299, 11226, 105674]"
118630,"[76502, 102138, 69905, 52566, 48402, 17749, 55382, 76674, 95477, 24222]"
118631,"[48810, 20239, 109419, 6803, 100981, 61686, 41123, 69018, 102727, 108040]"
118632,"[35881, 35964, 2652, 96230, 85425, 41338, 8365, 9804, 85412, 33766]"
118633,"[89977, 107443, 7769, 35261, 38694, 17820, 42881, 28668, 67352, 80258]"
118634,"[17952, 99615, 18308, 81222, 70414, 19372, 36650, 18232, 13243, 19435]"
118635,"[56703, 22185, 33097, 62266, 53964, 36538, 25131, 56469, 69858, 23119]"
118636,"[16588, 16282, 14299, 34977, 25133, 96064, 45478, 42001, 59168, 8967]"
118637,"[105821, 42045, 48663, 94912, 75795, 80928, 26319, 1958, 51465, 12037]"
118638,"[99169, 27706, 89040, 102283, 109243, 79554, 31780, 50730, 61433, 59454]"
118639,"[81513, 108765, 18212, 32718, 31659, 78288, 93494, 84744, 15685, 2512]"
118640,"[64630, 99440, 85960, 41221, 97208, 77771, 49766, 39902, 56374, 49653]"
118641,"[3012, 53355, 13056, 107646, 79610, 65752, 100915, 40352, 83776, 90583]"
118642,"[93648, 88792, 84725, 60841, 77537, 45457, 83281, 94762, 109216, 20213]"
118643,"[72519, 36295, 43936, 57122, 20273, 46776, 25756, 13481, 2699, 39468]"
118644,"[31424, 69162, 32600, 77405, 105605, 85344, 96072, 108400, 35264, 88561]"
118645,"[32082, 628, 101722, 7252, 36330, 25777, 23395, 31555, 287, 67406]"
118646,"[19981, 18270, 47499, 58064, 76420, 75296, 14229, 82530, 9064, 27823]"
118647,"[67491, 71618, 8741, 100215, 66903, 20005, 26512, 84945, 63412, 60023]"
118648,"[88377, 3167, 18037, 86010, 80519, 49006, 72703, 34757, 69749, 13777]"
118649,"[54635, 39912, 75786, 82997, 22111, 71332, 39944, 34696, 23066, 4862]"
118650,"[106641, 30168, 60383, 13019, 58616, 16402, 59846, 14389, 4413, 29228]"
118651,"[79569, 38128, 65169, 65161, 87421, 71785, 69493, 51334, 81858, 30017]"
118652,"[66305, 66043, 38934, 102946, 34382, 3257, 86924, 100251, 39770, 90701]"
118653,"[23629, 46437, 80714, 59022, 21993, 105936, 90761, 108576, 22129, 64258]"
118654,"[17219, 102218, 72863, 54825, 32022, 69948, 99312, 31644, 20355, 43259]"
118655,"[59723, 99234, 41898, 5044, 76881, 82926, 109132, 74722, 79754, 103702]"
118656,"[87575, 102870, 104081, 27766, 11221, 6102, 52986, 17704, 64325, 72929]"
118657,"[84438, 32754, 75108, 103833, 36324, 91061, 67312, 67064, 96151, 34820]"
118658,"[39062, 18486, 73398, 47969, 59741, 14081, 92128, 48567, 70558, 53455]"
118659,"[76562, 48923, 86712, 28629, 3824, 75438, 79973, 103543, 96327, 20037]"
118660,"[47575, 69570, 35132, 8851, 43908, 74090, 9826, 22486, 53618, 109339]"
118661,"[5783, 70569, 67508, 79335, 69381, 92249, 15515, 87685, 22941, 29153]"
118662,"[99611, 105144, 88139, 105106, 80454, 53911, 33492, 46303, 53467, 29087]"
118663,"[52141, 56104, 46396, 72277, 76789, 35687, 74867, 77656, 50606, 32394]"
118664,"[68579, 95801, 15887, 73574, 51470, 100015, 67095, 56950, 44852, 94275]"
118665,"[40633, 82516, 6236, 57684, 33010, 61516, 52493, 64757, 99194, 38153]"
118666,"[61519, 83298, 27424, 23769, 46402, 23411, 82019, 93862, 107786, 63499]"
118667,"[88076, 69141, 108267, 64681, 58576, 16454, 94421, 49957, 38630, 60905]"
118668,"[66506, 63813, 60438, 87526, 23615, 3848, 68273, 40661, 77058, 19082]"
118669,"[98437, 47911, 75016, 45416, 70359, 106433, 51631, 63139, 67431, 105196]"
118670,"[15762, 94047, 101628, 67269, 74247, 40636, 21355, 74398, 78955, 81662]"
118671,"[48240, 12276, 51309, 74865, 38533, 45619, 15133, 46299, 99147, 99128]"
118672,"[91185, 20041, 70547, 95686, 106932, 2728, 4447, 66482, 35031, 70078]"
118673,"[12014, 64427, 41404, 41708, 101839, 75588, 76810, 42423, 39568, 76722]"
118674,"[52393, 54705, 11632, 67296, 20661, 30531, 53282, 44711, 25687, 6870]"
118675,"[40756, 93730, 4271, 51089, 6134, 99650, 72012, 59800, 46134, 78482]"
118676,"[88952, 107608, 4868, 20770, 74420, 86122, 78492, 39573, 11066, 12777]"
118677,"[47468, 75235, 39790, 70221, 91434, 79972, 37762, 23500, 49404, 7658]"
118678,"[20152, 33357, 63053, 45435, 39584, 25747, 51950, 109161, 5425, 59288]"
118679,"[87216, 59563, 16939, 96538, 103017, 17722, 56551, 82161, 3086, 85075]"
118680,"[3782, 6415, 77969, 12483, 63139, 94413, 61318, 98437, 40733, 1637]"
118681,"[62446, 34782, 81192, 72614, 60939, 50580, 58370, 99009, 20434, 107400]"
118682,"[27818, 44549, 15684, 58791, 21548, 65793, 52215, 2820, 61428, 71884]"
118683,"[18798, 84701, 2623, 55738, 6059, 109060, 107158, 17395, 107315, 104256]"
118684,"[100996, 73374, 11364, 72401, 15483, 107907, 73071, 71221, 77064, 43819]"
118685,"[98729, 76424, 18068, 60216, 107037, 25666, 80972, 96303, 92793, 11357]"
118686,"[96240, 93721, 72987, 18255, 25936, 8733, 69524, 86983, 66235, 108162]"
118687,"[78040, 59177, 34864, 84879, 40152, 94273, 66922, 21244, 11718, 102873]"
118688,"[87002, 75687, 102068, 1926, 98423, 37090, 42040, 107730, 73346, 68963]"
118689,"[73490, 53109, 3122, 66494, 41581, 101050, 49043, 4852, 46316, 26432]"
118690,"[57795, 42226, 87877, 89630, 60491, 29893, 107935, 83707, 98511, 75883]"
118691,"[97144, 83094, 54352, 39703, 4020, 25785, 6050, 40702, 95735, 28139]"
118692,"[13177, 62957, 22639, 76042, 71045, 69186, 97296, 34058, 68877, 7800]"
118693,"[74270, 91425, 102865, 65621, 15602, 61186, 28330, 38861, 82797, 74342]"
118694,"[4409, 84152, 25976, 55834, 16396, 93729, 19399, 32789, 95240, 93820]"
118695,"[40986, 75814, 25712, 74155, 105465, 98984, 70160, 40054, 47459, 98054]"
118696,"[77265, 17511, 37413, 69065, 9999, 64028, 92763, 88567, 109604, 30438]"
118697,"[54310, 63206, 95391, 1702, 14140, 75127, 101836, 49484, 107208, 33576]"
118698,"[62569, 103743, 106732, 31196, 74172, 37052, 87968, 33392, 8469, 10184]"
118699,"[44014, 63103, 77065, 89657, 35542, 98565, 57073, 108202, 35719, 55827]"
118700,"[9280, 41924, 57098, 8962, 45728, 69159, 75143, 90286, 5973, 90081]"
118701,"[53888, 33114, 53116, 107053, 27288, 5150, 92913, 72342, 77235, 59772]"
118702,"[100968, 64145, 79213, 46098, 89329, 30967, 5002, 11193, 36350, 81667]"
118703,"[17509, 108736, 80030, 39295, 28709, 79001, 17093, 18410, 90612, 22225]"
118704,"[83456, 15033, 95678, 76859, 21914, 5580, 40779, 19487, 59107, 7287]"
118705,"[28957, 61933, 66909, 92805, 93562, 101872, 107767, 16022, 93442, 71402]"
118706,"[103745, 59800, 21463, 109312, 22467, 100495, 95986, 14923, 13945, 102417]"
118707,"[1094, 39148, 66444, 104828, 94472, 61597, 77948, 74989, 61744, 47230]"
118708,"[15519, 96925, 51266, 29608, 4714, 29312, 31385, 100858, 86059, 90027]"
118709,"[60340, 96364, 83388, 29510, 80008, 41066, 84873, 85571, 69444, 66687]"
118710,"[54740, 86978, 26397, 27479, 49491, 79501, 16836, 96634, 78599, 56110]"
118711,"[81206, 98839, 103457, 13205, 27903, 45567, 27058, 73084, 60826, 10688]"
118712,"[86190, 76173, 63067, 94788, 67978, 36253, 67906, 71409, 11582, 58880]"
118713,"[14182, 32014, 20825, 63056, 103541, 31662, 73551, 63937, 64236, 78698]"
118714,"[28453, 54313, 101507, 25062, 67243, 11093, 52570, 97790, 29026, 71223]"
118715,"[48412, 81086, 96104, 31499, 52321, 94928, 71636, 100902, 84537, 72172]"
118716,"[52330, 41253, 7589, 83495, 79498, 75977, 49372, 40163, 66929, 91588]"
118717,"[73850, 59132, 1849, 101232, 97821, 53654, 6722, 53067, 3189, 102228]"
118718,"[54101, 74566, 106977, 84213, 100468, 87786, 34726, 100413, 22352, 23579]"
118719,"[74674, 69029, 94883, 18440, 26098, 48284, 96499, 7283, 51522, 89853]"
118720,"[43144, 4256, 107652, 62865, 74963, 55291, 101719, 9146, 39609, 9421]"
118721,"[28538, 103851, 44124, 101206, 24068, 95629, 32583, 6500, 98049, 83027]"
118722,"[55640, 13325, 34892, 71772, 101140, 107255, 54018, 30728, 74873, 102310]"
118723,"[32707, 15386, 77411, 29069, 45552, 96632, 62889, 104041, 38359, 109734]"
118724,"[28707, 101110, 87863, 16951, 56243, 62632, 10169, 76792, 67523, 2034]"
118725,"[104870, 101387, 80537, 103402, 98205, 51802, 98051, 66083, 54592, 26352]"
118726,"[13359, 1982, 59836, 2249, 83326, 55200, 7208, 105031, 29082, 65705]"
118727,"[35103, 72798, 62479, 46477, 96210, 15677, 78187, 49809, 54628, 106025]"
118728,"[100282, 10933, 106841, 98452, 11036, 75270, 17918, 57951, 72756, 97871]"
118729,"[68866, 31255, 69193, 11690, 51542, 49594, 76992, 7453, 53080, 37292]"
118730,"[74762, 60736, 87409, 4962, 43061, 44194, 88901, 29740, 92883, 87312]"
118731,"[37030, 93813, 50284, 96274, 65693, 52145, 23741, 10734, 45375, 78515]"
118732,"[49494, 88423, 108862, 38685, 99349, 99124, 73746, 30736, 56890, 22630]"
118733,"[74583, 11187, 53736, 89396, 107533, 103194, 74766, 69947, 53330, 12560]"
118734,"[9372, 88828, 26379, 91183, 56344, 21189, 49900, 4286, 29830, 53055]"
118735,"[81201, 21437, 107443, 69108, 88078, 86131, 95674, 31181, 64088, 26155]"
118736,"[103675, 51181, 2585, 26533, 20584, 76352, 8969, 17239, 11987, 82970]"
118737,"[94615, 92131, 11846, 36860, 84164, 64889, 55915, 67747, 27511, 70143]"
118738,"[40771, 48903, 47321, 109050, 100100, 35898, 9738, 77726, 107069, 54112]"
118739,"[76766, 51639, 77561, 82479, 44307, 72832, 78279, 37924, 14099, 69808]"
118740,"[72360, 19657, 90749, 24356, 89399, 80603, 21435, 35220, 88224, 58762]"
118741,"[6796, 4969, 38336, 74869, 14348, 64565, 8067, 84241, 88058, 86631]"
118742,"[24499, 13509, 11641, 16432, 21132, 107401, 61589, 50589, 21371, 85306]"
118743,"[52518, 73621, 63611, 98591, 54813, 4363, 92461, 15863, 95565, 50388]"
118744,"[13243, 21106, 105541, 18308, 17438, 24563, 86290, 81222, 70523, 48834]"
118745,"[95423, 43979, 25810, 48603, 8324, 26414, 10355, 60603, 26949, 8867]"
118746,"[55589, 68890, 76069, 4105, 26739, 76678, 93907, 90360, 91125, 96379]"
118747,"[15395, 26823, 60487, 43890, 61022, 108623, 71355, 72724, 41968, 70219]"
118748,"[20234, 52490, 108274, 39517, 22422, 46438, 101827, 94057, 65515, 53481]"
118749,"[40763, 87820, 30279, 74929, 50252, 46849, 21779, 178, 25833, 82686]"
118750,"[75795, 82171, 80928, 76947, 36455, 105317, 51465, 1517, 73860, 65309]"
118751,"[109066, 45406, 61943, 3427, 89238, 86008, 62481, 27387, 87224, 83463]"
118752,"[102630, 17936, 44290, 47089, 68544, 98207, 36133, 105920, 64873, 6347]"
118753,"[47177, 44934, 103231, 5233, 59995, 80203, 54358, 1874, 48022, 94092]"
118754,"[66613, 92234, 65686, 15325, 64252, 2910, 84311, 76030, 20865, 95489]"
118755,"[46470, 84663, 18051, 99229, 60413, 89778, 33291, 42325, 109697, 84824]"
118756,"[4935, 52621, 21789, 55542, 56660, 86306, 65856, 99648, 97141, 20237]"
118757,"[4494, 4148, 39847, 21401, 75560, 70880, 29214, 84540, 66354, 75584]"
118758,"[16495, 108500, 76257, 90847, 105903, 28325, 18154, 17363, 38431, 56616]"
118759,"[63833, 71888, 55763, 17005, 32057, 3412, 81430, 108670, 62261, 13389]"
118760,"[49350, 23730, 3534, 109744, 99329, 76359, 11331, 62433, 41882, 38327]"
118761,"[20463, 53302, 62944, 103407, 13130, 67725, 66912, 71760, 33971, 103727]"
118762,"[106564, 40034, 86961, 37684, 81416, 85484, 39749, 5073, 6316, 91171]"
118763,"[101430, 104387, 54634, 91630, 15660, 77069, 57854, 98499, 59412, 10687]"
118764,"[55564, 108652, 13359, 4591, 1982, 7208, 23263, 20231, 87883, 27463]"
118765,"[77923, 86388, 21551, 49201, 86672, 63425, 34052, 57552, 80330, 92256]"
118766,"[74032, 30890, 6034, 44616, 86675, 50810, 15646, 32770, 56197, 86659]"
118767,"[105201, 35067, 68032, 85248, 14681, 32331, 87684, 82917, 60069, 52289]"
118768,"[44869, 103147, 9680, 77886, 59707, 108465, 87635, 22586, 35873, 74641]"
118769,"[41969, 52527, 109715, 5141, 37200, 31896, 37393, 9974, 47696, 4101]"
118770,"[58227, 77198, 37124, 75748, 99455, 104414, 33223, 16054, 66259, 35741]"
118771,"[84566, 88848, 71649, 43110, 51523, 71188, 67918, 49821, 78897, 29752]"
118772,"[101089, 55780, 9144, 25477, 55620, 59855, 89460, 108565, 56138, 73671]"
118773,"[87875, 54808, 68865, 94782, 108960, 16827, 76248, 54551, 15494, 59444]"
118774,"[20150, 37973, 17706, 17743, 29838, 98688, 102117, 81103, 4754, 37876]"
118775,"[75500, 33169, 26951, 48040, 108739, 22205, 58120, 52420, 51090, 49690]"
118776,"[98977, 70110, 99958, 70854, 21854, 59161, 106887, 67108, 67854, 93161]"
118777,"[20904, 75963, 98461, 89455, 66150, 36866, 99200, 21674, 36280, 90251]"
118778,"[41682, 50496, 8950, 6634, 93625, 49773, 98684, 107869, 51113, 44699]"
118779,"[54944, 100353, 34445, 39228, 32645, 37424, 18611, 27743, 88273, 63604]"
118780,"[47745, 64650, 35707, 44949, 9307, 100022, 91508, 61232, 63821, 60138]"
118781,"[60992, 60940, 30959, 89853, 66032, 79314, 20360, 73266, 105780, 103648]"
118782,"[12974, 17916, 84189, 20720, 82644, 16568, 72618, 76421, 13587, 24087]"
118783,"[107821, 45833, 10257, 48427, 88214, 50467, 62723, 11356, 71315, 78828]"
118784,"[54159, 84612, 97856, 64648, 57180, 45726, 27122, 95810, 7405, 59761]"
118785,"[107036, 89030, 28064, 75244, 1819, 1582, 15650, 52392, 63752, 33388]"
118786,"[76685, 4287, 89780, 12555, 100158, 38222, 91738, 26112, 16445, 24267]"
118787,"[14915, 60934, 27866, 39393, 74009, 40359, 64986, 96160, 18906, 25092]"
118788,"[30529, 20472, 30455, 48351, 71270, 68601, 84856, 85736, 16315, 34037]"
118789,"[93698, 62367, 16048, 89458, 47329, 88501, 34524, 28772, 82072, 94436]"
118790,"[42469, 25634, 35137, 80408, 75688, 80039, 27685, 8810, 64219, 19953]"
118791,"[33228, 51775, 20942, 70340, 60955, 84577, 43282, 3330, 67496, 69528]"
118792,"[12390, 46790, 36694, 93847, 18871, 89172, 28808, 101799, 95378, 30226]"
118793,"[91271, 28547, 247, 33199, 34175, 87199, 95196, 98791, 18773, 99055]"
118794,"[108228, 29074, 12335, 88238, 52607, 84251, 67986, 87285, 4069, 54913]"
118795,"[18996, 77304, 84172, 37765, 29848, 21077, 86, 64057, 14529, 74905]"
118796,"[59295, 36754, 28932, 105838, 62028, 109185, 38970, 108497, 39981, 80852]"
118797,"[98208, 88033, 53018, 106198, 41883, 90307, 25179, 49244, 22383, 12225]"
118798,"[86282, 1795, 19845, 56175, 38078, 99614, 16866, 43438, 18894, 60964]"
118799,"[95921, 56037, 8986, 90364, 22431, 97156, 25788, 50797, 66966, 104688]"
118800,"[44129, 22792, 12621, 13222, 19269, 35258, 92824, 37671, 35466, 76669]"
118801,"[58784, 55686, 102673, 5754, 82369, 16643, 93063, 62068, 74116, 34400]"
118802,"[42996, 25878, 76970, 62170, 18584, 45046, 50374, 107109, 80859, 69842]"
118803,"[56227, 80611, 68842, 9326, 48935, 27617, 105227, 4564, 15041, 96865]"
118804,"[71863, 54685, 98, 100040, 36587, 66879, 88699, 45386, 68444, 3431]"
118805,"[7611, 84890, 43315, 40626, 1777, 76370, 77924, 6524, 30352, 98592]"
118806,"[99779, 92782, 41477, 3932, 585, 38853, 79308, 106085, 63905, 68349]"
118807,"[86285, 11938, 64954, 67346, 88995, 89954, 94545, 34029, 64348, 26188]"
118808,"[37876, 41593, 37973, 71467, 50719, 72814, 48956, 55347, 7693, 108647]"
118809,"[40439, 107118, 55065, 81311, 62628, 60274, 77750, 14390, 89111, 30318]"
118810,"[91638, 70584, 96147, 3463, 52855, 41607, 64589, 7583, 45031, 42143]"
118811,"[65737, 40542, 38994, 40899, 45444, 65162, 99622, 108221, 41133, 49540]"
118812,"[46178, 80777, 67947, 87268, 30092, 59115, 102184, 96488, 12087, 29524]"
118813,"[36671, 23076, 94828, 45751, 65385, 11258, 28153, 81426, 32276, 6547]"
118814,"[62835, 34769, 57813, 92980, 78972, 38843, 97006, 11995, 37897, 107541]"
118815,"[72936, 73105, 74084, 33505, 10640, 102249, 23832, 5720, 48026, 107694]"
118816,"[107646, 22304, 29355, 26807, 25108, 19949, 87795, 48664, 57594, 84410]"
118817,"[99067, 88506, 65914, 90167, 57950, 69300, 72089, 54886, 58388, 51517]"
118818,"[13779, 104756, 37593, 88894, 5704, 103155, 67459, 69365, 38972, 26375]"
118819,"[69308, 40462, 49788, 33777, 1172, 1362, 33439, 18527, 76451, 43036]"
118820,"[10076, 37481, 101767, 24100, 61729, 65937, 5760, 84155, 41752, 83188]"
118821,"[4879, 60290, 75861, 57626, 86251, 37892, 51252, 104332, 101793, 77443]"
118822,"[34894, 49923, 107983, 18725, 18950, 71025, 91664, 75501, 63816, 55957]"
118823,"[97417, 56927, 19463, 47234, 32100, 14204, 10005, 37247, 100923, 23789]"
118824,"[52216, 98135, 22075, 36241, 2905, 79667, 78307, 95596, 26396, 20945]"
118825,"[33571, 33318, 1332, 100032, 16729, 49995, 4846, 97522, 76555, 47233]"
118826,"[102534, 20825, 72683, 104525, 68520, 108148, 10276, 34051, 98238, 109497]"
118827,"[98899, 49966, 8909, 65187, 22271, 43195, 70912, 39565, 29934, 62795]"
118828,"[94035, 22307, 51285, 79907, 54594, 59682, 10718, 74596, 66220, 78917]"
118829,"[72857, 37797, 26195, 99231, 3624, 9882, 81351, 28687, 8542, 103012]"
118830,"[75303, 62265, 64094, 96075, 109410, 47721, 66032, 20360, 73266, 51899]"
118831,"[79268, 63004, 20857, 47642, 55464, 29136, 55770, 4676, 73923, 86359]"
118832,"[20197, 68856, 35868, 15641, 3272, 24204, 55789, 7472, 105856, 95725]"
118833,"[11351, 102573, 44794, 24922, 72772, 43449, 7850, 67773, 40959, 90935]"
118834,"[11180, 72567, 68146, 19605, 20304, 6939, 86622, 12573, 77305, 2835]"
118835,"[5930, 94073, 73732, 108632, 67735, 81327, 70027, 98396, 7386, 103892]"
118836,"[88078, 44544, 104634, 102053, 81201, 107604, 64968, 78258, 81511, 21437]"
118837,"[61836, 24798, 80683, 44602, 82630, 4925, 74778, 37977, 108013, 77335]"
118838,"[36297, 83838, 94294, 62650, 31971, 11722, 84586, 101824, 75994, 61630]"
118839,"[40718, 107289, 90569, 37782, 16043, 69346, 52679, 81771, 101662, 96187]"
118840,"[34482, 8575, 95818, 49948, 53136, 69653, 58587, 27525, 57663, 43648]"
118841,"[25572, 62977, 64353, 89810, 36356, 57892, 11079, 1986, 102145, 49857]"
118842,"[98067, 6326, 68360, 99276, 100999, 100418, 37137, 43989, 62831, 103899]"
118843,"[74003, 1826, 54641, 60646, 98453, 2436, 24945, 66384, 51038, 38589]"
118844,"[89807, 44125, 21819, 24415, 68095, 72979, 28217, 5356, 53536, 63930]"
118845,"[60021, 11841, 108142, 77834, 35672, 62852, 47850, 2130, 56383, 73267]"
118846,"[100506, 97659, 13990, 81782, 31785, 15907, 28694, 36239, 108278, 45609]"
118847,"[100071, 38640, 63536, 49654, 93089, 51897, 93658, 87370, 8766, 69081]"
118848,"[59522, 92063, 24637, 77156, 12462, 9781, 43724, 93579, 25970, 95536]"
118849,"[68884, 69744, 97945, 83786, 44658, 82005, 34030, 52784, 74072, 61794]"
118850,"[19928, 105143, 83539, 58416, 82576, 64722, 21237, 97845, 59994, 95224]"
118851,"[9802, 64258, 80392, 31883, 53115, 7458, 20333, 85327, 72908, 8979]"
118852,"[76661, 26585, 82072, 67019, 14741, 25475, 45874, 90829, 28772, 42993]"
118853,"[2215, 63018, 93464, 52705, 108783, 79507, 67796, 5517, 28461, 102321]"
118854,"[68023, 67861, 61523, 97162, 13114, 68435, 91197, 47592, 8406, 16681]"
118855,"[98183, 89759, 7433, 17619, 38709, 99501, 82995, 17687, 77555, 85939]"
118856,"[35970, 8088, 90555, 4552, 55074, 68999, 47983, 56880, 41528, 26841]"
118857,"[64430, 56817, 75242, 77741, 47283, 78264, 57927, 104965, 108812, 79063]"
118858,"[71717, 38874, 108965, 95614, 108104, 30359, 91320, 97613, 54005, 101652]"
118859,"[9686, 19993, 73711, 91129, 53427, 33107, 58219, 100515, 98923, 37601]"
118860,"[47839, 99096, 77404, 101017, 74262, 67134, 10976, 53626, 25335, 35690]"
118861,"[11987, 52443, 27765, 58610, 54695, 51181, 2585, 85047, 78024, 100140]"
118862,"[50296, 96081, 97788, 78575, 71417, 98997, 31725, 46262, 104069, 59357]"
118863,"[83920, 54113, 67209, 87149, 78641, 18461, 63464, 58068, 31337, 191]"
118864,"[64830, 24325, 33626, 65583, 105571, 27028, 59594, 28274, 16320, 18901]"
118865,"[98102, 39361, 36193, 3472, 82879, 51029, 23587, 18917, 54059, 21411]"
118866,"[80346, 94722, 22438, 103023, 95561, 36737, 86211, 73531, 38106, 90209]"
118867,"[72733, 106618, 3904, 78551, 21119, 49341, 72076, 957, 71185, 25493]"
118868,"[32666, 46831, 74449, 61983, 27478, 86015, 65230, 59737, 58974, 66461]"
118869,"[41443, 101444, 63408, 71169, 65252, 109050, 108504, 101948, 54731, 68821]"
118870,"[10266, 14095, 102631, 68527, 22118, 53855, 96918, 81368, 42364, 13038]"
118871,"[60877, 29697, 51810, 97556, 20794, 52661, 16052, 47276, 51141, 43866]"
118872,"[74501, 20883, 55460, 13870, 48719, 69392, 4775, 11048, 106076, 84949]"
118873,"[67857, 97008, 27215, 43568, 90435, 76197, 9274, 98467, 74560, 81889]"
118874,"[2385, 15364, 26263, 39797, 64705, 82919, 101589, 7275, 103494, 86158]"
118875,"[83463, 87224, 41062, 93917, 3427, 89238, 22343, 22505, 269, 90719]"
118876,"[9665, 67597, 13605, 67677, 21943, 102608, 29800, 59380, 59105, 40604]"
118877,"[55765, 88775, 90621, 16993, 7731, 99576, 101147, 83620, 95706, 44688]"
118878,"[29374, 75772, 37852, 8045, 82320, 97191, 80335, 47752, 26765, 50093]"
118879,"[66095, 48787, 26984, 18824, 109111, 81722, 72585, 104653, 90164, 63261]"
118880,"[45426, 72859, 101069, 60220, 58883, 23163, 102111, 60034, 57639, 91797]"
118881,"[56987, 87355, 78292, 89187, 20564, 16907, 95376, 47818, 59816, 28655]"
118882,"[39111, 83495, 97992, 33302, 17630, 81365, 63729, 68251, 21513, 33427]"
118883,"[104728, 37369, 50593, 6923, 53833, 96158, 11617, 79995, 66616, 40192]"
118884,"[68790, 16157, 53165, 33077, 64282, 33372, 69538, 14257, 46593, 66795]"
118885,"[84542, 71121, 33375, 84659, 100850, 11037, 64390, 79087, 83377, 74995]"
118886,"[7200, 69591, 36518, 30179, 84984, 27414, 99321, 97749, 78032, 9766]"
118887,"[92805, 89748, 52739, 17156, 43943, 101171, 33277, 61933, 28957, 29280]"
118888,"[102217, 61577, 105420, 2099, 42735, 30530, 93067, 29333, 25102, 85273]"
118889,"[91090, 93401, 26169, 95956, 553, 2283, 26651, 10389, 23146, 108334]"
118890,"[15989, 84772, 9980, 28796, 25972, 61513, 76469, 17954, 101986, 45611]"
118891,"[91331, 69772, 104570, 38884, 36304, 76545, 77696, 82068, 87959, 43000]"
118892,"[64306, 10254, 46062, 40914, 86972, 25875, 102546, 58091, 99809, 29207]"
118893,"[96090, 55112, 61526, 2734, 106960, 40408, 72475, 64482, 48106, 49162]"
118894,"[10505, 89279, 93863, 13280, 96994, 12548, 86444, 87102, 104215, 9761]"
118895,"[34803, 57660, 98373, 49406, 82835, 85389, 92018, 7648, 23631, 53334]"
118896,"[10355, 70001, 3986, 26414, 60603, 545, 713, 63122, 35941, 94144]"
118897,"[100607, 71474, 11609, 101013, 105525, 40619, 12358, 31632, 68236, 75350]"
118898,"[38690, 99987, 21607, 33174, 80284, 75136, 90394, 71034, 43765, 100825]"
118899,"[72629, 56133, 79113, 30523, 5702, 105261, 32765, 67975, 9098, 103416]"
118900,"[6778, 78104, 68875, 94616, 10606, 80727, 103959, 41310, 18198, 10611]"
118901,"[103583, 78285, 313, 35701, 59754, 32494, 7985, 96579, 49617, 96967]"
118902,"[100575, 10329, 11032, 13716, 67161, 104392, 60901, 8758, 50, 92642]"
118903,"[51541, 99466, 20243, 29890, 88906, 11371, 45980, 30995, 62780, 105907]"
118904,"[38405, 79534, 107549, 82642, 100787, 19271, 52976, 100094, 103409, 103257]"
118905,"[84765, 10217, 43517, 8340, 95612, 74779, 106623, 104505, 90345, 101488]"
118906,"[61493, 100354, 19441, 44311, 102631, 96503, 4738, 3102, 66417, 102335]"
118907,"[82092, 27219, 18602, 88167, 36155, 56803, 31770, 74740, 40294, 23101]"
118908,"[15944, 70909, 52085, 18251, 75594, 10338, 62817, 74027, 30895, 34964]"
118909,"[68803, 18133, 91224, 82137, 76807, 30228, 73240, 1494, 86392, 9571]"
118910,"[50423, 12293, 72377, 12387, 20761, 4367, 11244, 49349, 32463, 34524]"
118911,"[97219, 77428, 107161, 70040, 61039, 21162, 97520, 5943, 38018, 93323]"
118912,"[68316, 28193, 12049, 70277, 69706, 56640, 99190, 77902, 84853, 25030]"
118913,"[77383, 19500, 18873, 72249, 41780, 96252, 16683, 56767, 4686, 6830]"
118914,"[53087, 58055, 41721, 46078, 79730, 69231, 103406, 30151, 102928, 52987]"
118915,"[94601, 45271, 100824, 85468, 60335, 65889, 33709, 14423, 2499, 72053]"
118916,"[23501, 26606, 42249, 88894, 33854, 58731, 90954, 28852, 50780, 85335]"
118917,"[49305, 91809, 60986, 18735, 14081, 104803, 89785, 33076, 97277, 42062]"
118918,"[23887, 38817, 82276, 97010, 94498, 46745, 107483, 4686, 6830, 37663]"
118919,"[19141, 7693, 79644, 49376, 60736, 72814, 90385, 55809, 41594, 68802]"
118920,"[75175, 54235, 75271, 88830, 109250, 60076, 44461, 84988, 59261, 98039]"
118921,"[301, 63637, 20001, 72418, 82938, 90506, 19970, 69239, 96113, 103695]"
118922,"[93208, 35652, 38085, 17024, 14364, 18450, 17251, 85142, 39682, 49575]"
118923,"[69211, 82468, 67770, 11397, 84935, 28212, 78522, 38126, 24397, 60364]"
118924,"[15178, 40135, 99131, 64426, 8425, 34930, 74699, 21625, 3865, 108435]"
118925,"[34149, 98023, 43713, 1081, 7699, 105438, 11003, 62824, 54773, 88102]"
118926,"[19184, 92150, 8613, 56565, 70796, 27336, 58589, 8440, 80913, 65336]"
118927,"[109460, 42833, 102006, 52412, 52163, 82332, 91759, 59506, 94117, 78498]"
118928,"[84820, 88145, 33386, 13246, 10492, 87292, 99701, 41297, 3099, 49174]"
118929,"[87745, 31813, 35994, 101508, 30783, 34802, 25175, 45302, 26811, 104455]"
118930,"[44796, 68770, 98175, 294, 71524, 74383, 54426, 100152, 5252, 67433]"
118931,"[13300, 95391, 105918, 41432, 39512, 26310, 53213, 19970, 89304, 62394]"
118932,"[33176, 23960, 28145, 54807, 16020, 79846, 6190, 18205, 60314, 47174]"
118933,"[2321, 62196, 42266, 72417, 66296, 2264, 7943, 38654, 34232, 30703]"
118934,"[30901, 495, 74920, 108844, 35399, 24854, 68822, 7074, 90088, 12143]"
118935,"[4890, 92133, 70090, 3195, 27434, 50428, 58565, 64208, 94308, 18198]"
118936,"[2034, 56243, 16951, 76792, 10169, 28707, 104753, 21306, 60019, 24769]"
118937,"[37561, 97765, 67795, 40743, 71252, 32633, 10177, 63373, 84172, 37765]"
118938,"[22969, 95272, 108262, 23235, 56073, 26558, 71151, 91751, 8369, 14484]"
118939,"[3351, 94288, 77957, 107127, 14961, 38861, 28330, 5508, 18072, 29525]"
118940,"[93010, 6708, 27266, 24302, 44803, 103544, 103841, 8338, 94441, 88802]"
118941,"[104473, 82083, 58954, 56462, 68253, 65881, 9852, 4181, 96320, 60708]"
118942,"[99039, 77869, 77367, 43552, 29538, 68708, 94584, 71081, 16819, 100941]"
118943,"[89782, 35226, 94730, 15498, 23215, 61416, 95788, 22783, 90477, 45577]"
118944,"[97696, 92578, 61765, 93013, 5465, 108257, 91298, 33585, 26628, 98386]"
118945,"[22688, 76388, 36649, 78303, 99366, 47164, 97076, 70512, 72539, 46251]"
118946,"[35772, 63380, 109131, 44208, 44003, 58331, 45486, 53044, 86293, 68630]"
118947,"[57096, 76334, 45596, 40445, 30866, 88428, 11104, 105441, 102454, 62711]"
118948,"[57861, 73878, 68128, 15509, 107947, 96468, 104755, 56936, 21645, 5064]"
118949,"[107776, 103201, 75567, 20510, 90699, 66333, 40107, 58059, 34844, 2465]"
118950,"[31530, 239, 63856, 18143, 57212, 16754, 55716, 53740, 50674, 100171]"
118951,"[19463, 19847, 14204, 37247, 35039, 62549, 90590, 104669, 34866, 97417]"
118952,"[27495, 108372, 69127, 71523, 85018, 81656, 101890, 99839, 81912, 36669]"
118953,"[59957, 8181, 3775, 10204, 43119, 53574, 48017, 94144, 69587, 79277]"
118954,"[24262, 27048, 35478, 59194, 2453, 108408, 11589, 51262, 1391, 32339]"
118955,"[39056, 54606, 96547, 53615, 85851, 61131, 78400, 66428, 55216, 22518]"
118956,"[21931, 72258, 74056, 34754, 102803, 27345, 27382, 54704, 105721, 47003]"
118957,"[48737, 88618, 85285, 17964, 30403, 38934, 86924, 20422, 9488, 17926]"
118958,"[72847, 642, 99846, 29468, 64860, 70961, 30021, 77462, 62332, 16409]"
118959,"[27660, 10060, 81414, 91096, 77673, 92164, 11476, 87375, 67171, 103309]"
118960,"[72734, 83778, 21528, 42368, 64779, 80562, 54990, 24069, 80497, 48815]"
118961,"[67477, 17890, 74192, 58987, 13842, 83406, 87315, 69776, 47648, 108747]"
118962,"[7062, 23645, 35737, 25649, 77054, 11689, 46979, 40704, 27195, 70183]"
118963,"[48650, 71544, 76165, 87757, 40860, 48365, 5384, 91035, 7390, 99636]"
118964,"[95610, 21498, 92421, 91820, 8982, 87853, 104872, 83155, 1320, 69077]"
118965,"[36974, 62290, 34676, 73329, 18836, 100808, 97747, 83050, 59203, 8322]"
118966,"[20670, 25952, 97530, 67673, 73301, 11199, 35465, 102970, 88255, 81422]"
118967,"[57430, 28213, 45683, 60848, 85561, 13244, 33477, 43959, 26090, 27405]"
118968,"[471, 48306, 105112, 25967, 100040, 21563, 66879, 24844, 58649, 88878]"
118969,"[52964, 61719, 13009, 82986, 60416, 61257, 35809, 68383, 80903, 16265]"
118970,"[35021, 77610, 55967, 69974, 2003, 61966, 79590, 58573, 10051, 74326]"
118971,"[5195, 103033, 79051, 89398, 76577, 95915, 27961, 42989, 53687, 21819]"
118972,"[23120, 58269, 109519, 88366, 5096, 50317, 55125, 70105, 62104, 32286]"
118973,"[93511, 89569, 96329, 77257, 38592, 14498, 18809, 15458, 89229, 94672]"
118974,"[59729, 2758, 70613, 11329, 45068, 104285, 35401, 28888, 13227, 33779]"
118975,"[80648, 42942, 106085, 58039, 90072, 40190, 68663, 300, 48614, 79937]"
118976,"[72782, 91461, 60572, 67121, 49967, 47877, 80868, 29208, 57714, 89261]"
118977,"[107579, 24074, 92393, 78852, 73691, 21582, 37687, 67022, 36608, 18290]"
118978,"[56944, 54063, 16948, 14762, 32843, 31229, 79999, 34316, 27344, 9594]"
118979,"[18250, 76554, 41661, 108698, 53653, 15743, 95704, 777, 72325, 5313]"
118980,"[30206, 109334, 77187, 26064, 57696, 92435, 44628, 35819, 42646, 38494]"
118981,"[96, 20545, 43812, 47603, 38225, 39031, 78703, 12768, 74646, 83038]"
118982,"[86515, 74487, 47284, 74233, 77026, 102603, 94093, 90556, 77061, 108921]"
118983,"[34707, 56592, 79488, 53553, 35889, 73452, 37164, 49275, 40693, 104817]"
118984,"[68083, 64044, 89531, 74820, 34541, 9597, 84241, 90085, 29286, 10185]"
118985,"[98433, 45970, 62689, 76538, 104888, 97034, 48668, 108932, 2012, 75273]"
118986,"[82194, 61454, 98098, 76234, 101744, 68274, 13418, 71570, 105514, 73973]"
118987,"[61130, 77340, 60254, 65886, 31609, 14180, 27760, 12032, 92269, 69288]"
118988,"[52527, 45539, 47863, 41969, 95086, 33888, 47696, 9974, 23034, 4101]"
118989,"[43382, 96579, 77912, 12333, 78802, 102674, 32371, 92457, 41139, 35701]"
118990,"[74331, 40199, 62400, 104078, 29446, 48228, 104216, 58147, 89025, 71641]"
118991,"[89538, 72453, 15247, 56058, 18194, 4809, 4714, 103392, 16204, 91858]"
118992,"[25917, 36164, 30353, 100751, 39184, 55066, 89385, 82256, 104130, 82510]"
118993,"[38223, 69424, 16538, 29780, 22562, 12554, 31688, 2709, 13289, 26045]"
118994,"[52866, 108902, 54840, 37199, 76600, 25283, 97338, 278, 27831, 39583]"
118995,"[27972, 102443, 19507, 9028, 23652, 82635, 81521, 10336, 72987, 66235]"
118996,"[27599, 38336, 15042, 64565, 84241, 88058, 6796, 86631, 41570, 4969]"
118997,"[19527, 30442, 93424, 48040, 22205, 38999, 77895, 60616, 21841, 91572]"
118998,"[89418, 845, 97523, 47508, 24843, 54244, 101682, 8661, 26315, 42112]"
118999,"[99009, 31887, 15061, 62446, 58370, 62110, 107400, 72614, 7828, 60939]"
119000,"[89212, 40603, 62609, 38774, 85534, 90619, 66166, 105935, 85129, 88570]"
119001,"[106494, 79498, 39111, 83495, 91588, 64356, 92049, 89049, 2492, 33872]"
119002,"[41169, 109400, 61550, 34934, 5029, 63793, 61599, 25615, 72636, 22306]"
119003,"[87090, 9145, 30474, 106476, 98379, 100274, 73771, 20768, 77392, 52233]"
119004,"[49102, 11427, 59459, 64502, 7946, 22962, 56109, 15845, 99406, 27686]"
119005,"[33495, 16278, 97884, 41687, 30599, 29567, 57570, 44292, 73515, 25746]"
119006,"[81075, 65844, 31723, 104802, 84802, 54140, 39166, 72927, 100362, 31639]"
119007,"[15372, 61969, 81313, 82889, 53059, 28075, 66047, 18260, 68659, 54716]"
119008,"[46870, 18125, 78133, 33120, 62363, 87492, 33558, 13814, 99470, 51191]"
119009,"[85130, 105509, 66616, 37732, 64892, 16789, 92273, 12515, 2766, 50110]"
119010,"[36265, 36969, 2544, 42611, 29137, 108505, 33281, 88882, 74673, 64565]"
119011,"[47961, 89711, 27157, 107247, 97889, 106563, 33372, 10761, 24801, 69837]"
119012,"[38709, 10101, 82995, 50584, 32728, 75690, 85939, 108161, 66789, 17739]"
119013,"[36960, 24010, 23765, 13992, 34100, 47495, 41574, 60306, 99944, 63980]"
119014,"[60748, 1178, 4140, 3826, 69967, 9178, 72326, 107560, 60906, 38239]"
119015,"[79047, 87807, 68417, 30121, 9795, 7505, 68780, 18506, 48326, 39134]"
119016,"[65867, 45305, 80564, 8410, 33629, 81393, 18626, 1024, 105684, 27916]"
119017,"[78958, 36814, 12800, 15261, 2990, 28738, 28026, 108915, 106211, 12567]"
119018,"[66584, 72569, 43798, 8103, 37702, 44233, 105591, 105406, 73803, 97259]"
119019,"[93168, 22300, 95727, 82394, 102326, 65201, 53740, 85034, 72697, 81053]"
119020,"[52696, 68178, 50060, 72899, 91360, 71476, 93223, 99263, 1239, 107957]"
119021,"[52653, 98193, 88775, 46816, 50475, 82374, 56933, 48274, 12677, 108247]"
119022,"[12435, 23634, 66971, 36662, 68346, 77535, 37768, 70215, 68990, 93515]"
119023,"[45114, 14846, 40044, 37278, 71634, 5821, 1230, 95800, 67960, 91060]"
119024,"[26339, 96083, 20864, 46461, 63979, 48273, 48843, 2025, 49997, 10554]"
119025,"[5062, 34083, 35192, 4852, 32585, 46302, 35124, 52148, 19534, 49043]"
119026,"[71208, 15122, 58926, 60243, 2958, 102756, 28773, 66594, 104359, 11983]"
119027,"[71544, 93889, 26739, 61977, 88798, 3077, 5384, 7555, 42496, 78633]"
119028,"[75634, 52495, 101389, 58024, 23981, 109473, 92779, 12875, 39339, 41268]"
119029,"[69622, 9190, 47704, 57255, 22284, 249, 89895, 36979, 95471, 61700]"
119030,"[79125, 103161, 40447, 89827, 58827, 20405, 37746, 69295, 94829, 13317]"
119031,"[77654, 6639, 63789, 36622, 60808, 13854, 79889, 70713, 12683, 96892]"
119032,"[29989, 99615, 58842, 63892, 8936, 93319, 18308, 10860, 29344, 12805]"
119033,"[29124, 21815, 9377, 67412, 103538, 61046, 67473, 87627, 93672, 38779]"
119034,"[91448, 58972, 21947, 86909, 99714, 25418, 61149, 6894, 43203, 4952]"
119035,"[95897, 10491, 29498, 47411, 714, 17290, 47324, 4209, 63340, 44395]"
119036,"[5867, 72952, 49038, 47916, 7866, 51473, 39591, 26724, 73369, 7898]"
119037,"[4504, 68987, 93645, 52152, 34647, 12976, 30341, 15514, 5953, 105051]"
119038,"[96608, 85157, 2450, 15915, 31384, 33510, 5101, 92775, 6068, 95321]"
119039,"[14837, 98080, 5226, 734, 107169, 86717, 24668, 106220, 45057, 93533]"
119040,"[10531, 74678, 81933, 31345, 50672, 8483, 32576, 58952, 23008, 40786]"
119041,"[1238, 10710, 45766, 105651, 100872, 12593, 46021, 91897, 8690, 103110]"
119042,"[101511, 98295, 39753, 30664, 46203, 18649, 85203, 20658, 50942, 105097]"
119043,"[71406, 11432, 74268, 100090, 24157, 47411, 94926, 46467, 34423, 47324]"
119044,"[1353, 22168, 44276, 63141, 75983, 87251, 46093, 21358, 85733, 21088]"
119045,"[22848, 44900, 31423, 89157, 39871, 72950, 11232, 94818, 34672, 87394]"
119046,"[92401, 3889, 76445, 83078, 46488, 99386, 54893, 105325, 97012, 102105]"
119047,"[92056, 40393, 26483, 68577, 20578, 108853, 74051, 40115, 33127, 51887]"
119048,"[46422, 41675, 3645, 22775, 77371, 106005, 96047, 102788, 52109, 18515]"
119049,"[108709, 33560, 106555, 73509, 52235, 103593, 54631, 41351, 97735, 91537]"
119050,"[38327, 16311, 44734, 109744, 3534, 39789, 87979, 30218, 107931, 33414]"
119051,"[64283, 91275, 2483, 56149, 78062, 4767, 75589, 105834, 94992, 52331]"
119052,"[35929, 6978, 63394, 62102, 40805, 94390, 73059, 40440, 14065, 98361]"
119053,"[28332, 36599, 74081, 69699, 32523, 109681, 79981, 41815, 20788, 54338]"
119054,"[65318, 52175, 10623, 39327, 28605, 92733, 49428, 23176, 39992, 54554]"
119055,"[66777, 90500, 47314, 56652, 29005, 102737, 18024, 61229, 31798, 47839]"
119056,"[57314, 38553, 96191, 5902, 89603, 34102, 79329, 93816, 80836, 16372]"
119057,"[80760, 102937, 10906, 98251, 109289, 16068, 71995, 12935, 106617, 82293]"
119058,"[69611, 107077, 40774, 36842, 49297, 95255, 54778, 22632, 72564, 80982]"
119059,"[45474, 31317, 90597, 38866, 69945, 91286, 60334, 72638, 82873, 89869]"
119060,"[73307, 106028, 28682, 93216, 75008, 33450, 19100, 99062, 55043, 101303]"
119061,"[70351, 33945, 69988, 101755, 58782, 63489, 58319, 54323, 57502, 75627]"
119062,"[43280, 82141, 54246, 5983, 36594, 61074, 17580, 47458, 104660, 62883]"
119063,"[77978, 15522, 58143, 104201, 11510, 23922, 97493, 74661, 78971, 33549]"
119064,"[2103, 11254, 5513, 47589, 23066, 48147, 91324, 98042, 16504, 35167]"
119065,"[2169, 49499, 39133, 99882, 43414, 38420, 97082, 58860, 70913, 90661]"
119066,"[29865, 33912, 53735, 5837, 83143, 74727, 57025, 49806, 9540, 8399]"
119067,"[40122, 71241, 43938, 53458, 24326, 33636, 38689, 107170, 17114, 36913]"
119068,"[63929, 60032, 23217, 18476, 83170, 97175, 78962, 56514, 78861, 28251]"
119069,"[59843, 68813, 19238, 3616, 1934, 6743, 23986, 61883, 24560, 84649]"
119070,"[94058, 72744, 82298, 57048, 16047, 101536, 21071, 38825, 1365, 70069]"
119071,"[71666, 83205, 71313, 5476, 22805, 44972, 51945, 84189, 85032, 74904]"
119072,"[39533, 25007, 81709, 94073, 79615, 69027, 83912, 22316, 34625, 56090]"
119073,"[47150, 9112, 53712, 4542, 78627, 92647, 28847, 72066, 57082, 5260]"
119074,"[96420, 34836, 62931, 103285, 49626, 67510, 35581, 83064, 78999, 24688]"
119075,"[99377, 38954, 21290, 1253, 69562, 41994, 4, 87877, 16528, 53316]"
119076,"[86742, 89069, 103153, 38748, 46785, 35474, 86759, 103303, 31140, 10968]"
119077,"[83703, 52667, 50529, 42205, 86963, 100193, 46570, 33412, 22248, 71357]"
119078,"[99874, 101292, 22513, 72321, 54962, 82957, 33576, 10159, 54310, 99066]"
119079,"[47403, 43300, 36081, 32305, 56042, 83331, 36855, 20634, 879, 49660]"
119080,"[28498, 39180, 62201, 92186, 78615, 17414, 75428, 90653, 78653, 25812]"
119081,"[6126, 30267, 5730, 31628, 56605, 13970, 15871, 52465, 106417, 102936]"
119082,"[100507, 32418, 50129, 61100, 41104, 81188, 95845, 22632, 4589, 108078]"
119083,"[22891, 96697, 59901, 46436, 7197, 22434, 1403, 95688, 74919, 40420]"
119084,"[58455, 3293, 109306, 80197, 108375, 2994, 45261, 10775, 91305, 109588]"
119085,"[27541, 88184, 52202, 28308, 26039, 96800, 42108, 22987, 46140, 105429]"
119086,"[86256, 38064, 51156, 54737, 57769, 90907, 100107, 106553, 101651, 52337]"
119087,"[53884, 91683, 10713, 98602, 2942, 37824, 31444, 58879, 99741, 17325]"
119088,"[108046, 42174, 17349, 99673, 7288, 8831, 99954, 79592, 59733, 74198]"
119089,"[2697, 10709, 9509, 31730, 72017, 79198, 9269, 77863, 88875, 82423]"
119090,"[85514, 102924, 92502, 104110, 41892, 53807, 94937, 43745, 61751, 12117]"
119091,"[65717, 21137, 68550, 53863, 81586, 82695, 109390, 17861, 28127, 94241]"
119092,"[92834, 99411, 10774, 97393, 93605, 95124, 8231, 39127, 1362, 89644]"
119093,"[30370, 101261, 9390, 34092, 55969, 67651, 91139, 20943, 34709, 100322]"
119094,"[6229, 100788, 61133, 106019, 85963, 86578, 94550, 57099, 37058, 41053]"
119095,"[16307, 14760, 47012, 51859, 67788, 43819, 62408, 83887, 31400, 99643]"
119096,"[85562, 29546, 60777, 27189, 23958, 29336, 90240, 50615, 5984, 68160]"
119097,"[12775, 104368, 23126, 96492, 50372, 104416, 28140, 89212, 60354, 73113]"
119098,"[95742, 89199, 39711, 59286, 44766, 53714, 17722, 96538, 103017, 96332]"
119099,"[43122, 92040, 88848, 51523, 99867, 18491, 95318, 49821, 77792, 3060]"
119100,"[22158, 3940, 88909, 30092, 12592, 88620, 90632, 96243, 104146, 58809]"
119101,"[10555, 77273, 20881, 77517, 84218, 73208, 60167, 78159, 91894, 89330]"
119102,"[45558, 23653, 78415, 55895, 79136, 9857, 75955, 72356, 27179, 39881]"
119103,"[33743, 17620, 32106, 75610, 53125, 41124, 46144, 90400, 26358, 22626]"
119104,"[85192, 7264, 5217, 32971, 10989, 22705, 53280, 56169, 35917, 35005]"
119105,"[50897, 49382, 79702, 7182, 65219, 30960, 108836, 6042, 72296, 49825]"
119106,"[67081, 75437, 25713, 57135, 51710, 50271, 74485, 90519, 8222, 36533]"
119107,"[64445, 19915, 86752, 46603, 7798, 102096, 39047, 64934, 215, 71795]"
119108,"[18944, 42680, 30485, 81458, 59389, 98206, 100581, 2978, 89932, 106907]"
119109,"[21005, 80454, 109579, 28889, 105144, 54118, 107121, 62583, 105106, 38279]"
119110,"[38966, 53748, 94116, 11887, 31739, 75226, 68456, 79345, 33574, 77110]"
119111,"[13179, 66387, 71581, 7954, 39691, 76789, 61448, 78445, 60230, 93649]"
119112,"[105563, 75912, 68126, 399, 26528, 48678, 96573, 22622, 27448, 37168]"
119113,"[69111, 76433, 24473, 101315, 1259, 18286, 86740, 21250, 100045, 83665]"
119114,"[104449, 103771, 17068, 107181, 65452, 79713, 423, 102632, 76601, 85533]"
119115,"[21352, 36959, 105886, 106906, 77672, 94943, 4555, 72818, 87160, 108506]"
119116,"[4187, 44606, 47321, 84828, 77726, 59230, 109652, 38765, 66716, 19739]"
119117,"[90118, 96663, 107460, 55127, 74953, 85803, 98847, 27267, 77285, 60723]"
119118,"[46766, 55842, 57947, 3515, 98714, 31409, 65687, 78570, 37626, 49353]"
119119,"[32417, 24175, 41117, 67761, 68563, 42314, 71182, 36548, 15812, 53959]"
119120,"[59369, 74633, 3380, 95905, 3582, 35897, 51095, 107858, 64566, 48329]"
119121,"[8832, 97110, 39937, 42311, 40309, 55082, 31182, 45512, 14277, 88494]"
119122,"[23222, 26692, 21820, 39131, 3135, 98532, 291, 52883, 64470, 11468]"
119123,"[109067, 60564, 108061, 92416, 99963, 43305, 63550, 21915, 12265, 88599]"
119124,"[49378, 41282, 106580, 108042, 3399, 95607, 17313, 66646, 100758, 68534]"
119125,"[84127, 91824, 22868, 7183, 37358, 98217, 38636, 90213, 10655, 36822]"
119126,"[85274, 66263, 7273, 63543, 3083, 98643, 104025, 64382, 308, 76061]"
119127,"[2209, 2198, 55108, 4472, 8189, 11223, 7542, 12876, 19079, 7635]"
119128,"[5688, 83297, 109768, 42178, 31094, 86883, 85415, 109367, 63956, 21362]"
119129,"[106203, 91767, 8456, 87045, 61936, 64497, 26835, 68420, 107051, 109563]"
119130,"[51050, 16563, 37452, 69020, 14466, 49866, 87732, 81109, 80881, 71789]"
119131,"[46682, 62496, 107510, 84576, 82661, 9232, 4856, 2438, 24518, 13611]"
119132,"[44393, 88106, 38438, 99922, 63612, 15100, 5606, 103607, 63186, 96380]"
119133,"[88589, 25240, 52458, 32472, 67293, 31551, 80021, 77424, 75762, 34580]"
119134,"[93888, 5071, 87833, 46850, 95927, 3852, 66521, 107876, 13922, 73569]"
119135,"[56171, 4477, 7424, 85363, 92937, 76519, 1257, 66941, 39853, 86410]"
119136,"[33553, 37101, 1280, 59235, 63358, 63060, 63147, 96117, 92896, 66110]"
119137,"[83369, 9250, 10137, 26328, 10828, 88950, 94862, 46952, 108402, 65703]"
119138,"[8676, 20491, 95072, 5441, 14480, 25224, 49495, 106859, 9714, 12803]"
119139,"[33357, 51950, 25747, 13588, 91899, 20152, 36516, 37647, 100026, 75672]"
119140,"[89481, 13813, 24866, 59902, 70100, 82059, 52741, 107691, 47484, 84594]"
119141,"[82783, 14035, 87330, 30378, 80169, 78926, 8631, 4198, 32251, 8288]"
119142,"[37035, 43419, 42008, 18464, 74299, 90656, 66278, 20598, 64523, 8319]"
119143,"[52400, 94395, 24899, 83913, 50826, 37926, 67220, 107946, 33612, 1665]"
119144,"[6966, 26128, 40794, 12933, 37055, 88163, 101200, 73625, 81524, 78890]"
119145,"[10291, 104102, 59126, 10270, 50057, 45978, 18071, 67915, 104721, 15089]"
119146,"[7775, 108057, 16698, 88017, 17598, 84752, 54949, 13278, 909, 10780]"
119147,"[25899, 74931, 60712, 12309, 28629, 52849, 33058, 30167, 107577, 105370]"
119148,"[83519, 96274, 106995, 20495, 23741, 23919, 74544, 50678, 37030, 44482]"
119149,"[91302, 38430, 6509, 7204, 21029, 28806, 97116, 105309, 11038, 9013]"
119150,"[49561, 66658, 74723, 67303, 32140, 12998, 85848, 7662, 97344, 83402]"
119151,"[45734, 73440, 57253, 101680, 71899, 101590, 105722, 36019, 51234, 1553]"
119152,"[16811, 20967, 25263, 83509, 42361, 99545, 29584, 88087, 49999, 71419]"
119153,"[14183, 23690, 66629, 23860, 108187, 96187, 70246, 20411, 31100, 33404]"
119154,"[44907, 18032, 86964, 75962, 2487, 99896, 73508, 36911, 75051, 11277]"
119155,"[1729, 6881, 92962, 48861, 88814, 66546, 100919, 11002, 106809, 68109]"
119156,"[47630, 48041, 29387, 97872, 19228, 58753, 43608, 43626, 34292, 31307]"
119157,"[37758, 67488, 87007, 33777, 72856, 13008, 49788, 105384, 56420, 83189]"
119158,"[70934, 53570, 8573, 45843, 28959, 54559, 19210, 64556, 64444, 52755]"
119159,"[44925, 42247, 35696, 108567, 44192, 44923, 68893, 40592, 83895, 51486]"
119160,"[94566, 28181, 30557, 55118, 109582, 1747, 104600, 90270, 3471, 103055]"
119161,"[8914, 23308, 6290, 12289, 80473, 24452, 86027, 52249, 17949, 85640]"
119162,"[28126, 68784, 35240, 75877, 42309, 7683, 89836, 106806, 38594, 42301]"
119163,"[18156, 40248, 102950, 86968, 55930, 93968, 50086, 26382, 40646, 81008]"
119164,"[79205, 89362, 42095, 20117, 7967, 51273, 98445, 28250, 72611, 12634]"
119165,"[68760, 19956, 60141, 8085, 41972, 72840, 83830, 8628, 73959, 78378]"
119166,"[55565, 72518, 66472, 45597, 50391, 47238, 69435, 81247, 16484, 99688]"
119167,"[107788, 24501, 71027, 80396, 103690, 23358, 23045, 13160, 38331, 96730]"
119168,"[106875, 77615, 98036, 40591, 24284, 85167, 36685, 79474, 95469, 21183]"
119169,"[15809, 65967, 69503, 50052, 97406, 96493, 586, 89870, 75951, 96359]"
119170,"[97769, 78145, 70544, 28491, 39378, 5514, 35953, 16367, 22298, 29919]"
119171,"[55254, 56239, 3332, 22377, 57785, 2395, 42320, 37152, 57148, 85922]"
119172,"[43179, 6431, 86009, 74094, 92394, 101035, 7970, 87338, 91331, 88929]"
119173,"[52051, 46290, 90385, 55809, 94793, 15738, 9344, 89848, 16206, 75293]"
119174,"[92376, 59933, 16335, 33313, 20710, 20063, 16268, 25703, 1577, 45124]"
119175,"[96544, 85114, 10772, 31569, 108157, 106485, 72341, 43986, 12617, 83883]"
119176,"[23025, 41720, 39014, 19297, 447, 104168, 4997, 16439, 23729, 47655]"
119177,"[70583, 95603, 105164, 7645, 40050, 2551, 8275, 99175, 33620, 62566]"
119178,"[76129, 87250, 41797, 91399, 65810, 81533, 7038, 51675, 62159, 100628]"
119179,"[80898, 46739, 44348, 87931, 65822, 39732, 25396, 17084, 38008, 45502]"
119180,"[5172, 84992, 77241, 103424, 108083, 58688, 50451, 19850, 22317, 78842]"
119181,"[83384, 8210, 109080, 61893, 45080, 25457, 61121, 93187, 11073, 14407]"
119182,"[26336, 57063, 91044, 79641, 94551, 24671, 103053, 22016, 50801, 88086]"
119183,"[50002, 34929, 95802, 83590, 5250, 44238, 3750, 26135, 61941, 72213]"
119184,"[98809, 2956, 44095, 81170, 31041, 91366, 84441, 18340, 22908, 10109]"
119185,"[67699, 25943, 89381, 102180, 99299, 86814, 4856, 99456, 689, 13821]"
119186,"[30639, 100082, 46831, 23892, 49101, 16390, 105675, 91011, 273, 91906]"
119187,"[72095, 97703, 80763, 54739, 86651, 24352, 8874, 25637, 69876, 54393]"
119188,"[54053, 27290, 54624, 36266, 48144, 87712, 27433, 64045, 40491, 66481]"
119189,"[89125, 31083, 20872, 95488, 90844, 11639, 3854, 55615, 65094, 7500]"
119190,"[8706, 499, 100795, 78254, 26433, 82685, 21340, 78131, 43313, 104731]"
119191,"[95902, 32416, 108275, 4545, 39471, 71681, 84839, 31601, 22874, 70394]"
119192,"[50698, 50672, 27769, 32576, 74678, 81933, 102651, 23008, 60188, 106198]"
119193,"[20568, 79969, 9032, 43987, 107320, 98848, 108006, 64377, 83561, 29925]"
119194,"[81637, 40447, 23842, 80784, 58827, 104444, 5416, 56906, 67565, 66927]"
119195,"[18777, 46741, 8413, 56993, 32670, 45964, 17707, 9591, 82139, 60892]"
119196,"[101560, 96486, 55566, 8621, 6216, 42736, 99982, 6963, 67724, 40610]"
119197,"[39323, 9365, 86374, 5220, 5374, 34358, 3010, 105437, 84167, 18200]"
119198,"[105952, 59473, 66452, 79833, 103467, 21359, 49151, 55724, 20450, 102791]"
119199,"[78096, 12919, 25041, 86934, 76454, 10887, 89531, 106217, 52207, 34808]"
119200,"[10594, 18749, 3467, 45350, 85490, 87361, 95905, 3582, 82567, 65409]"
119201,"[14199, 7081, 81018, 49042, 56863, 49785, 92381, 32050, 41791, 27407]"
119202,"[52408, 106296, 39018, 31535, 63276, 67135, 9771, 7302, 68443, 60414]"
119203,"[97158, 90338, 9215, 88187, 82663, 92353, 6384, 23413, 82554, 87428]"
119204,"[89059, 90644, 90532, 42866, 23515, 85612, 62469, 3765, 79015, 97157]"
119205,"[11122, 86762, 58657, 41753, 87984, 30428, 39270, 94826, 73347, 49663]"
119206,"[100912, 10268, 68574, 24048, 2158, 10175, 70883, 38275, 79490, 98584]"
119207,"[81920, 52188, 30986, 90186, 78733, 93272, 65396, 57049, 168, 339]"
119208,"[63093, 56074, 66852, 36834, 86876, 66956, 107445, 27443, 43459, 85561]"
119209,"[89622, 13574, 55269, 106427, 35788, 27836, 109264, 31063, 59183, 81548]"
119210,"[13964, 38894, 19032, 61412, 105058, 23943, 53224, 6077, 52124, 87715]"
119211,"[14580, 57392, 16127, 61140, 55418, 64231, 8790, 1413, 35048, 31589]"
119212,"[28875, 94972, 40544, 27759, 29641, 37874, 40006, 92204, 64115, 25177]"
119213,"[13282, 7172, 48332, 16288, 32860, 21245, 24464, 40730, 58242, 85066]"
119214,"[77843, 90197, 88502, 81982, 59486, 82885, 79242, 57882, 15029, 38338]"
119215,"[65431, 85211, 79243, 45013, 75548, 93112, 66283, 98406, 40750, 58570]"
119216,"[7903, 98257, 95114, 31585, 81581, 93555, 26398, 78502, 34686, 11977]"
119217,"[1831, 94295, 25257, 37971, 82267, 8020, 65278, 55188, 40703, 57009]"
119218,"[17807, 72612, 53941, 60284, 19492, 44112, 19692, 50220, 332, 57487]"
119219,"[64152, 56847, 30210, 44442, 7242, 105825, 86142, 61373, 67898, 102476]"
119220,"[77949, 39067, 39154, 34654, 68982, 82537, 83447, 26981, 29222, 42012]"
119221,"[46268, 39728, 26686, 101417, 45121, 11688, 76798, 94844, 107527, 25399]"
119222,"[62019, 47606, 106750, 6366, 68345, 85453, 1107, 48917, 95754, 34664]"
119223,"[68236, 35265, 11609, 80700, 77690, 92806, 48416, 104527, 31632, 74890]"
119224,"[91910, 31656, 46338, 57290, 97067, 67035, 69589, 73757, 4432, 39834]"
119225,"[57737, 44243, 53899, 107557, 89515, 87971, 83822, 22003, 22679, 40134]"
119226,"[61711, 102526, 32557, 107380, 45828, 71993, 29384, 41302, 58509, 9040]"
119227,"[33881, 23375, 2061, 102490, 88733, 8762, 72531, 50370, 34359, 109115]"
119228,"[90612, 22225, 4599, 28830, 72038, 1497, 76247, 14018, 40019, 78568]"
119229,"[79767, 4705, 41339, 103205, 90446, 32012, 77926, 70507, 56498, 62203]"
119230,"[26204, 56086, 8896, 91013, 18968, 41275, 70914, 60872, 61704, 85986]"
119231,"[18049, 87591, 22322, 33102, 77791, 108440, 29058, 13059, 37796, 55408]"
119232,"[15406, 97548, 12270, 88743, 69286, 93699, 95132, 52339, 109565, 60477]"
119233,"[14525, 46728, 77863, 38218, 9269, 34406, 27837, 16257, 12291, 79793]"
119234,"[37700, 106402, 19458, 85486, 57181, 61967, 52398, 76226, 62925, 40244]"
119235,"[89647, 81166, 66156, 87837, 47389, 28912, 6455, 90635, 49812, 17651]"
119236,"[55598, 25091, 81956, 22727, 103074, 297, 100983, 40161, 105056, 85408]"
119237,"[90062, 23288, 66656, 90344, 907, 38583, 9026, 8978, 27341, 103187]"
119238,"[62272, 69256, 61287, 94979, 104819, 88290, 64511, 15433, 34364, 66712]"
119239,"[45248, 54266, 108484, 81010, 19122, 80241, 21812, 52127, 55129, 28885]"
119240,"[86534, 1428, 97366, 70870, 101553, 81236, 97435, 17005, 40046, 44399]"
119241,"[105716, 21311, 101867, 106084, 31394, 85280, 6551, 67193, 13416, 7012]"
119242,"[104660, 78022, 6008, 38360, 75922, 54164, 65673, 93975, 77175, 61780]"
119243,"[39179, 80774, 86166, 46563, 27494, 16619, 79942, 43886, 8143, 30804]"
119244,"[62716, 56042, 5018, 21728, 36081, 57252, 43300, 88330, 47403, 41317]"
119245,"[65731, 64033, 51435, 763, 55292, 25461, 53488, 98139, 84314, 7024]"
119246,"[37226, 68165, 8373, 36321, 33627, 72641, 31818, 63010, 45598, 57566]"
119247,"[1315, 74684, 83442, 50474, 69509, 17503, 38351, 94114, 94026, 101128]"
119248,"[4538, 71848, 77917, 50149, 94076, 49562, 88094, 1810, 17405, 97710]"
119249,"[95687, 46502, 16434, 106873, 5118, 28733, 25183, 80758, 80916, 98648]"
119250,"[94888, 4331, 31768, 70867, 50564, 47394, 46147, 22597, 99259, 14574]"
119251,"[5638, 104429, 18699, 71583, 34172, 43488, 78842, 35057, 101736, 52411]"
119252,"[5804, 92491, 78218, 33257, 47420, 78866, 50332, 39357, 94860, 98618]"
119253,"[45581, 100427, 26013, 32912, 109462, 51969, 70844, 49864, 4715, 97600]"
119254,"[2413, 101681, 99646, 45936, 54760, 51215, 87908, 34055, 107529, 13071]"
119255,"[44480, 67977, 27758, 59717, 100743, 67818, 53819, 70972, 103737, 98864]"
119256,"[54413, 13292, 22570, 47901, 92342, 12622, 49569, 998, 62223, 92617]"
119257,"[51297, 4792, 68551, 51656, 72067, 24257, 91944, 73946, 59819, 86897]"
119258,"[39034, 49952, 38737, 48767, 27700, 70095, 106271, 26465, 53208, 4282]"
119259,"[89246, 79577, 30371, 1972, 26684, 109391, 108691, 31913, 91956, 70181]"
119260,"[13829, 4212, 29556, 93124, 7907, 54361, 108688, 99998, 30200, 70797]"
119261,"[82783, 32251, 8288, 43052, 89409, 107273, 82937, 56603, 4198, 33142]"
119262,"[95287, 66135, 41234, 3705, 25296, 64828, 66683, 67543, 41181, 626]"
119263,"[53746, 44751, 91260, 105455, 74954, 42633, 46507, 56193, 13205, 106783]"
119264,"[41733, 69828, 48553, 45246, 65629, 85896, 67478, 106589, 16502, 104430]"
119265,"[56155, 46095, 92287, 105677, 83827, 100945, 1894, 2805, 47, 107503]"
119266,"[106708, 4909, 51684, 53846, 92331, 96161, 27934, 653, 8426, 30124]"
119267,"[62075, 82651, 60365, 71798, 98982, 9127, 31824, 78604, 70157, 63210]"
119268,"[20592, 31912, 90389, 80049, 103909, 70837, 8978, 45467, 45188, 94721]"
119269,"[31594, 89400, 82440, 109500, 67574, 73567, 106522, 80489, 24418, 84451]"
119270,"[24256, 106626, 97785, 15385, 52078, 45283, 1717, 10799, 26031, 47769]"
119271,"[50013, 109671, 58058, 42268, 189, 46803, 16056, 92993, 79927, 38048]"
119272,"[52079, 94239, 32683, 47521, 102667, 108827, 60823, 69844, 29418, 74131]"
119273,"[107990, 65983, 94814, 51130, 10002, 108031, 40386, 90105, 27136, 11954]"
119274,"[21315, 20857, 30375, 30107, 58324, 69139, 38184, 69079, 100682, 41693]"
119275,"[60884, 100121, 67163, 48612, 88565, 42076, 18639, 76119, 40668, 38591]"
119276,"[46612, 18973, 100818, 5648, 105084, 67345, 104256, 39431, 60932, 54857]"
119277,"[67120, 48294, 17306, 47613, 73823, 50843, 88210, 7159, 59051, 41299]"
119278,"[84605, 18274, 67605, 97734, 87203, 72715, 69814, 1435, 93035, 50123]"
119279,"[20757, 66971, 36662, 68346, 12435, 93515, 68990, 6920, 12424, 77535]"
119280,"[20352, 24573, 2725, 26217, 43730, 60763, 77170, 34999, 38363, 69411]"
119281,"[1906, 68967, 27062, 31534, 87681, 23116, 48537, 90492, 10560, 100210]"
119282,"[92980, 57813, 59471, 98087, 108097, 5921, 70323, 31952, 65114, 49221]"
119283,"[12783, 31182, 98245, 99516, 98104, 83827, 88494, 40309, 18751, 81626]"
119284,"[36610, 43744, 7567, 72072, 93747, 104284, 33376, 35941, 64647, 107083]"
119285,"[18739, 47219, 73460, 85727, 34060, 60733, 61409, 2495, 64496, 86764]"
119286,"[96501, 16488, 19398, 25296, 61961, 105628, 41571, 44673, 51800, 66422]"
119287,"[55393, 41543, 21942, 95080, 80755, 96400, 1084, 35327, 108723, 92628]"
119288,"[87157, 54694, 88144, 80836, 23966, 60593, 71748, 26327, 93816, 86780]"
119289,"[57845, 18081, 98655, 103744, 107659, 86613, 86126, 19938, 79393, 56696]"
119290,"[74732, 105846, 48685, 90450, 37194, 74645, 22474, 72787, 52304, 50405]"
119291,"[106756, 23155, 15240, 65725, 30582, 106223, 41518, 100472, 86799, 94152]"
119292,"[109146, 78886, 108265, 1208, 14490, 98117, 105703, 92359, 68408, 82048]"
119293,"[108533, 67543, 801, 33002, 30722, 97934, 17715, 15775, 52232, 55447]"
119294,"[41265, 34969, 109636, 81602, 87211, 9564, 20128, 81246, 26986, 56152]"
119295,"[62486, 100800, 45509, 45678, 12161, 89582, 55843, 61827, 4765, 47255]"
119296,"[34281, 20303, 21782, 90470, 48038, 42973, 27227, 56832, 30309, 19881]"
119297,"[31563, 43472, 43704, 104207, 1758, 50851, 42826, 102749, 86613, 54727]"
119298,"[106531, 14033, 101144, 95635, 59877, 32549, 63756, 52541, 24771, 65008]"
119299,"[10395, 37204, 64146, 55401, 45257, 50080, 39085, 80999, 28884, 29888]"
119300,"[28521, 88189, 11806, 71357, 74916, 107940, 32710, 91497, 86963, 16642]"
119301,"[100328, 95731, 102831, 78731, 48063, 77893, 47360, 29549, 87630, 46451]"
119302,"[39190, 59022, 103082, 108576, 3897, 71342, 76031, 54590, 8979, 80714]"
119303,"[89923, 75192, 31908, 8598, 51683, 51861, 58669, 57111, 49445, 71942]"
119304,"[48266, 20759, 5156, 105182, 87200, 108480, 96914, 64292, 92062, 63783]"
119305,"[7886, 98178, 16089, 99895, 99522, 53921, 20133, 77947, 10857, 57427]"
119306,"[33093, 38145, 89108, 37203, 25549, 32229, 87693, 105410, 100771, 23450]"
119307,"[80203, 59995, 72073, 1874, 40830, 9693, 28567, 70307, 10069, 47177]"
119308,"[69208, 109751, 9603, 65307, 80140, 62870, 51913, 61891, 93590, 67232]"
119309,"[9582, 32135, 65987, 63351, 15126, 62035, 77951, 22786, 79378, 96459]"
119310,"[35799, 28956, 89254, 38888, 105447, 11959, 34355, 10607, 56009, 5697]"
119311,"[79331, 37586, 62276, 63410, 45982, 51101, 77223, 106321, 21154, 1440]"
119312,"[55612, 31469, 20433, 54728, 48176, 89234, 43805, 98190, 55877, 79211]"
119313,"[1470, 40529, 36358, 106703, 30659, 37618, 40766, 34464, 105008, 2575]"
119314,"[59765, 34154, 78317, 74647, 70096, 99272, 30772, 65653, 53548, 65440]"
119315,"[89845, 44774, 70881, 11000, 62328, 74967, 50680, 92933, 17161, 103233]"
119316,"[6870, 89683, 74426, 54705, 76636, 20654, 64980, 17667, 71012, 48113]"
119317,"[3727, 43631, 84730, 7544, 100380, 52301, 52928, 72757, 89269, 34151]"
119318,"[9338, 44092, 23776, 38226, 60160, 24215, 13570, 92321, 56320, 101519]"
119319,"[81997, 89743, 3134, 39404, 48841, 77917, 11764, 49562, 50149, 4538]"
119320,"[46637, 56491, 50584, 68831, 46224, 20008, 61786, 42987, 9949, 70738]"
119321,"[75727, 45301, 76598, 14080, 92598, 54689, 40474, 4695, 92369, 67405]"
119322,"[5754, 74116, 64857, 49290, 16643, 93063, 82369, 34400, 55686, 62068]"
119323,"[50937, 84879, 16660, 2849, 99507, 11687, 57065, 96568, 58965, 54637]"
119324,"[90700, 19954, 72483, 42216, 25491, 3702, 70576, 15806, 63242, 38832]"
119325,"[71961, 87522, 70489, 87670, 100767, 80912, 63356, 97993, 49873, 57393]"
119326,"[22098, 38109, 14705, 67579, 56013, 66146, 31313, 55400, 17819, 22995]"
119327,"[20876, 88268, 92561, 31806, 61520, 64490, 97473, 96497, 83004, 97287]"
119328,"[13096, 51371, 90155, 51474, 104861, 18804, 24557, 104386, 90448, 101477]"
119329,"[65912, 22365, 8197, 95834, 73749, 50364, 59259, 17779, 74381, 37471]"
119330,"[54928, 13536, 31817, 59456, 21624, 45903, 68291, 78535, 50810, 28582]"
119331,"[53398, 105042, 69640, 43186, 95227, 106769, 15124, 84806, 5154, 63032]"
119332,"[54268, 19696, 84837, 37264, 18502, 1606, 99349, 56918, 41685, 36848]"
119333,"[42838, 65465, 95282, 93102, 29895, 73559, 40126, 18142, 22104, 35494]"
119334,"[70151, 90288, 72745, 97173, 10646, 108434, 43837, 47924, 96582, 95308]"
119335,"[14073, 96318, 31882, 13996, 23480, 6683, 39737, 65854, 42304, 43990]"
119336,"[84551, 25998, 59662, 38906, 9816, 101708, 20337, 12744, 57286, 99962]"
119337,"[83392, 39720, 94376, 61958, 81281, 37342, 109537, 45921, 30461, 50445]"
119338,"[72975, 54111, 46925, 84590, 90949, 40339, 4799, 44205, 69004, 74999]"
119339,"[69774, 49696, 53767, 39067, 92560, 84770, 18123, 91951, 3787, 81464]"
119340,"[60845, 74261, 65579, 48698, 79043, 17924, 56991, 28099, 61746, 33557]"
119341,"[83148, 101469, 106644, 68286, 9331, 4805, 76134, 10765, 58441, 3877]"
119342,"[40927, 4554, 49031, 87239, 12307, 86045, 94677, 92348, 100976, 20793]"
119343,"[92734, 61171, 66245, 22482, 16912, 72198, 90837, 66183, 51398, 7925]"
119344,"[60346, 9107, 75751, 60319, 15420, 6712, 63658, 28302, 101612, 86704]"
119345,"[44441, 32554, 62990, 65762, 89312, 48387, 9167, 43292, 80176, 62368]"
119346,"[58816, 37590, 86612, 28139, 30549, 95963, 66113, 77562, 55577, 39447]"
119347,"[101125, 79833, 56787, 103467, 16897, 46504, 67419, 87651, 102791, 27846]"
119348,"[80149, 86463, 57125, 60166, 85934, 108693, 30834, 91517, 93628, 59807]"
119349,"[88212, 12790, 81934, 8509, 31070, 1436, 30389, 108326, 7613, 29316]"
119350,"[4955, 30216, 94598, 60536, 64563, 88125, 10379, 81662, 80664, 87368]"
119351,"[6513, 83748, 44856, 51728, 14732, 86104, 43616, 18604, 68194, 66279]"
119352,"[10037, 83129, 36915, 102281, 3684, 109689, 6851, 60, 33137, 91266]"
119353,"[98503, 7325, 52707, 100046, 9426, 8526, 10834, 85209, 12628, 74883]"
119354,"[50090, 82241, 57931, 45285, 39677, 102880, 64525, 94047, 24396, 78706]"
119355,"[29582, 15398, 13371, 35052, 89181, 80838, 41178, 102193, 3236, 12951]"
119356,"[8094, 16803, 54395, 27284, 6285, 93861, 51110, 93275, 82456, 30209]"
119357,"[52638, 21055, 7393, 46867, 23688, 67009, 92594, 59052, 4500, 43257]"
119358,"[33733, 78162, 49201, 23966, 18818, 80274, 21338, 87946, 72013, 39811]"
119359,"[33438, 48784, 50543, 98374, 28709, 54213, 71238, 20066, 38753, 23232]"
119360,"[51625, 67485, 47254, 43361, 67305, 53490, 55894, 100573, 3171, 90369]"
119361,"[13570, 46038, 9805, 49367, 84900, 92216, 82078, 74019, 32310, 108283]"
119362,"[64313, 71640, 62296, 59848, 84003, 14659, 83649, 80877, 38541, 107177]"
119363,"[81072, 26551, 59385, 60214, 105946, 25628, 50499, 95030, 221, 35913]"
119364,"[91906, 49506, 91000, 88676, 2159, 87091, 51623, 41758, 66321, 52024]"
119365,"[93183, 8368, 103082, 76031, 5480, 59992, 96174, 93172, 102082, 17853]"
119366,"[74820, 27948, 108717, 8963, 21183, 83184, 106098, 13961, 29138, 83806]"
119367,"[103850, 104703, 102161, 11895, 93110, 73350, 80660, 20813, 32088, 6233]"
119368,"[89627, 98995, 74937, 31046, 26695, 29717, 105759, 59295, 95666, 96120]"
119369,"[62945, 19659, 6623, 20118, 31491, 2033, 1386, 75031, 2463, 54455]"
119370,"[23440, 99245, 80596, 92320, 6148, 76128, 7559, 97787, 65656, 20028]"
119371,"[25356, 85014, 86085, 66153, 24986, 91016, 90470, 97326, 98043, 68197]"
119372,"[82296, 87741, 18406, 35427, 51600, 42399, 85762, 53782, 759, 85276]"
119373,"[35226, 90477, 22783, 89782, 310, 91225, 32006, 19153, 9678, 53454]"
119374,"[67953, 55372, 77588, 45093, 68621, 42847, 85773, 84989, 106386, 40711]"
119375,"[15591, 109089, 19726, 67839, 36852, 18570, 67728, 13211, 4916, 79715]"
119376,"[30080, 82402, 84287, 97370, 105818, 4476, 103751, 6471, 32334, 8987]"
119377,"[35125, 10095, 84200, 28413, 91306, 89435, 105418, 37492, 25829, 81081]"
119378,"[15595, 1510, 36056, 27458, 68881, 101849, 92539, 46786, 93687, 90232]"
119379,"[15444, 2716, 71924, 62729, 75356, 109770, 58414, 37423, 3416, 41347]"
119380,"[61657, 42029, 32123, 107675, 22161, 24542, 41032, 5884, 99553, 90397]"
119381,"[42262, 13584, 102195, 102031, 92861, 40755, 15470, 92165, 57022, 11626]"
119382,"[103750, 93527, 34106, 77193, 5681, 66096, 41139, 31910, 71457, 4648]"
119383,"[37120, 17497, 43344, 78900, 73764, 99375, 62040, 32677, 80405, 45880]"
119384,"[51199, 96198, 81190, 35803, 13333, 67165, 26865, 6644, 23133, 34471]"
119385,"[36561, 65842, 74417, 17348, 104420, 93637, 4759, 26551, 84257, 78064]"
119386,"[76843, 53653, 7873, 78747, 66280, 10136, 84434, 81666, 52012, 29950]"
119387,"[7225, 62326, 9336, 109733, 54383, 42770, 64557, 24340, 49524, 94366]"
119388,"[4393, 73208, 79214, 60167, 84218, 77803, 91894, 93017, 109533, 73992]"
119389,"[77360, 109344, 86938, 71154, 72970, 68563, 67859, 73064, 55244, 91048]"
119390,"[75075, 47801, 44622, 79356, 29662, 2927, 16490, 33919, 50122, 53168]"
119391,"[62220, 73868, 14278, 81920, 67973, 61713, 92764, 5364, 57049, 19454]"
119392,"[83585, 7246, 93732, 106232, 45521, 79001, 39507, 1651, 47068, 21102]"
119393,"[85049, 22871, 88386, 23139, 107737, 26789, 101310, 21750, 37354, 103923]"
119394,"[92292, 74654, 1111, 87663, 4584, 33282, 30946, 9161, 53753, 27882]"
119395,"[62659, 69978, 95427, 105648, 44685, 25498, 70345, 54223, 91744, 1299]"
119396,"[98167, 37167, 43834, 15608, 99792, 18752, 55316, 19330, 70971, 56382]"
119397,"[23070, 82114, 14397, 100149, 32074, 14098, 24927, 81200, 54701, 45039]"
119398,"[43510, 78763, 70326, 57651, 53739, 54124, 76847, 50988, 51604, 38595]"
119399,"[88695, 1707, 23995, 10499, 46834, 62760, 62769, 6837, 48006, 88683]"
119400,"[57183, 65426, 90677, 18958, 32900, 78702, 76768, 97129, 51405, 64188]"
119401,"[77154, 66315, 104267, 52294, 100700, 78098, 92487, 73378, 22945, 95347]"
119402,"[94479, 7295, 39656, 86794, 83352, 103508, 82631, 92498, 83241, 41820]"
119403,"[58423, 104908, 109091, 9418, 53726, 29198, 104282, 36837, 1373, 46668]"
119404,"[103973, 79101, 79695, 97323, 80067, 92187, 16618, 103929, 93222, 88741]"
119405,"[79059, 74410, 21273, 103244, 4091, 10305, 39231, 98520, 95302, 11606]"
119406,"[91607, 88444, 21113, 85896, 67478, 43438, 101231, 18894, 108654, 109241]"
119407,"[5829, 2309, 63229, 5632, 13098, 72842, 90355, 28703, 10286, 9451]"
119408,"[93228, 101904, 8195, 29512, 90511, 75045, 39652, 83112, 43223, 61329]"
119409,"[31296, 69368, 18543, 17938, 58872, 29981, 10074, 88477, 10769, 3909]"
119410,"[74666, 106177, 6726, 95877, 39592, 43250, 65375, 20745, 69230, 100904]"
119411,"[80944, 57382, 64280, 7360, 101557, 53189, 2206, 1745, 19060, 28390]"
119412,"[43587, 109012, 19924, 11591, 23577, 19335, 93249, 77787, 93612, 32560]"
119413,"[55783, 105750, 35376, 45797, 100909, 33401, 41031, 100880, 27443, 1854]"
119414,"[63719, 47476, 13880, 61269, 78086, 10421, 25533, 45926, 69089, 73365]"
119415,"[3048, 109658, 88010, 52656, 38492, 94984, 61659, 73774, 32353, 54956]"
119416,"[7184, 21572, 16072, 10222, 46025, 105531, 88425, 101762, 85981, 18137]"
119417,"[95888, 18640, 54959, 39525, 99814, 58209, 59475, 59629, 45452, 889]"
119418,"[90028, 37305, 3497, 71798, 98982, 98200, 53362, 51752, 53547, 84061]"
119419,"[56235, 100355, 12581, 106007, 63065, 102799, 95922, 84392, 16070, 82173]"
119420,"[22409, 79949, 23047, 69688, 92785, 91507, 40649, 31920, 81432, 89107]"
119421,"[58874, 56381, 2937, 79385, 31503, 36413, 75926, 105883, 1769, 94289]"
119422,"[11299, 32060, 10025, 55491, 55183, 69491, 107979, 84763, 95199, 9510]"
119423,"[31503, 61325, 94620, 92533, 56050, 29470, 31540, 26207, 59209, 75160]"
119424,"[95904, 69763, 7866, 28848, 29688, 75527, 72538, 5867, 106821, 70156]"
119425,"[6339, 73890, 2951, 54488, 43531, 100627, 106632, 23590, 75014, 2289]"
119426,"[34671, 14417, 75216, 35885, 21221, 66643, 50672, 2511, 22663, 86170]"
119427,"[33166, 93714, 107987, 74685, 89987, 85102, 18002, 97644, 92456, 94683]"
119428,"[91164, 29106, 33010, 97109, 62271, 102677, 58720, 87740, 10070, 39088]"
119429,"[38502, 1546, 8884, 40854, 73016, 89405, 103063, 69862, 59168, 44682]"
119430,"[24353, 19195, 78981, 58465, 32210, 92436, 57636, 6454, 25141, 87478]"
119431,"[89675, 46280, 83803, 102540, 95837, 44106, 54046, 41545, 12660, 92266]"
119432,"[27331, 92029, 69114, 77457, 23983, 89132, 55553, 19796, 62755, 39941]"
119433,"[2830, 83990, 35361, 60382, 31284, 11311, 280, 99199, 47192, 95594]"
119434,"[11794, 35307, 59235, 70935, 57432, 78242, 62274, 33553, 102636, 98086]"
119435,"[63869, 75717, 95347, 53295, 56985, 106189, 6795, 97015, 30667, 13748]"
119436,"[65296, 62424, 24778, 37561, 97765, 9283, 29872, 16839, 20659, 18087]"
119437,"[38370, 103011, 7432, 19896, 78427, 37485, 103647, 97275, 54369, 98822]"
119438,"[62229, 54921, 101276, 18610, 99402, 82923, 95586, 83210, 85603, 41402]"
119439,"[104165, 33469, 70658, 63594, 49890, 88966, 63615, 32899, 82793, 107339]"
119440,"[37286, 107573, 60653, 19165, 37957, 94074, 27065, 49253, 76541, 30821]"
119441,"[27086, 48257, 104426, 10919, 1643, 57956, 8436, 35425, 64148, 3906]"
119442,"[58560, 88889, 54524, 18636, 62460, 28644, 66655, 83911, 70792, 20065]"
119443,"[44018, 101502, 86141, 52606, 16545, 108021, 40550, 25053, 21690, 77627]"
119444,"[94328, 87423, 92598, 1550, 34158, 76354, 41020, 96416, 100173, 100967]"
119445,"[76009, 100705, 76326, 39489, 25971, 20392, 60379, 27929, 18011, 35315]"
119446,"[101192, 81439, 51614, 77238, 50630, 106865, 109742, 35068, 87587, 34312]"
119447,"[150, 60566, 76466, 91486, 71289, 29795, 30290, 95054, 33982, 51071]"
119448,"[57481, 68666, 57305, 102065, 57743, 12307, 21482, 109163, 9454, 98118]"
119449,"[29978, 78975, 68599, 31519, 85076, 42419, 90196, 100505, 32661, 23154]"
119450,"[89372, 6215, 61495, 106250, 5544, 95444, 100142, 76128, 71480, 81978]"
119451,"[85118, 38751, 27819, 12410, 67249, 23672, 22435, 64035, 14968, 33246]"
119452,"[11624, 80078, 40740, 63261, 30731, 7894, 81343, 7771, 25545, 102783]"
119453,"[65373, 579, 97612, 45399, 60112, 23639, 105186, 939, 84749, 9815]"
119454,"[34815, 28499, 84813, 85168, 51619, 62203, 108256, 87152, 98910, 52309]"
119455,"[28262, 107865, 54666, 98177, 85563, 71130, 109643, 79032, 92059, 71378]"
119456,"[84108, 76123, 9755, 88129, 62045, 21659, 74691, 22170, 22572, 105064]"
119457,"[72069, 98749, 30573, 52206, 18852, 71994, 45408, 31980, 39004, 92119]"
119458,"[407, 60646, 44418, 91446, 17392, 109482, 69712, 109373, 22351, 68499]"
119459,"[8991, 92992, 10781, 92255, 105468, 23195, 49951, 9734, 49525, 108335]"
119460,"[38351, 19115, 93264, 17503, 69509, 109231, 94026, 94114, 12942, 17482]"
119461,"[73108, 84430, 53660, 35391, 87869, 863, 61842, 104537, 91204, 63078]"
119462,"[36022, 988, 69403, 65339, 25878, 87784, 102734, 102954, 103304, 88426]"
119463,"[15665, 66053, 13055, 103245, 14911, 54833, 74301, 47875, 36239, 28694]"
119464,"[89084, 5213, 75052, 82162, 102522, 74244, 14487, 68215, 77504, 80265]"
119465,"[33147, 81098, 59117, 79571, 22116, 3250, 35616, 69250, 6416, 49374]"
119466,"[4137, 56461, 58266, 3189, 12250, 78619, 91134, 25518, 16511, 93484]"
119467,"[57131, 61820, 47584, 83567, 78342, 87540, 6287, 58528, 37168, 52785]"
119468,"[57388, 101427, 71425, 37157, 19751, 59213, 78889, 90030, 86091, 53699]"
119469,"[87883, 29082, 99280, 65927, 19670, 36843, 66764, 76565, 1982, 29128]"
119470,"[89582, 36474, 60971, 56245, 109174, 46821, 63228, 18127, 38832, 38789]"
119471,"[103028, 38693, 20538, 71768, 63237, 31348, 107314, 623, 745, 78056]"
119472,"[6579, 16661, 80033, 72965, 7532, 91305, 10775, 101485, 23166, 2994]"
119473,"[19391, 15192, 53578, 72957, 77422, 737, 75363, 15796, 85421, 6838]"
119474,"[16382, 60442, 29282, 39388, 83933, 97861, 41098, 60066, 46442, 20085]"
119475,"[36322, 44494, 23086, 1617, 94403, 40318, 67636, 65947, 65022, 70739]"
119476,"[70151, 106110, 62815, 90288, 43837, 2840, 80495, 47924, 107091, 96582]"
119477,"[10465, 11500, 40956, 74862, 45265, 91154, 1251, 81771, 37425, 27224]"
119478,"[43268, 100213, 87231, 74500, 2060, 109595, 40461, 57543, 45409, 5180]"
119479,"[6751, 1402, 100107, 10954, 5812, 24524, 17755, 11945, 39972, 55]"
119480,"[71838, 69002, 89528, 27196, 55404, 102295, 33105, 55887, 40773, 31026]"
119481,"[2513, 71936, 45723, 72963, 60814, 47060, 78322, 20192, 66277, 82584]"
119482,"[12684, 109758, 2832, 99154, 95284, 56145, 96133, 20659, 10241, 13261]"
119483,"[44714, 11156, 70005, 81814, 67207, 51582, 14165, 25881, 79102, 8367]"
119484,"[41455, 88574, 20467, 6105, 2970, 5218, 58828, 9816, 36280, 9502]"
119485,"[15084, 61090, 76281, 13875, 59479, 35322, 43076, 89332, 104916, 54134]"
119486,"[84437, 80293, 46111, 8505, 15813, 90193, 81430, 3739, 82362, 35696]"
119487,"[64717, 12605, 84337, 44189, 96757, 86701, 70649, 102419, 98926, 98595]"
119488,"[9959, 92657, 1566, 6659, 20036, 6522, 1979, 52048, 82401, 10967]"
119489,"[84547, 58022, 44285, 23702, 26129, 60419, 62438, 108464, 17177, 21814]"
119490,"[73571, 76256, 51961, 46296, 103606, 66869, 52021, 24297, 33413, 2862]"
119491,"[48673, 102052, 91541, 80195, 77634, 62368, 56890, 15992, 21269, 22435]"
119492,"[77630, 63549, 95500, 7599, 98412, 77493, 55970, 104551, 4799, 18674]"
119493,"[96412, 96601, 85312, 79662, 98181, 46655, 45869, 89361, 80439, 69602]"
119494,"[85509, 89364, 56045, 92765, 16243, 73789, 76609, 54269, 52295, 82685]"
119495,"[68619, 80343, 39868, 23675, 75213, 36512, 17454, 9890, 69286, 84555]"
119496,"[16268, 24437, 96796, 95184, 22026, 109772, 108408, 11589, 20063, 7399]"
119497,"[104786, 23214, 20196, 108763, 83884, 11784, 37779, 25076, 72874, 101667]"
119498,"[76914, 59980, 100777, 83845, 71914, 103825, 41878, 42901, 43408, 43609]"
119499,"[3209, 53766, 22047, 98722, 74196, 42709, 55176, 79638, 105497, 61278]"
119500,"[76955, 11223, 7542, 19079, 90908, 5606, 108578, 8189, 4576, 89838]"
119501,"[59709, 87747, 40320, 56893, 86107, 90031, 35073, 58564, 9852, 13652]"
119502,"[17933, 65002, 73509, 79519, 70295, 10212, 29731, 44630, 34926, 60556]"
119503,"[67295, 107101, 95445, 45087, 89814, 39689, 65397, 4660, 5753, 96783]"
119504,"[15343, 87827, 84394, 31260, 67145, 103612, 69760, 79641, 29323, 81748]"
119505,"[100837, 63725, 30806, 71661, 62998, 50281, 25984, 104653, 42878, 107902]"
119506,"[533, 78396, 104318, 100764, 12363, 64551, 84775, 25780, 100513, 30443]"
119507,"[23252, 90730, 79718, 38914, 52484, 101288, 70954, 93480, 39125, 35433]"
119508,"[15986, 85092, 44913, 20440, 40272, 107433, 35528, 75295, 77603, 47687]"
119509,"[6496, 29984, 85087, 67683, 90850, 56521, 14240, 18652, 11600, 96201]"
119510,"[3412, 109207, 91487, 41414, 17601, 4386, 55763, 17005, 2011, 21531]"
119511,"[50275, 81889, 50272, 99479, 103729, 48501, 94893, 106654, 92175, 79589]"
119512,"[52494, 97021, 104069, 13152, 69393, 109761, 38293, 51326, 73533, 108071]"
119513,"[21460, 74049, 98255, 22634, 34677, 16936, 71690, 99712, 3533, 101457]"
119514,"[17272, 68525, 69988, 58782, 101755, 64111, 100879, 38864, 6073, 54323]"
119515,"[14185, 68772, 24919, 25754, 20348, 25290, 21061, 71044, 101047, 37091]"
119516,"[85723, 86364, 49395, 86827, 44866, 13915, 7004, 8893, 51628, 55773]"
119517,"[42755, 41060, 65154, 97761, 99679, 99138, 105022, 71070, 44943, 94045]"
119518,"[30308, 107549, 26796, 99660, 100772, 12702, 98226, 52662, 19968, 12902]"
119519,"[62947, 1404, 282, 59831, 91585, 8459, 11509, 96507, 10061, 80170]"
119520,"[49599, 92137, 21233, 18727, 6080, 11337, 60824, 65065, 105680, 4741]"
119521,"[65181, 68542, 34714, 29542, 16835, 35904, 109732, 47216, 59446, 79302]"
119522,"[102241, 74421, 22896, 20161, 8493, 90626, 71621, 1939, 53844, 53271]"
119523,"[41526, 56998, 48284, 96499, 2969, 88863, 14106, 24743, 12127, 14273]"
119524,"[105436, 4127, 1692, 28678, 66730, 1106, 79230, 16468, 62652, 102151]"
119525,"[4648, 34106, 93527, 78285, 93143, 24858, 87762, 1025, 61080, 43999]"
119526,"[82794, 64108, 92982, 94605, 18154, 46943, 101875, 43775, 1281, 69159]"
119527,"[95379, 84734, 96886, 21674, 90251, 36866, 725, 28312, 58767, 2970]"
119528,"[14838, 102608, 50867, 96517, 35420, 14343, 69939, 59105, 92282, 11313]"
119529,"[78619, 80738, 83322, 52263, 70923, 37999, 34564, 62529, 63720, 15501]"
119530,"[80212, 33751, 104774, 94058, 56102, 21071, 56766, 39040, 37606, 1365]"
119531,"[97397, 56125, 43181, 76362, 12790, 81934, 31070, 1436, 30389, 45454]"
119532,"[51799, 96344, 8656, 35618, 45742, 56199, 29229, 41978, 589, 12215]"
119533,"[2548, 37041, 101032, 76780, 99323, 85909, 71490, 2436, 22351, 84458]"
119534,"[54911, 109209, 95709, 1105, 38529, 39145, 68269, 53620, 20999, 105884]"
119535,"[70024, 11103, 11101, 54144, 8007, 55627, 76982, 68206, 14193, 53013]"
119536,"[97024, 40974, 44059, 106220, 101733, 16627, 29276, 102464, 101487, 69845]"
119537,"[42183, 25266, 53961, 32354, 27425, 64289, 14371, 89454, 67846, 64074]"
119538,"[91383, 61225, 7217, 48696, 10774, 53077, 35254, 12538, 9087, 99411]"
119539,"[86305, 77233, 72327, 15447, 14203, 39471, 55309, 94988, 52282, 5636]"
119540,"[13681, 94789, 50247, 101763, 100531, 28188, 25382, 97058, 17668, 59359]"
119541,"[106399, 91629, 83168, 29152, 37984, 17401, 60517, 108145, 106138, 93303]"
119542,"[13801, 80806, 31716, 56519, 96841, 8642, 106994, 61321, 98613, 108320]"
119543,"[59552, 29063, 95830, 88462, 89506, 98805, 57672, 38836, 86725, 100239]"
119544,"[36327, 70291, 31544, 5147, 30124, 6512, 16003, 29464, 51684, 52098]"
119545,"[7565, 42965, 85929, 13574, 57060, 96073, 89622, 55269, 87644, 53195]"
119546,"[14636, 50962, 34996, 17143, 5895, 58552, 60122, 41483, 45590, 94996]"
119547,"[106612, 76438, 82697, 98568, 55621, 5882, 38692, 104080, 49448, 67359]"
119548,"[93533, 18665, 18763, 50522, 105714, 109320, 13250, 15430, 98080, 83657]"
119549,"[66304, 96139, 73474, 38464, 92378, 69263, 90617, 88028, 33071, 99414]"
119550,"[43216, 24330, 28347, 64588, 1846, 45140, 62274, 97736, 64125, 35773]"
119551,"[105364, 32865, 11251, 20567, 100783, 366, 96172, 79135, 42628, 51648]"
119552,"[82882, 31689, 17546, 25325, 9486, 66727, 94127, 38749, 108826, 26411]"
119553,"[50742, 56068, 66232, 62712, 98332, 105770, 60011, 55184, 43467, 51824]"
119554,"[98319, 9858, 12402, 69105, 73196, 4457, 15892, 30714, 108640, 16409]"
119555,"[38062, 88783, 106012, 99137, 73686, 87094, 74125, 21790, 102320, 28606]"
119556,"[81794, 37747, 18379, 92237, 5509, 30583, 96336, 21108, 10468, 81440]"
119557,"[39419, 106151, 79367, 67540, 19224, 70581, 24525, 104519, 5618, 89589]"
119558,"[36757, 17323, 54815, 87406, 21112, 80297, 75825, 73640, 79210, 97999]"
119559,"[65289, 60113, 43730, 60763, 88450, 102775, 27057, 103204, 44114, 94935]"
119560,"[92160, 74104, 85070, 57329, 75029, 48952, 82060, 32957, 26495, 16891]"
119561,"[65225, 45770, 54461, 47690, 109204, 93654, 76344, 105173, 44704, 43401]"
119562,"[77181, 89932, 42680, 1421, 70395, 84273, 30485, 57678, 18944, 100581]"
119563,"[37438, 40448, 571, 94246, 105240, 69739, 93666, 63165, 11477, 18202]"
119564,"[55678, 78839, 58218, 57104, 33260, 57703, 96435, 102250, 2871, 72992]"
119565,"[108559, 79344, 37470, 18963, 29347, 83793, 13327, 92501, 11173, 100601]"
119566,"[76229, 57839, 62003, 9057, 36289, 36247, 3874, 11373, 50085, 50821]"
119567,"[39803, 50313, 44032, 83376, 102808, 70430, 52283, 86948, 7333, 47995]"
119568,"[65022, 4139, 11581, 70739, 105607, 54923, 35319, 46284, 45292, 29745]"
119569,"[89693, 12507, 20235, 56682, 56307, 93380, 29218, 106341, 53970, 103615]"
119570,"[70881, 51188, 92933, 50680, 109668, 67484, 89845, 50058, 75645, 91784]"
119571,"[86773, 66930, 12875, 80728, 56560, 42516, 100871, 37847, 72897, 29626]"
119572,"[15817, 13214, 93194, 71224, 63075, 18266, 41680, 38951, 30484, 71950]"
119573,"[18632, 105676, 107742, 86972, 46062, 10254, 64306, 25874, 7063, 99809]"
119574,"[26931, 20807, 93173, 44507, 14404, 32374, 27161, 1873, 93459, 42625]"
119575,"[17364, 45132, 10491, 17479, 48429, 12172, 4209, 27502, 11345, 7365]"
119576,"[77806, 69957, 13350, 93389, 16463, 16384, 73015, 69804, 108430, 108184]"
119577,"[39075, 59871, 1872, 51166, 2906, 74781, 86343, 90912, 63283, 12418]"
119578,"[77089, 80817, 82572, 47169, 3033, 90284, 68734, 67501, 81553, 72716]"
119579,"[48808, 4669, 80382, 5619, 81103, 81975, 62994, 15988, 59603, 9350]"
119580,"[108289, 104251, 36975, 25078, 107191, 42796, 4492, 55793, 91094, 69730]"
119581,"[22485, 79130, 40559, 80034, 78072, 82870, 23183, 28383, 82036, 69337]"
119582,"[93587, 96499, 48284, 46275, 105632, 39676, 35120, 12127, 70478, 3849]"
119583,"[26916, 7835, 9789, 45933, 12417, 59770, 76058, 103470, 39182, 39977]"
119584,"[15450, 96026, 18922, 35086, 30682, 39218, 27469, 83846, 57948, 56498]"
119585,"[26393, 37360, 61629, 103435, 24025, 90361, 74003, 72711, 59349, 43816]"
119586,"[23446, 50771, 63555, 38496, 86636, 71029, 743, 4532, 45357, 24144]"
119587,"[98566, 101059, 51754, 91420, 31390, 64844, 20562, 79021, 2083, 81551]"
119588,"[91381, 1289, 21888, 57704, 40340, 18746, 58668, 76213, 40962, 96284]"
119589,"[9566, 60278, 96448, 45574, 48096, 23576, 83059, 26994, 52245, 13662]"
119590,"[16624, 101846, 4366, 48122, 6614, 79871, 66613, 76030, 84175, 104660]"
119591,"[64086, 7784, 107728, 27985, 76934, 11994, 48584, 66050, 63223, 109553]"
119592,"[8304, 10318, 69033, 95407, 55951, 21997, 36284, 3547, 83561, 1292]"
119593,"[51955, 28093, 16474, 16630, 98126, 98796, 34331, 52895, 47381, 40585]"
119594,"[9368, 36331, 96419, 93498, 56343, 82115, 25144, 15073, 35262, 86763]"
119595,"[71180, 94797, 25522, 109764, 91014, 49835, 3703, 10275, 26969, 21326]"
119596,"[103331, 106116, 105121, 47515, 61096, 54742, 56798, 5654, 13303, 920]"
119597,"[26159, 46822, 104100, 65179, 36308, 79537, 1291, 75708, 50877, 88187]"
119598,"[28858, 95981, 2812, 50956, 22596, 54017, 80587, 77552, 90536, 3477]"
119599,"[56720, 98347, 53376, 18353, 107228, 21552, 59023, 33164, 93117, 108905]"
119600,"[101960, 67744, 2862, 97818, 27858, 8182, 106123, 31511, 96405, 27582]"
119601,"[73400, 70560, 21139, 65363, 86810, 29358, 55548, 104611, 81967, 35230]"
119602,"[77051, 93208, 103802, 42193, 49575, 73907, 35692, 17251, 69989, 84933]"
119603,"[106385, 83978, 61601, 64876, 106368, 84768, 67673, 41342, 73278, 19729]"
119604,"[66113, 95963, 100951, 72121, 4020, 25318, 58816, 51282, 10416, 77562]"
119605,"[47954, 49192, 73614, 44742, 63753, 34851, 78236, 1415, 14242, 13141]"
119606,"[1053, 48171, 74937, 98995, 56400, 10244, 25608, 10551, 62805, 74965]"
119607,"[17472, 1832, 791, 73411, 72747, 54827, 33160, 36091, 79468, 103946]"
119608,"[17279, 31810, 33225, 95582, 56730, 67312, 91061, 96151, 954, 84438]"
119609,"[90828, 35194, 28277, 30602, 35939, 33894, 25595, 98148, 1200, 6356]"
119610,"[84000, 16955, 95745, 12212, 661, 101932, 14910, 77286, 9384, 64742]"
119611,"[21183, 83806, 24284, 95469, 85167, 14348, 19783, 108753, 36265, 2469]"
119612,"[92299, 101477, 91903, 36897, 37518, 94552, 42042, 39158, 107709, 102623]"
119613,"[92231, 62403, 17416, 92919, 71631, 12525, 66082, 46447, 91638, 53636]"
119614,"[75091, 37198, 106908, 28019, 12878, 15622, 105467, 9380, 75492, 13700]"
119615,"[106207, 40324, 72944, 69835, 61837, 96272, 85789, 103828, 88170, 24117]"
119616,"[35408, 14379, 38895, 99996, 78359, 76288, 43664, 41346, 105063, 72622]"
119617,"[87670, 57393, 60889, 46895, 56373, 85907, 49883, 23119, 63356, 71961]"
119618,"[68061, 27849, 103862, 56328, 51091, 91145, 39983, 61650, 102156, 70708]"
119619,"[53699, 50545, 33988, 28152, 101427, 16212, 71152, 7441, 21700, 32526]"
119620,"[4074, 48677, 40143, 3377, 46141, 1265, 16048, 20705, 97498, 64366]"
119621,"[46933, 44457, 63390, 37820, 7100, 37293, 66304, 45402, 104962, 51088]"
119622,"[16608, 108906, 53666, 85628, 19365, 88195, 48953, 63562, 17321, 75052]"
119623,"[24945, 50568, 15110, 407, 108520, 36479, 57788, 29874, 109482, 23277]"
119624,"[11878, 75290, 105103, 19542, 47534, 87230, 38920, 91785, 39009, 108921]"
119625,"[77535, 93515, 68990, 20757, 12424, 23634, 7525, 66971, 36662, 68346]"
119626,"[37431, 96746, 87463, 25565, 92580, 29197, 63889, 106774, 99013, 50666]"
119627,"[5314, 31451, 63868, 28194, 6412, 98349, 30983, 94254, 103488, 10202]"
119628,"[74214, 73593, 82406, 46165, 93878, 25702, 57983, 5770, 63616, 3288]"
119629,"[51196, 41921, 44546, 5777, 97938, 67310, 68070, 8914, 3354, 77559]"
119630,"[60572, 72782, 89261, 91461, 47877, 80868, 44151, 57714, 48536, 57223]"
119631,"[41726, 74566, 19079, 7635, 37998, 63214, 8189, 103222, 43294, 32092]"
119632,"[81692, 2793, 3346, 71379, 7907, 109546, 79197, 3704, 63389, 97558]"
119633,"[79728, 30572, 33173, 19429, 47488, 28834, 106581, 40195, 69993, 33998]"
119634,"[17398, 62290, 74907, 8053, 47361, 36305, 104695, 84975, 24853, 13154]"
119635,"[104699, 86603, 19682, 5463, 93764, 41385, 10544, 30191, 15745, 70639]"
119636,"[19872, 6579, 94587, 58532, 10775, 91305, 16661, 33884, 46359, 76097]"
119637,"[100127, 89534, 15576, 15525, 47524, 64263, 28782, 86011, 40759, 67137]"
119638,"[105716, 74267, 20118, 21311, 108175, 5498, 70830, 101298, 47034, 84025]"
119639,"[70932, 93576, 47106, 75572, 14646, 80595, 2524, 38929, 104673, 85568]"
119640,"[58910, 29383, 20497, 55280, 97489, 76219, 105407, 18729, 89512, 53716]"
119641,"[80206, 16904, 46439, 95958, 6185, 86070, 69254, 27675, 105193, 60499]"
119642,"[18289, 60868, 98041, 45832, 94848, 101007, 77294, 45315, 66804, 45863]"
119643,"[58302, 17322, 53256, 90026, 64445, 63859, 98732, 109585, 10831, 14856]"
119644,"[74400, 29606, 85156, 79634, 2207, 92435, 106631, 53689, 76702, 18715]"
119645,"[47603, 20545, 19409, 40371, 39031, 42798, 74898, 38225, 23384, 60051]"
119646,"[107663, 67006, 45833, 11520, 90790, 42088, 70370, 107291, 56072, 10936]"
119647,"[66081, 4859, 3657, 75909, 39555, 26108, 86168, 43982, 92738, 107325]"
119648,"[88579, 21675, 4371, 25200, 35303, 86858, 13017, 32273, 34112, 67421]"
119649,"[105923, 19064, 76118, 27464, 78107, 75723, 61588, 51906, 43429, 68566]"
119650,"[61611, 27830, 73462, 89822, 4151, 7402, 396, 13726, 51330, 1719]"
119651,"[47159, 99884, 17398, 87036, 8053, 62290, 104695, 47361, 73329, 100808]"
119652,"[54204, 13131, 75577, 41931, 81431, 11711, 23971, 56163, 182, 55693]"
119653,"[84253, 91681, 6840, 54385, 69320, 33319, 83075, 28164, 108684, 1080]"
119654,"[81448, 82470, 25057, 73253, 74160, 3454, 36111, 11208, 108424, 74392]"
119655,"[11765, 82961, 100381, 94942, 77064, 73071, 24825, 29500, 101851, 14234]"
119656,"[80014, 74561, 27861, 104052, 54251, 83156, 65193, 13200, 63479, 75362]"
119657,"[67588, 37937, 13625, 102863, 37940, 27010, 33329, 1118, 11343, 106261]"
119658,"[37393, 97978, 109715, 60204, 6700, 46370, 4978, 37200, 49034, 101281]"
119659,"[29220, 93949, 50229, 50356, 40409, 43071, 5094, 3183, 25529, 83353]"
119660,"[20699, 65201, 100281, 95727, 73115, 62449, 36424, 61510, 53740, 84]"
119661,"[51493, 51111, 3087, 55592, 16963, 96336, 81440, 39090, 51017, 8680]"
119662,"[94118, 42569, 62098, 73958, 79476, 310, 26364, 91968, 101264, 96844]"
119663,"[59438, 106712, 58650, 15640, 21083, 30807, 10937, 56677, 66878, 92407]"
119664,"[29255, 52151, 4037, 40838, 47429, 9240, 57596, 85642, 11717, 20202]"
119665,"[14864, 3519, 17234, 90397, 99553, 9835, 72499, 84013, 2941, 3567]"
119666,"[65647, 7874, 19549, 34793, 89769, 50076, 15055, 17700, 29569, 16091]"
119667,"[41048, 93945, 87103, 51767, 3043, 39098, 48126, 55105, 62699, 88706]"
119668,"[50641, 101921, 38455, 10631, 60357, 73171, 88135, 62219, 103251, 24651]"
119669,"[8732, 20310, 108305, 46742, 88132, 47776, 106979, 36995, 65912, 22365]"
119670,"[30683, 100786, 67942, 39263, 86910, 47636, 98736, 38272, 68757, 32369]"
119671,"[42393, 50848, 99200, 22491, 36866, 21674, 90251, 47903, 94813, 95379]"
119672,"[23157, 92406, 74653, 6895, 23353, 18195, 39592, 34928, 72783, 65798]"
119673,"[49520, 76970, 69842, 96279, 39454, 80859, 87048, 42996, 45046, 50374]"
119674,"[59328, 13444, 77172, 23861, 74659, 73908, 10117, 95780, 16181, 13887]"
119675,"[66680, 53233, 84121, 81095, 12557, 37511, 61365, 48505, 87366, 38820]"
119676,"[108332, 93676, 19586, 27027, 78529, 29849, 43589, 39548, 10331, 81549]"
119677,"[1628, 11958, 99238, 108927, 60651, 81585, 27428, 10460, 53823, 62478]"
119678,"[37495, 108030, 28295, 47827, 70479, 71002, 15434, 101684, 101324, 32833]"
119679,"[66836, 80153, 87994, 79628, 62011, 107336, 37533, 108536, 3941, 81341]"
119680,"[16312, 106804, 79026, 52098, 83111, 21643, 59991, 74025, 80249, 49110]"
119681,"[73091, 64580, 46220, 101596, 58901, 34751, 23620, 103529, 97145, 47209]"
119682,"[66977, 107328, 4202, 79008, 41775, 84462, 89770, 40503, 96772, 102257]"
119683,"[19357, 34739, 64439, 103687, 71353, 6281, 4885, 23900, 78965, 81453]"
119684,"[43384, 43501, 56241, 66441, 46053, 20878, 91966, 58250, 12157, 74625]"
119685,"[96879, 88535, 68128, 23273, 34065, 41300, 1862, 88578, 89284, 86829]"
119686,"[70350, 28651, 50744, 103508, 65709, 56176, 82631, 47918, 99678, 46983]"
119687,"[76125, 59747, 53770, 11518, 26185, 80209, 8686, 36961, 78186, 40092]"
119688,"[54769, 36686, 38392, 29311, 52812, 95684, 18708, 13144, 101871, 89685]"
119689,"[102994, 42501, 1591, 106347, 50499, 76785, 66641, 109431, 44952, 81534]"
119690,"[33068, 17317, 43454, 16977, 51998, 3028, 45432, 76288, 23430, 21676]"
119691,"[81517, 15116, 18111, 49601, 51180, 96657, 92111, 96280, 91329, 51756]"
119692,"[86106, 18628, 87033, 41769, 109579, 28889, 62583, 2108, 65378, 30532]"
119693,"[9869, 89076, 67944, 41625, 90611, 89998, 33273, 54193, 15888, 23639]"
119694,"[31964, 21585, 65952, 35240, 75877, 52538, 16513, 84777, 106806, 38594]"
119695,"[75894, 102097, 93710, 20936, 89468, 79578, 80704, 14621, 47162, 4012]"
119696,"[40834, 50114, 82237, 14432, 56114, 47713, 16850, 22085, 2352, 11941]"
119697,"[77951, 31533, 49131, 5576, 109013, 89127, 76089, 106183, 65987, 32135]"
119698,"[17855, 104978, 59820, 36511, 109328, 43647, 102056, 61252, 89005, 22758]"
119699,"[92305, 45523, 86536, 47964, 62887, 89762, 59057, 103462, 40114, 40640]"
119700,"[104230, 90662, 94595, 54198, 46954, 83037, 12018, 17947, 18100, 51109]"
119701,"[97507, 51791, 76488, 70234, 97914, 25966, 31430, 37931, 88239, 59067]"
119702,"[51969, 15773, 13328, 73972, 86389, 59215, 88632, 10123, 94735, 50415]"
119703,"[17741, 837, 21559, 65790, 85547, 16603, 97986, 54786, 88427, 102024]"
119704,"[108464, 15449, 75842, 31765, 62963, 76981, 38850, 72630, 51338, 96216]"
119705,"[60183, 31872, 85852, 102262, 1997, 95816, 87458, 100813, 73487, 34394]"
119706,"[83087, 102186, 33775, 23077, 70956, 37578, 67474, 65542, 76491, 104741]"
119707,"[61576, 46438, 35588, 468, 15338, 87791, 34179, 3197, 78906, 104394]"
119708,"[67917, 29015, 25034, 45159, 84678, 88479, 102745, 82823, 36939, 42355]"
119709,"[19392, 60716, 57899, 74634, 32230, 48047, 5749, 74316, 103143, 28047]"
119710,"[65121, 71771, 48805, 18392, 48422, 52995, 56689, 7869, 38277, 86823]"
119711,"[60973, 15698, 96470, 22474, 76026, 1313, 89920, 7651, 52992, 80814]"
119712,"[37393, 97978, 31896, 109715, 40776, 60204, 89179, 49034, 41969, 26959]"
119713,"[27449, 45732, 6731, 64943, 48868, 80140, 4280, 28726, 18978, 2099]"
119714,"[93057, 81111, 9698, 97212, 5361, 52181, 68020, 98671, 18233, 29422]"
119715,"[43196, 106599, 32611, 14752, 103769, 20777, 78438, 675, 44834, 60790]"
119716,"[69365, 41294, 52692, 10139, 80091, 427, 60193, 37593, 30342, 13779]"
119717,"[371, 91347, 92180, 59711, 2535, 50030, 99111, 105951, 40289, 55136]"
119718,"[46362, 37619, 50370, 45785, 64654, 30409, 58293, 18496, 106012, 64222]"
119719,"[99021, 92512, 97646, 59519, 90935, 102573, 42326, 69818, 17128, 66088]"
119720,"[87012, 53456, 77234, 17976, 48278, 63213, 6593, 39211, 96549, 86539]"
119721,"[11128, 58777, 45152, 61382, 71353, 37825, 24846, 50724, 8200, 3990]"
119722,"[45689, 20471, 28539, 32178, 9226, 92837, 51128, 12778, 35961, 49593]"
119723,"[20038, 26940, 77854, 46880, 98468, 56354, 23930, 100032, 101446, 70258]"
119724,"[17022, 45860, 37968, 86510, 81662, 44903, 42924, 93224, 17192, 77068]"
119725,"[17681, 57915, 83186, 85926, 79810, 29149, 103159, 100079, 24615, 79171]"
119726,"[107702, 64419, 13900, 73894, 67380, 51688, 45383, 65316, 95111, 15142]"
119727,"[71608, 82699, 8065, 41560, 103393, 48889, 30962, 50721, 34212, 53394]"
119728,"[11950, 28846, 43582, 98229, 57285, 60217, 2825, 54632, 93692, 24325]"
119729,"[4658, 19535, 35744, 22399, 99667, 67696, 72549, 16067, 76213, 28515]"
119730,"[80613, 68898, 15358, 75174, 71062, 88781, 31471, 13932, 84054, 10214]"
119731,"[22957, 62841, 8422, 40093, 50482, 86805, 54219, 67283, 93231, 102800]"
119732,"[8784, 64642, 91911, 35337, 85298, 94609, 41304, 2366, 88406, 60126]"
119733,"[28496, 94536, 56369, 101329, 104410, 67717, 18380, 71445, 21727, 95252]"
119734,"[48450, 86083, 74455, 108063, 19239, 31885, 24935, 106216, 74363, 51863]"
119735,"[87667, 74311, 29121, 23286, 69483, 107259, 49960, 30725, 48272, 28728]"
119736,"[98584, 71243, 108985, 1993, 80426, 9922, 32062, 14725, 43370, 75177]"
119737,"[49321, 73000, 50092, 89075, 38115, 87176, 55036, 64736, 48162, 93153]"
119738,"[66052, 62475, 26087, 95504, 30737, 45901, 48217, 30882, 28573, 85136]"
119739,"[104295, 1718, 33117, 67695, 80983, 94597, 24875, 103825, 43609, 61886]"
119740,"[23108, 56535, 42772, 73176, 77889, 32740, 7455, 7303, 82857, 30114]"
119741,"[56780, 95775, 48093, 57115, 64948, 75329, 20297, 38367, 65862, 16636]"
119742,"[64336, 22221, 61195, 60075, 13551, 87791, 55251, 7260, 12659, 67361]"
119743,"[80723, 63499, 13229, 36444, 44067, 91631, 96189, 82831, 57036, 47439]"
119744,"[22510, 60854, 84296, 38120, 91721, 19172, 83573, 109243, 79554, 103738]"
119745,"[44865, 94345, 24125, 42013, 37287, 96956, 2272, 86841, 57182, 65368]"
119746,"[4034, 103642, 21657, 65933, 102688, 70570, 32136, 48653, 85826, 33803]"
119747,"[86334, 87580, 73482, 80348, 69098, 2601, 11894, 59822, 25751, 104768]"
119748,"[65564, 43465, 102510, 41024, 98084, 99695, 40846, 17888, 65050, 50971]"
119749,"[75032, 91207, 2752, 8315, 5369, 61537, 47215, 16534, 33363, 48690]"
119750,"[91755, 89425, 42209, 90722, 85383, 72945, 71501, 64104, 108793, 889]"
119751,"[86672, 31094, 42072, 38898, 62853, 27172, 54449, 83297, 19804, 99284]"
119752,"[74756, 17454, 75526, 23675, 72213, 5179, 95132, 68006, 21337, 17729]"
119753,"[16561, 42269, 104430, 66344, 18806, 74152, 82385, 9983, 29972, 106185]"
119754,"[74918, 67083, 19958, 23148, 93768, 45925, 14919, 100430, 40639, 69867]"
119755,"[60773, 38389, 39267, 31652, 44650, 84288, 56011, 78531, 52549, 52157]"
119756,"[35303, 4371, 96379, 72221, 40631, 88579, 86858, 76069, 13017, 34112]"
119757,"[37441, 3468, 65547, 88696, 21646, 33660, 92178, 102400, 56209, 6421]"
119758,"[41578, 57127, 21155, 12229, 77191, 102421, 37855, 82208, 35778, 79958]"
119759,"[12183, 20613, 61204, 81419, 32878, 77035, 7430, 15041, 14863, 46527]"
119760,"[18142, 78319, 82594, 15463, 2287, 37789, 50369, 1698, 32452, 70014]"
119761,"[83274, 45049, 2806, 60135, 36825, 101326, 82253, 54717, 95971, 37256]"
119762,"[120, 72895, 844, 54935, 54351, 14723, 106386, 58283, 6928, 106291]"
119763,"[50097, 15540, 511, 89831, 94040, 61500, 45184, 58798, 63354, 91176]"
119764,"[87649, 9979, 87218, 59523, 37804, 24402, 17955, 82837, 62823, 74127]"
119765,"[99451, 58183, 78354, 74680, 68405, 108362, 89022, 2968, 24951, 84454]"
119766,"[45113, 25793, 23431, 7325, 21793, 98503, 36404, 52217, 53063, 13566]"
119767,"[78638, 50145, 59123, 64068, 108926, 4128, 34907, 105601, 100957, 19282]"
119768,"[63032, 53398, 43033, 105042, 69640, 54715, 25929, 102139, 65756, 56667]"
119769,"[49548, 102344, 67993, 47986, 103594, 63904, 27970, 8377, 32098, 43089]"
119770,"[14786, 58063, 98061, 46919, 76153, 48339, 101434, 2700, 34977, 95333]"
119771,"[45452, 2316, 68285, 58209, 96633, 34766, 17446, 3886, 60999, 75037]"
119772,"[3233, 11284, 40443, 46744, 30861, 47033, 17753, 87550, 96791, 56028]"
119773,"[23446, 50771, 8942, 49799, 81980, 30840, 69922, 63555, 106704, 38496]"
119774,"[77720, 9686, 87221, 62200, 7550, 40041, 94400, 84226, 94479, 59049]"
119775,"[100396, 57862, 2874, 25019, 92074, 63164, 53540, 75211, 38433, 6414]"
119776,"[98650, 97653, 18655, 26993, 4243, 83836, 70785, 24198, 342, 101277]"
119777,"[54809, 10001, 11194, 27987, 109457, 78483, 37893, 7897, 28831, 102521]"
119778,"[109630, 62380, 18199, 6949, 6640, 1258, 85326, 25869, 33564, 50281]"
119779,"[55566, 59992, 5480, 36582, 6216, 99982, 73551, 37177, 102792, 45372]"
119780,"[77751, 76701, 50822, 22962, 31667, 21613, 48225, 73055, 91345, 9124]"
119781,"[22101, 77523, 62012, 85780, 77078, 78716, 104291, 48940, 58951, 15553]"
119782,"[89294, 28749, 76974, 21783, 25384, 31112, 109350, 9908, 97874, 50260]"
119783,"[17456, 6954, 2548, 99323, 37041, 88924, 22351, 84458, 84827, 76780]"
119784,"[15254, 49510, 85827, 71935, 48659, 99949, 34459, 613, 59825, 108327]"
119785,"[42277, 68272, 56276, 86925, 26189, 82946, 19912, 56410, 36332, 58788]"
119786,"[18769, 39275, 79191, 27738, 78359, 100351, 24206, 57492, 72684, 6124]"
119787,"[101339, 5564, 42933, 50377, 70202, 46498, 84787, 109313, 72486, 92860]"
119788,"[79130, 75786, 80034, 23183, 30384, 66535, 78047, 23518, 96636, 11341]"
119789,"[51998, 51558, 27115, 34074, 92677, 33664, 14644, 44427, 2137, 73478]"
119790,"[55057, 45911, 29542, 92619, 47277, 66936, 10299, 89938, 27788, 39281]"
119791,"[62012, 85780, 104291, 48940, 25057, 81448, 102025, 22101, 61268, 12267]"
119792,"[31808, 88369, 94872, 55013, 102431, 14708, 94033, 51798, 80879, 80280]"
119793,"[98316, 24931, 106857, 56356, 6310, 86848, 55394, 92167, 91958, 10249]"
119794,"[68562, 36149, 32528, 85340, 81329, 86277, 26683, 46040, 61129, 42123]"
119795,"[96413, 72166, 49816, 90991, 53097, 25052, 30686, 76802, 78253, 109040]"
119796,"[69363, 15272, 77807, 39751, 29519, 55700, 63872, 45107, 22926, 99771]"
119797,"[64797, 95058, 95957, 33138, 102019, 21107, 61265, 69203, 57817, 43221]"
119798,"[57143, 54046, 95135, 60165, 25433, 34310, 12660, 109120, 3420, 63437]"
119799,"[70917, 39666, 107103, 97389, 38355, 11780, 84006, 73024, 31071, 85958]"
119800,"[69531, 50920, 3144, 2897, 24638, 98523, 86410, 29829, 51227, 82096]"
119801,"[56135, 88779, 41599, 108653, 72420, 60540, 106846, 47709, 91528, 18063]"
119802,"[88860, 40663, 93420, 16896, 75090, 97467, 79937, 89936, 76019, 69726]"
119803,"[74593, 39856, 99456, 7072, 57028, 15576, 53815, 60265, 9232, 60310]"
119804,"[101517, 80724, 28744, 94975, 27512, 103125, 63000, 98811, 83059, 76513]"
119805,"[90469, 78296, 48503, 34999, 57820, 25279, 16637, 33683, 40615, 11089]"
119806,"[60102, 92146, 72420, 11695, 18063, 69135, 51760, 13226, 47709, 13434]"
119807,"[94509, 5438, 75322, 9503, 66342, 23363, 98513, 94803, 96939, 108965]"
119808,"[92960, 6981, 59429, 106768, 19640, 41862, 33241, 25950, 74533, 95046]"
119809,"[47289, 77199, 90335, 35928, 21342, 95421, 17457, 26647, 35279, 80332]"
119810,"[57575, 39973, 82279, 45433, 74667, 84560, 4315, 26992, 90499, 56150]"
119811,"[73404, 7514, 59950, 60841, 63270, 82295, 36878, 45719, 30705, 59749]"
119812,"[4269, 18999, 94054, 37369, 103962, 85022, 40192, 72078, 92907, 70237]"
119813,"[56062, 81551, 51754, 37172, 78353, 43751, 20862, 31390, 64844, 20675]"
119814,"[96846, 70442, 55469, 89670, 85225, 79208, 49258, 82600, 107417, 58989]"
119815,"[16114, 103537, 40003, 103101, 90073, 74078, 53998, 106424, 104470, 59864]"
119816,"[9158, 43333, 66847, 23452, 12613, 79475, 101605, 90198, 72098, 97501]"
119817,"[30072, 105375, 42828, 74800, 17082, 30115, 70974, 88536, 58656, 67815]"
119818,"[7204, 9998, 51714, 14925, 35025, 66213, 91302, 4469, 95619, 24319]"
119819,"[1399, 70316, 95081, 109239, 41374, 50984, 24754, 71438, 8628, 46635]"
119820,"[108222, 105026, 62244, 56816, 96257, 74516, 75658, 36588, 85586, 27087]"
119821,"[16833, 3918, 64767, 75261, 14619, 17706, 8490, 2800, 85838, 87029]"
119822,"[103632, 15987, 36802, 89742, 93528, 41911, 93482, 74385, 76522, 86702]"
119823,"[23707, 71887, 44257, 9229, 26962, 23503, 100401, 89800, 76144, 58046]"
119824,"[57591, 101254, 31331, 34032, 28152, 59213, 53699, 14288, 61887, 12060]"
119825,"[5090, 35418, 80488, 89036, 25345, 20357, 29066, 104237, 37306, 108125]"
119826,"[46192, 82425, 71350, 108047, 97560, 89193, 65116, 87405, 85057, 26210]"
119827,"[92170, 74105, 50305, 107242, 71331, 31246, 90725, 31427, 89756, 109219]"
119828,"[76007, 104624, 28578, 33809, 88724, 78015, 18849, 12360, 104328, 25038]"
119829,"[57222, 88643, 54485, 105910, 72873, 37731, 89744, 17806, 36000, 88804]"
119830,"[102828, 55067, 92375, 52442, 31557, 20265, 22076, 99764, 46054, 55718]"
119831,"[50073, 105710, 3132, 91640, 3756, 7049, 33330, 80719, 30537, 21636]"
119832,"[70000, 60221, 26165, 91134, 52384, 74604, 21181, 59843, 81359, 53972]"
119833,"[108477, 27017, 6864, 5554, 9137, 82472, 12321, 7078, 54797, 44959]"
119834,"[10976, 100694, 83812, 25901, 101017, 85550, 69267, 92218, 16217, 71022]"
119835,"[107020, 10678, 3980, 103373, 6409, 15481, 16525, 65516, 81148, 44057]"
119836,"[18085, 84805, 73000, 28532, 65591, 61980, 19750, 53404, 94734, 80636]"
119837,"[86994, 62703, 40426, 78401, 86628, 29480, 28693, 50186, 101822, 62789]"
119838,"[96199, 41807, 40248, 108475, 58272, 101082, 77009, 17410, 34304, 28086]"
119839,"[84299, 23213, 18518, 59203, 6790, 65928, 27785, 30496, 36762, 96281]"
119840,"[87330, 73488, 53120, 71493, 18091, 86870, 102467, 29991, 82959, 17255]"
119841,"[32704, 13729, 85710, 20307, 11716, 22660, 55651, 25650, 108671, 91821]"
119842,"[79607, 31959, 17038, 28570, 106519, 63749, 89740, 106493, 8371, 17027]"
119843,"[16545, 86, 57901, 74248, 13089, 70920, 33645, 22616, 70864, 84172]"
119844,"[93962, 5956, 59923, 102236, 4324, 5962, 26163, 87018, 78127, 93880]"
119845,"[46788, 77902, 99190, 65265, 20039, 101602, 43928, 65698, 68316, 27835]"
119846,"[51552, 82739, 72387, 92632, 104010, 59602, 93009, 76322, 68343, 32883]"
119847,"[86484, 36034, 45489, 79908, 31288, 20483, 59884, 89060, 71578, 59301]"
119848,"[52186, 13777, 58463, 60018, 92743, 7178, 12525, 100053, 10645, 67197]"
119849,"[43107, 29809, 82193, 38676, 23033, 26460, 38240, 74106, 97094, 39927]"
119850,"[48075, 95677, 98969, 33535, 72138, 92274, 18478, 63884, 78177, 83726]"
119851,"[83115, 45849, 101847, 21096, 11226, 58949, 2082, 96213, 34217, 23669]"
119852,"[18201, 37959, 74207, 109664, 105390, 71967, 27791, 87329, 11086, 63634]"
119853,"[104712, 33690, 21084, 11622, 89328, 105929, 4113, 18275, 17336, 97713]"
119854,"[87542, 91010, 109051, 32201, 64398, 74668, 43818, 41317, 26125, 47364]"
119855,"[90648, 76493, 101954, 72527, 45499, 90419, 102521, 86856, 27357, 67461]"
119856,"[39669, 259, 15211, 96867, 96648, 67515, 60117, 56163, 23971, 98438]"
119857,"[106453, 79594, 77308, 75832, 28245, 67093, 100838, 65513, 38020, 55586]"
119858,"[43186, 95227, 15124, 53398, 105042, 69640, 106769, 63032, 70424, 84806]"
119859,"[63976, 36654, 90356, 24086, 1350, 50401, 10888, 44279, 24908, 106595]"
119860,"[76660, 41433, 20218, 12740, 70890, 55725, 22669, 77708, 64838, 82311]"
119861,"[82794, 1281, 46943, 101875, 108868, 64108, 92982, 94605, 92562, 61853]"
119862,"[38193, 10858, 39167, 20049, 24193, 101636, 82227, 102782, 46221, 47725]"
119863,"[58519, 55994, 105763, 71073, 58650, 102854, 101965, 55652, 101957, 46911]"
119864,"[86654, 48604, 47687, 27789, 107433, 94231, 44913, 11334, 85068, 4459]"
119865,"[81791, 27228, 87063, 86448, 82071, 20363, 72694, 107636, 67010, 102371]"
119866,"[75623, 36675, 83088, 106413, 45688, 59993, 5273, 99118, 32446, 105849]"
119867,"[36911, 44907, 11277, 76293, 13623, 55472, 71691, 41132, 75051, 86964]"
119868,"[94834, 36101, 62954, 102303, 6266, 78576, 50059, 52399, 91827, 53197]"
119869,"[14614, 48243, 91124, 57615, 89079, 76356, 14274, 11029, 48265, 95928]"
119870,"[83559, 101968, 72603, 19016, 99973, 2363, 61310, 82901, 108431, 7322]"
119871,"[47461, 28637, 98798, 61389, 99890, 11451, 96404, 87217, 61722, 56925]"
119872,"[79246, 30592, 29718, 60139, 24041, 18674, 7849, 7339, 36032, 70553]"
119873,"[55402, 13576, 56474, 10847, 12528, 11372, 67038, 40430, 84091, 68034]"
119874,"[1057, 84232, 17831, 25538, 29345, 47181, 57618, 57718, 14507, 71039]"
119875,"[8989, 59736, 4131, 67046, 45772, 33287, 1430, 31778, 38147, 84039]"
119876,"[15439, 93828, 6949, 18199, 74189, 6477, 64966, 100837, 59628, 77000]"
119877,"[62439, 90929, 83259, 77640, 9236, 21029, 49649, 23481, 14443, 66832]"
119878,"[62240, 105928, 26399, 37528, 71816, 43744, 96709, 52009, 104284, 35941]"
119879,"[9354, 88178, 90666, 70525, 4044, 62427, 89206, 47410, 96337, 31860]"
119880,"[10200, 87196, 75312, 68565, 47884, 85634, 32487, 49441, 95191, 58011]"
119881,"[57191, 50279, 94225, 32419, 24891, 100733, 34386, 61206, 84299, 109599]"
119882,"[71856, 70480, 78507, 16459, 21934, 94149, 8429, 60400, 39469, 96807]"
119883,"[70513, 72906, 60612, 36371, 56248, 41475, 25507, 66337, 26918, 67645]"
119884,"[99997, 44500, 85796, 76739, 25344, 69176, 79425, 89577, 78272, 81810]"
119885,"[31455, 89437, 42971, 17963, 48175, 23581, 87730, 16594, 102035, 78065]"
119886,"[64346, 12863, 43526, 32737, 89926, 105545, 58681, 41792, 65915, 76221]"
119887,"[90359, 967, 34717, 108851, 1803, 47972, 72411, 72994, 1787, 92716]"
119888,"[43936, 46776, 72519, 38960, 26507, 84201, 2246, 8468, 20544, 82082]"
119889,"[23741, 83519, 106995, 44482, 37030, 10734, 45375, 78515, 73580, 50678]"
119890,"[65435, 22590, 41095, 73369, 26724, 21477, 72656, 100498, 100720, 72952]"
119891,"[68846, 13162, 103820, 59352, 38084, 66715, 60463, 62890, 31141, 39785]"
119892,"[102426, 41123, 79188, 23797, 21145, 93141, 78609, 102727, 62632, 100981]"
119893,"[104279, 14814, 60959, 3355, 84433, 48300, 80788, 66674, 49285, 66299]"
119894,"[99814, 80640, 83278, 47659, 1495, 86619, 72148, 81740, 34766, 68285]"
119895,"[44811, 3041, 105949, 69076, 56788, 6315, 26793, 27277, 103530, 7408]"
119896,"[62868, 78727, 102663, 88368, 73889, 95226, 57717, 72193, 4081, 17970]"
119897,"[80871, 108152, 79830, 74210, 95802, 10386, 32258, 107021, 58623, 9890]"
119898,"[37706, 15365, 50842, 43467, 4928, 15643, 92825, 15132, 30467, 39096]"
119899,"[84664, 75835, 47392, 21345, 60582, 30625, 100258, 56749, 45682, 32757]"
119900,"[6473, 49834, 103698, 37728, 11061, 45799, 11168, 65662, 75223, 42382]"
119901,"[20564, 87355, 95376, 52523, 75058, 45496, 80914, 85275, 67837, 8792]"
119902,"[88393, 50094, 28466, 12489, 89587, 20266, 99537, 54985, 91182, 88168]"
119903,"[66359, 100529, 7639, 643, 73494, 64480, 29440, 54199, 65562, 50901]"
119904,"[16173, 38031, 70004, 82179, 98266, 10793, 85841, 61516, 102180, 49985]"
119905,"[31904, 45089, 80297, 76319, 54815, 37960, 17999, 37047, 45790, 67169]"
119906,"[37516, 12679, 47914, 18835, 1682, 108996, 5774, 4450, 25096, 19181]"
119907,"[99819, 35193, 41995, 85529, 24027, 57656, 50127, 22573, 17525, 57055]"
119908,"[18687, 103774, 97607, 60177, 23148, 61120, 45925, 14919, 9176, 8316]"
119909,"[84793, 65418, 14837, 90668, 45057, 52814, 93533, 18665, 49058, 29966]"
119910,"[41539, 49554, 20499, 69619, 19655, 48401, 6375, 97866, 84273, 43762]"
119911,"[47626, 8036, 70, 85681, 24649, 1135, 45585, 86550, 35032, 51679]"
119912,"[33859, 62028, 80852, 63360, 100990, 1053, 98995, 74937, 56400, 25608]"
119913,"[92012, 108544, 27834, 83096, 75331, 93601, 58260, 87704, 48214, 49354]"
119914,"[98038, 59381, 71150, 10612, 26714, 98516, 24912, 41574, 101926, 2967]"
119915,"[95903, 93848, 11382, 49898, 61874, 68994, 54497, 61771, 8369, 83011]"
119916,"[93661, 95455, 51982, 96888, 22346, 99197, 24512, 42374, 67060, 29896]"
119917,"[60652, 817, 60403, 72931, 78103, 22190, 6065, 11250, 64868, 22612]"
119918,"[11446, 82691, 46287, 57784, 74390, 77167, 82950, 37793, 15545, 28784]"
119919,"[76329, 5130, 39675, 96136, 83152, 93566, 29156, 101207, 106, 84107]"
119920,"[67766, 97662, 103845, 28135, 79497, 32939, 19997, 8345, 45347, 104258]"
119921,"[106590, 63920, 82653, 86412, 82192, 86668, 32851, 81737, 25442, 82258]"
119922,"[7844, 91137, 54245, 99904, 5950, 83942, 40164, 100146, 61598, 103085]"
119923,"[79132, 14208, 58326, 87215, 29671, 10755, 92769, 2772, 80124, 100640]"
119924,"[106938, 16328, 65794, 90853, 49644, 15769, 17877, 56410, 102989, 108141]"
119925,"[19840, 18428, 61692, 2506, 23263, 48830, 7760, 72116, 25614, 4591]"
119926,"[78367, 13091, 89306, 62760, 37916, 25235, 77390, 42716, 18663, 13126]"
119927,"[82760, 48052, 31090, 11111, 34872, 70433, 32629, 33261, 32155, 33552]"
119928,"[27233, 49985, 73924, 13611, 1376, 63936, 34079, 82179, 94025, 61516]"
119929,"[56473, 67644, 88987, 76006, 30874, 6862, 13823, 65110, 43191, 84707]"
119930,"[79355, 13616, 1733, 5103, 18832, 105454, 21506, 23088, 21926, 96116]"
119931,"[77573, 105316, 76667, 92626, 67190, 24452, 69557, 95960, 64459, 38270]"
119932,"[5326, 56095, 66636, 106474, 80047, 70616, 13276, 98095, 4025, 16346]"
119933,"[106019, 41053, 50793, 21146, 11542, 45356, 98637, 35780, 15156, 26629]"
119934,"[43680, 57792, 43620, 77765, 99344, 86375, 74269, 90899, 84909, 98473]"
119935,"[14368, 69856, 54293, 67612, 107666, 84978, 94577, 47316, 72949, 66999]"
119936,"[8292, 57497, 107099, 32294, 84824, 86588, 99064, 23584, 92388, 20486]"
119937,"[23195, 108335, 6492, 88441, 92992, 72306, 92255, 10781, 6918, 49951]"
119938,"[13336, 32484, 81706, 67755, 84922, 103056, 98350, 53078, 96750, 71289]"
119939,"[58130, 61019, 9439, 3078, 88997, 58072, 25706, 26830, 13784, 4356]"
119940,"[63333, 65918, 23913, 108241, 94567, 94099, 97128, 60262, 81519, 19577]"
119941,"[55672, 78820, 81325, 88597, 1939, 62164, 20632, 74018, 88256, 33812]"
119942,"[11798, 5395, 32762, 84279, 9692, 12430, 83556, 87525, 75415, 1341]"
119943,"[20728, 42283, 108838, 32613, 72911, 60550, 61108, 16821, 66827, 83629]"
119944,"[3337, 77209, 6824, 51341, 34287, 100585, 38041, 59859, 31681, 41009]"
119945,"[87497, 86950, 102100, 59428, 96473, 32539, 73894, 64618, 91438, 73092]"
119946,"[94102, 64232, 88795, 54062, 88904, 53640, 3599, 92104, 79758, 10417]"
119947,"[1493, 33284, 7573, 57369, 78980, 104946, 80602, 96725, 21355, 45795]"
119948,"[17694, 44166, 221, 3464, 106885, 60214, 26023, 109703, 10959, 94432]"
119949,"[36051, 77545, 79481, 40187, 60209, 95395, 82680, 62275, 104800, 108118]"
119950,"[36104, 121, 85674, 1321, 66336, 5299, 58924, 44131, 31412, 37704]"
119951,"[21852, 81685, 106916, 80223, 100667, 57313, 41106, 109690, 38036, 101691]"
119952,"[29475, 39575, 71330, 34599, 10859, 48554, 11433, 23877, 55764, 61007]"
119953,"[34819, 32311, 86295, 100344, 77198, 92543, 62162, 37124, 99455, 75748]"
119954,"[20825, 73551, 56948, 63937, 33052, 14182, 102534, 67455, 78053, 45920]"
119955,"[51752, 98788, 14211, 17276, 48116, 3497, 82589, 59450, 9127, 28227]"
119956,"[43459, 66956, 63093, 15920, 36834, 89467, 86876, 56074, 64730, 33477]"
119957,"[45682, 32757, 47392, 22010, 21345, 60582, 66673, 84664, 56689, 7869]"
119958,"[885, 17169, 48305, 42615, 28951, 31875, 86878, 65610, 6328, 6187]"
119959,"[95718, 89189, 48388, 54241, 10160, 67940, 2224, 80977, 81851, 68971]"
119960,"[4507, 64141, 63373, 92699, 70711, 64916, 22516, 35832, 15703, 43418]"
119961,"[17712, 30104, 48516, 59146, 44373, 92347, 99894, 26282, 88663, 54411]"
119962,"[89051, 41893, 84994, 20446, 60954, 27422, 101085, 37582, 71808, 50686]"
119963,"[60669, 3272, 61259, 22729, 24204, 67298, 52222, 38393, 80827, 82742]"
119964,"[32718, 15685, 5432, 11416, 82582, 518, 71383, 81513, 108765, 79305]"
119965,"[17346, 76370, 98312, 53995, 27428, 68056, 35152, 93522, 71371, 67172]"
119966,"[49146, 61514, 20460, 32824, 8139, 65, 58291, 40483, 3827, 98147]"
119967,"[90700, 42216, 72483, 5630, 70576, 27297, 91491, 18536, 19954, 75461]"
119968,"[96198, 51199, 67165, 35803, 100333, 81190, 13333, 26865, 34471, 28848]"
119969,"[28943, 76339, 103134, 36491, 89111, 56531, 4620, 97583, 89832, 16947]"
119970,"[107627, 37716, 74895, 64373, 44741, 63782, 33463, 43801, 4503, 54872]"
119971,"[78741, 61868, 92486, 61197, 31410, 10113, 77661, 77022, 96390, 100933]"
119972,"[66671, 75290, 38794, 48331, 2661, 39172, 105644, 6896, 58304, 584]"
119973,"[49238, 62330, 104011, 58732, 14224, 42156, 80840, 3438, 49840, 84496]"
119974,"[78986, 94449, 13705, 46039, 44145, 63098, 3467, 85490, 99851, 29232]"
119975,"[12488, 84167, 67428, 13789, 107266, 57800, 5457, 18342, 38151, 28417]"
119976,"[25990, 78429, 49522, 59239, 47163, 58538, 35251, 62080, 7278, 37902]"
119977,"[103477, 32154, 33808, 1249, 84556, 79415, 93991, 86032, 28760, 101436]"
119978,"[9104, 101915, 50269, 82431, 41215, 51994, 22340, 92987, 94439, 22589]"
119979,"[2604, 9034, 80775, 8238, 98233, 42820, 19687, 97379, 67780, 57204]"
119980,"[32067, 47302, 30732, 80665, 22717, 78729, 101956, 57916, 44782, 615]"
119981,"[34511, 34300, 39954, 64343, 59384, 41953, 32777, 73320, 16640, 80262]"
119982,"[1910, 78717, 54604, 46431, 99754, 75414, 73132, 93708, 44973, 84783]"
119983,"[38567, 47356, 52737, 4896, 20315, 29315, 92825, 50538, 58904, 3473]"
119984,"[15944, 104995, 76109, 6696, 22505, 36747, 16237, 12745, 105961, 34964]"
119985,"[71367, 92960, 39341, 88599, 21682, 107771, 88086, 36427, 69421, 30274]"
119986,"[83830, 25913, 68760, 77788, 1661, 48605, 42889, 19956, 49584, 46635]"
119987,"[1850, 36180, 48769, 80816, 85943, 38381, 58809, 88372, 59964, 88909]"
119988,"[4860, 15667, 15114, 88751, 106155, 31841, 51322, 9696, 15245, 86980]"
119989,"[95546, 17538, 82676, 63453, 26652, 87541, 41689, 31836, 2645, 35094]"
119990,"[25861, 99295, 104857, 103675, 36315, 51181, 2585, 80394, 23115, 50617]"
119991,"[17342, 46121, 65657, 67867, 96266, 6530, 76145, 61872, 69280, 7634]"
119992,"[43613, 28180, 54585, 35242, 59672, 65472, 58229, 28236, 7963, 38235]"
119993,"[92407, 23414, 103952, 58650, 106712, 91813, 72317, 54648, 68127, 16228]"
119994,"[41696, 95243, 18825, 99939, 99588, 37107, 91788, 46725, 63716, 51104]"
119995,"[33622, 96552, 45853, 34931, 76333, 76287, 66486, 20431, 47753, 75148]"
119996,"[68093, 24495, 44039, 34241, 48237, 47809, 23596, 44368, 29622, 37173]"
119997,"[22413, 35436, 105024, 71614, 17404, 33956, 23011, 102821, 97798, 11087]"
119998,"[11553, 32223, 18429, 67900, 51330, 25367, 89477, 7716, 18919, 53957]"
119999,"[60964, 8833, 84044, 88444, 38445, 22244, 18894, 106589, 101231, 69828]"
120000,"[105677, 65097, 83827, 56155, 107503, 47, 2805, 46095, 756, 106982]"
120001,"[92020, 36716, 105243, 31224, 57195, 62526, 75512, 58626, 53992, 79461]"
120002,"[104929, 29646, 61694, 37873, 27271, 99073, 32293, 52864, 46144, 48596]"
120003,"[10278, 3230, 63378, 99140, 47028, 30089, 56291, 102294, 97982, 80129]"
120004,"[66411, 89569, 97362, 100508, 11309, 77257, 38592, 38499, 59077, 51245]"
120005,"[89854, 21009, 42473, 79546, 88623, 88555, 96707, 41003, 29578, 94055]"
120006,"[16313, 7082, 74214, 3612, 73593, 18639, 74300, 94253, 100610, 76045]"
120007,"[82688, 15575, 17023, 72172, 97010, 2424, 24646, 46745, 80792, 97613]"
120008,"[64523, 8319, 37035, 43897, 43419, 66226, 42008, 80625, 31596, 74299]"
120009,"[76471, 108720, 73431, 66209, 80304, 15716, 4640, 48375, 65921, 88534]"
120010,"[23789, 35039, 24893, 48603, 26414, 63864, 86202, 24729, 63840, 8867]"
120011,"[59279, 57208, 104983, 66337, 72906, 67645, 70690, 102103, 38344, 93320]"
120012,"[29995, 72357, 75559, 25402, 65300, 95541, 57481, 78863, 61350, 65911]"
120013,"[85889, 68921, 95230, 5490, 4377, 63784, 54956, 60544, 99355, 94923]"
120014,"[92709, 32780, 58007, 93006, 42849, 85258, 91208, 90300, 49131, 92025]"
120015,"[32775, 105225, 88436, 51895, 36512, 56336, 44489, 83945, 4743, 58623]"
120016,"[100471, 106288, 59780, 7343, 90157, 106000, 86004, 104569, 73870, 11487]"
120017,"[83092, 81290, 19876, 39572, 51313, 52382, 27078, 68611, 19860, 81805]"
120018,"[84342, 95259, 96724, 29574, 37111, 88767, 105861, 15955, 93886, 86174]"
120019,"[29080, 57988, 85000, 83882, 35251, 15064, 33659, 45661, 39290, 64648]"
120020,"[33153, 103014, 61760, 91697, 30606, 15755, 13670, 34570, 61126, 88737]"
120021,"[67061, 80226, 87310, 90897, 65447, 44481, 23637, 39314, 4021, 54175]"
120022,"[10697, 17865, 108151, 16521, 25886, 42281, 40955, 4549, 85, 25271]"
120023,"[13706, 108859, 29520, 65997, 85201, 89864, 24117, 1396, 97330, 30961]"
120024,"[55792, 23584, 57047, 39020, 45500, 87175, 32844, 8214, 52488, 60413]"
120025,"[88574, 9502, 29191, 70647, 89455, 57654, 66150, 36280, 79207, 78119]"
120026,"[96970, 67891, 35678, 98757, 79120, 29181, 102294, 63378, 99140, 80129]"
120027,"[71752, 78078, 67267, 29853, 69760, 66065, 108820, 5711, 7671, 10561]"
120028,"[35818, 48795, 79077, 37421, 10342, 88386, 47847, 96875, 60048, 48354]"
120029,"[11488, 61827, 108616, 46821, 73373, 37433, 78646, 45509, 45678, 62486]"
120030,"[63564, 101236, 68354, 6509, 1346, 9955, 52581, 11147, 46547, 97116]"
120031,"[95750, 4069, 54913, 98434, 33869, 87328, 5123, 75555, 84251, 59761]"
120032,"[86948, 94017, 88296, 91934, 7333, 32197, 62979, 47995, 15751, 76066]"
120033,"[46407, 71892, 104079, 40552, 48019, 34718, 101333, 83475, 13129, 5551]"
120034,"[53858, 102770, 82170, 20647, 91377, 79800, 63748, 93012, 100440, 88646]"
120035,"[20298, 50655, 83817, 48556, 35498, 50702, 79638, 18961, 77649, 105270]"
120036,"[66502, 43918, 58984, 84368, 39183, 17100, 99122, 82510, 57012, 100847]"
120037,"[96150, 57687, 80707, 96234, 97003, 50169, 92475, 91566, 98271, 70732]"
120038,"[9094, 44273, 65057, 108191, 13077, 35308, 79676, 22328, 105997, 108324]"
120039,"[70220, 74518, 84458, 102535, 70963, 5968, 3279, 57167, 88734, 1146]"
120040,"[78781, 101824, 10591, 69338, 40120, 83838, 36206, 107161, 70040, 59698]"
120041,"[76009, 25971, 100705, 76326, 99811, 19667, 60379, 39489, 15861, 93505]"
120042,"[109581, 76268, 88940, 28851, 84778, 28892, 76620, 105308, 60399, 42914]"
120043,"[72555, 86064, 10798, 94744, 109541, 38859, 61436, 56229, 108195, 105889]"
120044,"[28131, 39992, 21524, 74121, 93784, 8491, 81027, 71763, 28066, 1632]"
120045,"[29862, 109171, 7909, 17656, 108435, 83217, 15178, 10451, 32326, 72570]"
120046,"[79773, 11569, 103778, 1342, 99311, 86898, 9608, 37997, 77652, 70822]"
120047,"[942, 54654, 35028, 34794, 47625, 82661, 40759, 16154, 33136, 69414]"
120048,"[21782, 106211, 36814, 45422, 67571, 83766, 104357, 56315, 97938, 47213]"
120049,"[43891, 63906, 38094, 38103, 58330, 56063, 98353, 101923, 108538, 22894]"
120050,"[63211, 73479, 85766, 31704, 93400, 48913, 48086, 89179, 5292, 19091]"
120051,"[102523, 12281, 15619, 94482, 102222, 24655, 92739, 92735, 41880, 38423]"
120052,"[74874, 17879, 2173, 82386, 95961, 77203, 84418, 43548, 69315, 105674]"
120053,"[66337, 25507, 104556, 50959, 70179, 103525, 104983, 56248, 70513, 3901]"
120054,"[41260, 104922, 11317, 27577, 39914, 21829, 57645, 57940, 97672, 92449]"
120055,"[45822, 46451, 34770, 79493, 86711, 81684, 66966, 87630, 39596, 77893]"
120056,"[62361, 13353, 44775, 54934, 56270, 58014, 80041, 51021, 44529, 16771]"
120057,"[100560, 83268, 108142, 62852, 47850, 73267, 60021, 84995, 107337, 41334]"
120058,"[52395, 58930, 69292, 65756, 56667, 64712, 57568, 3736, 82533, 71875]"
120059,"[17844, 44006, 72389, 53887, 56321, 88452, 3766, 55434, 92221, 48328]"
120060,"[71734, 1453, 58396, 75259, 71686, 33987, 97801, 76152, 91155, 40344]"
120061,"[38161, 11955, 57611, 103659, 73334, 86657, 17894, 19135, 25260, 85135]"
120062,"[5699, 51935, 36799, 26132, 27029, 101022, 95980, 39556, 91734, 96228]"
120063,"[75593, 9132, 96375, 21390, 90620, 48103, 66233, 41861, 42934, 27289]"
120064,"[29636, 104541, 27539, 9668, 72855, 75149, 70039, 16905, 71310, 90150]"
120065,"[82894, 44125, 64607, 61927, 101766, 14077, 94997, 104424, 23020, 62264]"
120066,"[52715, 50001, 31847, 48937, 71191, 99113, 76294, 51884, 1280, 98027]"
120067,"[54601, 66600, 57225, 48671, 103408, 31535, 80506, 20218, 49326, 54530]"
120068,"[93737, 97025, 61923, 108099, 80713, 62072, 33697, 83223, 40907, 62095]"
120069,"[102924, 55859, 41892, 104110, 53807, 43745, 94937, 37654, 16631, 74737]"
120070,"[89661, 82377, 102369, 109301, 96172, 9922, 91754, 101345, 4787, 14966]"
120071,"[35419, 18832, 70067, 102134, 13616, 13314, 54625, 63021, 68653, 58318]"
120072,"[81261, 105038, 99978, 95866, 21921, 27285, 87945, 98505, 70202, 8335]"
120073,"[102392, 90123, 81404, 19406, 88538, 19953, 14060, 35137, 99204, 51263]"
120074,"[51801, 12659, 50700, 60701, 61195, 94205, 58566, 75629, 3339, 17147]"
120075,"[62104, 17597, 22574, 109519, 96484, 88366, 23120, 55064, 26468, 72677]"
120076,"[107528, 34571, 154, 15797, 55330, 66573, 75995, 35560, 83044, 108093]"
120077,"[104039, 109282, 62503, 87602, 48839, 89856, 92601, 37314, 93592, 89433]"
120078,"[71729, 52192, 72295, 63387, 54205, 31434, 20227, 43610, 64030, 37070]"
120079,"[49778, 90056, 27855, 101413, 533, 23694, 31605, 5430, 65694, 78396]"
120080,"[41836, 54823, 98722, 72850, 40968, 36033, 63475, 7504, 61814, 104550]"
120081,"[64684, 6956, 1539, 10286, 22769, 9402, 77823, 31405, 26530, 15913]"
120082,"[42782, 32268, 70310, 27398, 13194, 23725, 73605, 80810, 225, 96770]"
120083,"[44695, 54792, 83401, 95529, 37922, 77378, 36430, 14524, 42723, 40815]"
120084,"[12283, 30328, 15158, 75006, 98594, 24054, 43070, 64841, 74412, 108108]"
120085,"[80593, 102625, 66687, 93492, 28021, 10107, 83206, 26149, 73008, 42189]"
120086,"[66722, 21539, 58310, 107269, 25960, 17596, 94951, 77868, 22492, 93040]"
120087,"[35334, 91666, 85194, 58709, 68249, 85751, 19221, 58899, 84102, 48329]"
120088,"[61432, 4031, 15239, 24471, 99114, 21209, 107584, 56142, 67828, 87960]"
120089,"[82741, 51789, 47828, 37360, 364, 9302, 57728, 105891, 74003, 13435]"
120090,"[20086, 73054, 57309, 103871, 89074, 73872, 56469, 54582, 49640, 95862]"
120091,"[75275, 106984, 5209, 1855, 76060, 18718, 6408, 70946, 33182, 33314]"
120092,"[72402, 102060, 35035, 63336, 13425, 52305, 41285, 5333, 68518, 94393]"
120093,"[101456, 106970, 75874, 12747, 78842, 21954, 34172, 24394, 106127, 108059]"
120094,"[76975, 19333, 17955, 33057, 193, 1942, 86235, 85848, 20812, 60225]"
120095,"[99042, 99459, 49718, 165, 81173, 62462, 66456, 59334, 46739, 33167]"
120096,"[65275, 73644, 60491, 35369, 48216, 28986, 66482, 84270, 106932, 10770]"
120097,"[101218, 108836, 51241, 76419, 65219, 30960, 78676, 42813, 49825, 9961]"
120098,"[109304, 76012, 61564, 56439, 31361, 11476, 67171, 99701, 83265, 45213]"
120099,"[31750, 88603, 80544, 36261, 18776, 8817, 6798, 9587, 35162, 51225]"
120100,"[960, 91345, 11550, 37773, 109443, 11913, 65386, 17314, 76241, 90885]"
120101,"[99084, 71341, 98951, 4434, 80789, 83701, 83901, 62745, 94808, 33606]"
120102,"[74761, 38467, 1416, 79906, 64976, 39483, 36551, 1685, 46628, 27112]"
120103,"[67182, 32221, 20766, 22375, 10285, 7704, 27180, 22042, 33954, 105498]"
120104,"[69025, 109097, 30396, 7216, 69832, 35062, 41604, 50463, 109182, 24881]"
120105,"[51798, 18901, 11950, 66985, 21288, 23938, 12558, 50442, 64830, 65583]"
120106,"[104369, 28823, 102257, 51512, 50125, 62523, 85717, 37735, 44858, 105234]"
120107,"[108604, 42882, 92803, 78389, 41845, 105546, 10017, 97274, 69807, 37122]"
120108,"[77959, 56832, 32923, 63278, 25714, 34281, 42973, 20303, 62464, 89158]"
120109,"[8060, 97725, 79115, 81850, 107842, 67772, 88374, 22668, 45625, 19012]"
120110,"[9701, 85069, 50574, 20910, 33695, 13847, 93255, 91760, 3709, 56217]"
120111,"[14938, 48444, 30094, 38219, 36489, 67426, 22260, 98859, 21973, 41329]"
120112,"[69169, 53321, 100233, 85554, 67273, 41, 5060, 21495, 59678, 101664]"
120113,"[14255, 42379, 80659, 6855, 73083, 63291, 92663, 48260, 89672, 77935]"
120114,"[1322, 104373, 38051, 28124, 48044, 33512, 43771, 376, 18980, 19340]"
120115,"[47075, 64936, 83191, 6356, 9214, 37986, 102405, 35939, 30832, 20690]"
120116,"[22211, 3917, 2779, 55673, 8692, 14907, 87425, 51685, 61357, 102860]"
120117,"[12853, 67335, 98996, 72135, 51057, 80885, 93610, 15117, 69879, 16708]"
120118,"[21657, 102688, 50562, 57161, 103642, 91946, 32351, 84202, 32188, 65933]"
120119,"[44591, 61003, 35682, 72974, 54629, 74996, 18995, 92198, 10776, 18259]"
120120,"[63343, 54983, 67763, 24514, 2683, 42887, 26180, 40458, 52794, 25073]"
120121,"[75846, 73564, 79152, 18853, 10247, 61537, 74801, 79396, 101184, 56683]"
120122,"[65010, 33559, 71685, 47585, 29035, 99410, 38213, 8919, 88720, 48874]"
120123,"[3106, 12425, 101569, 90437, 31848, 19101, 5995, 104951, 80624, 42964]"
120124,"[41326, 20556, 85907, 49883, 63756, 109096, 69776, 80559, 34584, 73736]"
120125,"[79040, 85193, 20170, 9779, 48026, 76547, 87324, 32297, 8218, 91102]"
120126,"[68960, 100568, 62762, 53583, 7169, 19218, 76096, 58717, 29483, 87222]"
120127,"[107861, 44918, 89105, 36468, 86528, 48958, 66427, 7317, 70023, 73252]"
120128,"[51718, 8198, 93431, 45714, 40142, 60470, 42802, 20667, 75608, 35757]"
120129,"[50990, 106443, 14027, 92244, 104545, 95471, 95893, 56688, 99256, 44361]"
120130,"[36792, 91332, 53113, 7531, 63514, 84086, 10153, 54988, 20999, 42004]"
120131,"[104675, 88561, 77405, 42675, 57732, 6095, 75689, 105605, 97169, 85344]"
120132,"[55430, 85081, 40720, 91812, 86965, 6192, 48285, 29484, 8249, 8936]"
120133,"[44269, 2069, 54661, 104419, 3519, 91846, 46974, 84229, 64664, 25214]"
120134,"[101034, 34347, 33789, 16296, 2525, 71540, 68336, 92637, 21041, 105256]"
120135,"[30195, 40906, 72432, 71493, 29256, 55609, 72253, 5361, 21713, 39465]"
120136,"[30466, 20308, 104182, 81622, 13007, 63905, 68349, 50654, 51037, 50570]"
120137,"[93422, 104350, 73466, 100823, 90410, 18509, 22070, 96893, 11779, 44317]"
120138,"[107394, 1572, 38387, 101306, 52555, 96121, 56545, 86408, 52412, 37433]"
120139,"[57332, 100693, 80215, 107324, 10999, 100663, 85623, 23972, 72491, 2560]"
120140,"[9283, 2147, 17830, 95284, 71108, 34869, 38719, 57836, 26591, 65296]"
120141,"[97311, 58238, 34613, 41972, 35280, 72476, 30964, 88262, 51341, 9675]"
120142,"[37081, 103679, 41857, 108491, 73207, 97940, 50534, 54028, 71380, 90755]"
120143,"[82076, 15335, 37660, 108637, 87313, 32208, 68250, 65632, 65260, 35289]"
120144,"[78920, 96863, 588, 15978, 11791, 99834, 25250, 38254, 5146, 35281]"
120145,"[45816, 5010, 2649, 53073, 93411, 16635, 25446, 108721, 81542, 40256]"
120146,"[107509, 77086, 87335, 53312, 85048, 48342, 47383, 6193, 24999, 27953]"
120147,"[17850, 80455, 51528, 36921, 104954, 92620, 11237, 56669, 60232, 88209]"
120148,"[84998, 99268, 32133, 54309, 29513, 100775, 45363, 28337, 96002, 83901]"
120149,"[10154, 107016, 99269, 54501, 108017, 84452, 13514, 2827, 11171, 4491]"
120150,"[91557, 67153, 84187, 26974, 92676, 5545, 34560, 101241, 47959, 15070]"
120151,"[76285, 20475, 41298, 29879, 44446, 14918, 69454, 62802, 83234, 101268]"
120152,"[92518, 39810, 26102, 108078, 107489, 13021, 40735, 83877, 103475, 64768]"
120153,"[104030, 42943, 108255, 79888, 72600, 75781, 26440, 104297, 88222, 18608]"
120154,"[73151, 74670, 22532, 4291, 95783, 109231, 51520, 30224, 49695, 51501]"
120155,"[26111, 95341, 71006, 50677, 16765, 10763, 11479, 50821, 6961, 101135]"
120156,"[109580, 27132, 18556, 10826, 49556, 17826, 100090, 24157, 83815, 85349]"
120157,"[84825, 88425, 18137, 51782, 44247, 14157, 3910, 14824, 26987, 30415]"
120158,"[26834, 9723, 9317, 69678, 3990, 69012, 34133, 28017, 12461, 50687]"
120159,"[48202, 21866, 53800, 16101, 54156, 55546, 95925, 34593, 9289, 798]"
120160,"[105988, 82540, 9725, 54660, 97498, 84220, 1049, 38501, 83938, 64479]"
120161,"[61832, 97678, 94580, 240, 61271, 2166, 102556, 100897, 93140, 30779]"
120162,"[95794, 54448, 81966, 36808, 104661, 48431, 43809, 83142, 43485, 103555]"
120163,"[83963, 65759, 106988, 25106, 107050, 16123, 66266, 10726, 19491, 39367]"
120164,"[31555, 20035, 33206, 81623, 18064, 18539, 98666, 34402, 55030, 7452]"
120165,"[35905, 86407, 64364, 20526, 44537, 106410, 82, 22091, 88018, 87450]"
120166,"[75766, 52994, 17149, 53179, 93956, 34217, 72670, 12754, 62803, 71629]"
120167,"[35397, 90159, 14911, 86381, 63028, 103698, 37728, 103717, 61764, 65184]"
120168,"[76772, 76693, 23090, 20749, 46120, 66658, 47858, 18762, 75795, 8776]"
120169,"[36269, 67441, 44724, 67747, 47913, 14269, 31185, 57278, 100139, 13648]"
120170,"[47419, 18805, 10215, 101979, 7408, 264, 86542, 89287, 11520, 53204]"
120171,"[89241, 98488, 62746, 23619, 101709, 38363, 58707, 69411, 89163, 52231]"
120172,"[38216, 34784, 1595, 71970, 81285, 101210, 50764, 57601, 10007, 51411]"
120173,"[104540, 54389, 91834, 8326, 32212, 65777, 62263, 95607, 68536, 53661]"
120174,"[54726, 78527, 78196, 1639, 75881, 47904, 45258, 60161, 27622, 17591]"
120175,"[97068, 102602, 23862, 27340, 4869, 108970, 91457, 93003, 100819, 85805]"
120176,"[75894, 102097, 93710, 20936, 89468, 79578, 80704, 14621, 47162, 4012]"
120177,"[94589, 62083, 13677, 2749, 83275, 47139, 26642, 35089, 72752, 100657]"
120178,"[75533, 100700, 52294, 49720, 108931, 47866, 27491, 102508, 9394, 13748]"
120179,"[31033, 30257, 65224, 27493, 74409, 76629, 65013, 98946, 73627, 94120]"
120180,"[90171, 3410, 9553, 25401, 18973, 57134, 98695, 108877, 77255, 46230]"
120181,"[63043, 62131, 26000, 60826, 12081, 100161, 62677, 52647, 85667, 55306]"
120182,"[41403, 2179, 59712, 93384, 105905, 11283, 16527, 76277, 3658, 100436]"
120183,"[51451, 1646, 65928, 97071, 30496, 18836, 54643, 10556, 57277, 74907]"
120184,"[75626, 104965, 93376, 77741, 56817, 65204, 75607, 64430, 78264, 65635]"
120185,"[107035, 17495, 21472, 39176, 62521, 17247, 53486, 76979, 13957, 45339]"
120186,"[63112, 46373, 92824, 60287, 72391, 99715, 45871, 97527, 27936, 5997]"
120187,"[16547, 89524, 62556, 21877, 105747, 36545, 44451, 19776, 17435, 37278]"
120188,"[70807, 72415, 81885, 96452, 84492, 11379, 93373, 56822, 30982, 71552]"
120189,"[27512, 80724, 101517, 24321, 98811, 29522, 75403, 43788, 24932, 41664]"
120190,"[10363, 76760, 29010, 45812, 79595, 7729, 20894, 102276, 55272, 94755]"
120191,"[27246, 21822, 8378, 8476, 91114, 38580, 29130, 54513, 106152, 27303]"
120192,"[74549, 87558, 89046, 44382, 81484, 64858, 80189, 19404, 64785, 36368]"
120193,"[72423, 102683, 69049, 52713, 61612, 37246, 66853, 75698, 30767, 4721]"
120194,"[86882, 103671, 100095, 66538, 59110, 76634, 36414, 39998, 42719, 9103]"
120195,"[43075, 10844, 59118, 67461, 37893, 104388, 90517, 28831, 21281, 50316]"
120196,"[34607, 96736, 72194, 103696, 98868, 64582, 103827, 91503, 77037, 105878]"
120197,"[105206, 33106, 106866, 55201, 104059, 61264, 65404, 37539, 6302, 6612]"
120198,"[100254, 103792, 67160, 101121, 98694, 9345, 17146, 21773, 95310, 29142]"
120199,"[63521, 60494, 48324, 83973, 14123, 44170, 84795, 73496, 8397, 90810]"
120200,"[17363, 42914, 103905, 97650, 84654, 18154, 11221, 10079, 70276, 5849]"
120201,"[81443, 27705, 67997, 24601, 101395, 106473, 39389, 16546, 38176, 96180]"
120202,"[48116, 5137, 22202, 93490, 66798, 78426, 50321, 57576, 10441, 794]"
120203,"[74954, 1128, 5654, 38072, 92606, 29878, 44244, 73685, 53576, 23744]"
120204,"[72427, 108009, 7119, 29988, 97515, 22977, 84055, 108365, 94910, 17040]"
120205,"[9734, 103134, 108335, 8618, 92992, 102776, 36117, 95209, 49525, 101545]"
120206,"[74717, 101506, 1940, 34954, 79609, 1827, 95157, 10418, 89442, 31600]"
120207,"[39105, 32637, 39761, 92863, 13726, 105881, 3431, 33470, 30920, 50010]"
120208,"[51732, 25334, 21247, 61770, 14030, 98250, 49027, 75229, 73606, 97341]"
120209,"[53193, 95454, 42545, 92519, 37913, 12986, 79043, 98634, 69323, 36521]"
120210,"[62721, 51202, 14848, 3740, 72492, 8248, 107187, 73808, 75647, 17770]"
120211,"[96149, 101878, 100815, 71751, 105508, 40520, 101053, 23035, 35702, 540]"
120212,"[48623, 88152, 83128, 100356, 20165, 100131, 2304, 54927, 79464, 6167]"
120213,"[32413, 66320, 81652, 16121, 77025, 8443, 85905, 7262, 99467, 76856]"
120214,"[37171, 19490, 91870, 5642, 33224, 77114, 87773, 82110, 68489, 99899]"
120215,"[88456, 94462, 19943, 12678, 58195, 65598, 84456, 75239, 86556, 44312]"
120216,"[108362, 2964, 2968, 97204, 108261, 49931, 20202, 12100, 70971, 39990]"
120217,"[29814, 41276, 94524, 13164, 104262, 58832, 61912, 12473, 93614, 13963]"
120218,"[61044, 14183, 43179, 96187, 58933, 17798, 87418, 99205, 66629, 101662]"
120219,"[81459, 14258, 20115, 12434, 104798, 80742, 94145, 51427, 1937, 75673]"
120220,"[44781, 33708, 94877, 677, 89428, 106743, 52678, 81763, 36618, 82305]"
120221,"[45449, 8683, 20687, 76742, 22366, 96148, 81578, 28870, 99203, 4170]"
120222,"[26243, 4970, 85349, 99217, 15893, 3130, 4390, 37708, 42707, 69672]"
120223,"[74432, 57417, 63497, 8791, 4868, 20770, 97278, 83403, 70759, 20589]"
120224,"[97541, 57007, 89917, 30007, 96562, 40919, 104389, 75927, 105655, 75339]"
120225,"[16835, 68542, 83676, 109020, 6529, 50935, 42823, 57484, 21578, 82345]"
120226,"[4575, 32658, 31291, 63654, 42787, 6799, 22046, 105331, 57256, 92289]"
120227,"[1262, 2273, 104328, 25038, 99820, 60214, 61005, 62816, 76007, 65864]"
120228,"[71649, 78897, 43110, 51633, 64649, 101188, 10526, 43122, 104338, 77792]"
120229,"[87780, 76819, 29270, 20609, 63788, 51155, 41888, 44251, 101338, 51247]"
120230,"[4625, 58002, 30567, 88931, 67176, 24950, 50118, 87268, 4396, 88911]"
120231,"[55290, 79301, 100319, 100513, 52454, 60178, 88859, 52764, 22774, 85224]"
120232,"[98707, 15348, 24953, 108067, 97684, 41091, 43379, 84943, 44851, 76802]"
120233,"[75162, 26924, 51786, 71499, 35600, 10364, 33727, 86739, 76911, 35021]"
120234,"[36988, 4379, 92834, 83189, 31640, 56420, 43920, 99221, 57130, 56288]"
120235,"[93769, 983, 101880, 88095, 94344, 79510, 33620, 101900, 66959, 35251]"
120236,"[1216, 25878, 51120, 103149, 42350, 40573, 78130, 17347, 47871, 5864]"
120237,"[105206, 6302, 21571, 106866, 95467, 67363, 96158, 7493, 73931, 86881]"
120238,"[19901, 76465, 81253, 85840, 20965, 73552, 89969, 85005, 9924, 41323]"
120239,"[4013, 66571, 43297, 66327, 26785, 45665, 92949, 20573, 10941, 627]"
120240,"[10607, 11959, 5697, 20846, 11046, 67062, 61182, 49808, 19675, 28956]"
120241,"[56703, 17248, 44976, 51335, 97112, 109554, 33097, 15360, 103871, 53964]"
120242,"[108229, 49560, 52052, 30017, 63052, 65161, 87421, 74191, 77351, 17412]"
120243,"[15057, 46818, 36256, 86591, 38639, 39121, 40216, 50462, 60802, 21619]"
120244,"[75986, 90127, 22662, 109484, 35426, 73402, 27592, 72231, 17126, 78076]"
120245,"[22268, 59978, 10593, 87280, 71949, 93995, 91793, 52091, 28908, 11324]"
120246,"[63539, 25501, 82491, 71012, 48113, 28423, 52137, 54972, 34542, 2383]"
120247,"[18717, 42911, 66276, 47525, 2762, 59748, 83520, 32287, 89180, 93929]"
120248,"[53285, 73367, 35962, 21552, 41169, 107228, 14339, 90093, 83947, 37882]"
120249,"[51251, 72370, 58298, 92796, 104393, 17565, 13000, 86181, 63520, 87004]"
120250,"[2556, 22175, 46826, 12797, 79215, 24714, 28554, 57086, 11565, 82776]"
120251,"[31453, 46024, 14466, 34952, 15058, 102516, 87732, 49240, 65697, 97574]"
120252,"[81409, 58781, 1567, 62593, 16866, 108654, 76201, 21854, 72397, 88444]"
120253,"[94894, 9055, 23702, 50190, 15733, 79106, 76982, 91068, 18116, 12941]"
120254,"[50470, 55640, 101140, 107255, 54018, 30728, 74873, 55684, 105263, 100701]"
120255,"[105129, 23888, 78615, 17414, 75428, 77027, 90653, 28498, 25812, 32594]"
120256,"[67771, 78587, 33011, 30733, 28925, 26411, 9486, 51115, 5802, 16374]"
120257,"[24608, 17229, 57744, 102327, 88321, 62553, 42812, 59562, 23637, 84735]"
120258,"[85047, 90733, 73455, 69344, 27765, 58610, 52443, 43175, 82411, 83084]"
120259,"[76677, 361, 74543, 75935, 27821, 81911, 32051, 52218, 57898, 31195]"
120260,"[2741, 55197, 27411, 61361, 14128, 70189, 77046, 78562, 75129, 6968]"
120261,"[66214, 39657, 5428, 36114, 42796, 47353, 5186, 65060, 18138, 11462]"
120262,"[33439, 19490, 67488, 98185, 33777, 48637, 25040, 66945, 93298, 87007]"
120263,"[406, 95783, 39434, 23061, 93662, 3804, 12536, 14977, 44391, 12301]"
120264,"[81925, 99543, 23799, 79697, 99188, 12921, 37576, 107137, 42909, 82238]"
120265,"[3300, 47671, 51351, 76486, 30198, 66180, 6165, 107889, 47588, 61875]"
120266,"[6449, 26311, 103078, 73039, 70646, 7818, 12144, 15328, 76150, 25765]"
120267,"[91812, 48285, 105541, 29484, 33522, 85081, 55430, 13326, 40720, 109364]"
120268,"[37235, 29134, 86618, 75487, 11763, 29407, 88001, 258, 29160, 67676]"
120269,"[97881, 60070, 86135, 12847, 100501, 70541, 12937, 45317, 86110, 8247]"
120270,"[9994, 18197, 21064, 25593, 7744, 754, 76954, 34626, 101716, 84335]"
120271,"[24181, 21892, 10891, 11910, 70082, 33791, 76762, 35680, 19461, 1070]"
120272,"[31587, 36852, 78585, 21784, 93767, 43166, 56606, 27107, 29661, 213]"
120273,"[92069, 105014, 24141, 55274, 81446, 25865, 48202, 17725, 4290, 55033]"
120274,"[59025, 7829, 81580, 2121, 42078, 108127, 39791, 61275, 97252, 31068]"
120275,"[91891, 108817, 26925, 9804, 96449, 94259, 55610, 48632, 91400, 104064]"
120276,"[30979, 68511, 90800, 25792, 24746, 45061, 100099, 72206, 6608, 14456]"
120277,"[92649, 10907, 59695, 76317, 73231, 81135, 28639, 1021, 74754, 29561]"
120278,"[82639, 109261, 68844, 72837, 23128, 60804, 99116, 20848, 98025, 40060]"
120279,"[102271, 40091, 106669, 33955, 93600, 7151, 65527, 94052, 7224, 19461]"
120280,"[68538, 3987, 96977, 9636, 97571, 13606, 101666, 39403, 27171, 104655]"
120281,"[14476, 65778, 100907, 86857, 10158, 19339, 64957, 46791, 18063, 104071]"
120282,"[98593, 22783, 96844, 82122, 63960, 4938, 53454, 53607, 38846, 62126]"
120283,"[56039, 18651, 83090, 89300, 80050, 3997, 107693, 108866, 81931, 18604]"
120284,"[92668, 51844, 65667, 44018, 17172, 24303, 77627, 39328, 95644, 102412]"
120285,"[40208, 62123, 98272, 63538, 17928, 3513, 26997, 14662, 106220, 34799]"
120286,"[18280, 60752, 47631, 11444, 69735, 101256, 9089, 75965, 8047, 37566]"
120287,"[61697, 39669, 45273, 42317, 89169, 60975, 108891, 100394, 10618, 44583]"
120288,"[107217, 639, 83554, 67316, 29925, 54347, 75961, 55876, 35926, 71831]"
120289,"[57645, 1597, 38082, 21829, 98892, 9024, 10808, 107322, 97684, 104922]"
120290,"[38496, 55560, 103634, 7809, 109557, 67201, 20534, 743, 103421, 37502]"
120291,"[101267, 29421, 23209, 27295, 68422, 21717, 41185, 4720, 106030, 63557]"
120292,"[86963, 55378, 89039, 99606, 75195, 107940, 103896, 27147, 84692, 52667]"
120293,"[50280, 23526, 33318, 23930, 1432, 93970, 49987, 52708, 97522, 84380]"
120294,"[9914, 871, 63703, 99399, 26254, 80867, 49334, 61254, 80302, 18184]"
120295,"[86482, 4781, 27293, 79178, 10913, 13108, 70577, 98251, 2707, 60759]"
120296,"[56882, 105442, 829, 2215, 99045, 48469, 2127, 79481, 108118, 104800]"
120297,"[67901, 92681, 47426, 73109, 62880, 31508, 45676, 70343, 94895, 58730]"
120298,"[92383, 34339, 18579, 46809, 109297, 77565, 55795, 30877, 63812, 78827]"
120299,"[87584, 82845, 81628, 72579, 106986, 11612, 89592, 51086, 85159, 21239]"
120300,"[75754, 109714, 60688, 61175, 26798, 27118, 8829, 64394, 12391, 58056]"
120301,"[77054, 25649, 30775, 53440, 11848, 74190, 60020, 62940, 74961, 7062]"
120302,"[79561, 48197, 101904, 81213, 90511, 19789, 96009, 8555, 36529, 14087]"
120303,"[78258, 48336, 107229, 47470, 21620, 21437, 83400, 107443, 79963, 93523]"
120304,"[8047, 12990, 79544, 101256, 75965, 48523, 74541, 99285, 88228, 43565]"
120305,"[44276, 76262, 21088, 75983, 1353, 87251, 70602, 50329, 34595, 7210]"
120306,"[13527, 82243, 35325, 106002, 83856, 18167, 31202, 84833, 105515, 14054]"
120307,"[35907, 62961, 100655, 23780, 72724, 72379, 50479, 40842, 26369, 20104]"
120308,"[15558, 8224, 51569, 44158, 59393, 34565, 59894, 72363, 51656, 98174]"
120309,"[64373, 41728, 94420, 51302, 4503, 103322, 61687, 44741, 101857, 20499]"
120310,"[51364, 92045, 30008, 13341, 106951, 30937, 107084, 76788, 37956, 109160]"
120311,"[37116, 53872, 103556, 13763, 68686, 109665, 5487, 65599, 71093, 25209]"
120312,"[36206, 84356, 76576, 61630, 10591, 67161, 21162, 78781, 53151, 101824]"
120313,"[45565, 105324, 515, 18149, 10280, 23330, 69552, 46972, 70707, 98471]"
120314,"[25248, 81691, 44669, 25502, 82692, 55947, 85467, 96719, 35268, 20427]"
120315,"[94485, 23827, 57420, 87985, 33976, 41192, 99054, 107727, 81579, 11819]"
120316,"[18490, 57578, 88640, 3169, 54494, 61362, 48627, 6351, 76384, 78798]"
120317,"[5963, 12026, 9237, 51891, 24168, 48026, 87324, 8826, 51229, 69483]"
120318,"[72204, 76455, 20267, 106782, 14350, 77389, 97719, 15726, 95696, 50040]"
120319,"[63400, 98808, 26706, 7373, 50398, 72269, 97136, 47404, 6147, 59830]"
120320,"[102237, 45470, 1132, 49141, 10011, 36818, 56529, 18197, 96905, 74292]"
120321,"[53991, 100268, 50753, 69056, 78968, 8535, 15454, 82200, 52910, 3698]"
120322,"[97802, 12901, 25149, 67527, 31740, 47492, 7663, 87117, 78535, 57875]"
120323,"[67008, 29067, 30329, 42360, 89310, 81512, 11696, 58961, 40458, 34001]"
120324,"[89826, 20559, 54151, 54525, 96445, 90780, 36177, 38291, 95285, 42521]"
120325,"[108864, 96021, 62455, 38445, 106589, 103940, 69828, 8833, 94475, 40611]"
120326,"[69986, 28971, 20789, 84712, 103159, 100079, 26506, 24894, 47966, 19174]"
120327,"[48134, 77023, 26139, 101247, 63279, 27710, 43320, 43027, 5947, 49639]"
120328,"[45823, 59801, 10861, 82719, 16817, 26226, 35683, 6591, 77449, 5557]"
120329,"[77075, 72497, 80966, 38065, 83950, 12838, 23454, 22290, 64422, 14872]"
120330,"[109420, 76014, 48129, 75858, 23898, 59810, 107888, 17280, 15419, 67864]"
120331,"[93106, 10246, 49659, 10126, 101960, 44228, 6826, 49741, 38166, 68571]"
120332,"[79042, 85569, 48578, 47223, 59625, 100697, 98677, 96635, 104672, 28102]"
120333,"[99349, 108862, 88423, 49494, 1606, 30736, 32099, 22630, 54268, 57609]"
120334,"[39162, 49138, 73305, 81891, 55101, 39112, 96063, 9186, 99536, 17748]"
120335,"[45848, 10904, 80795, 38761, 91153, 61876, 50707, 5552, 73406, 30113]"
120336,"[4391, 81168, 8883, 82857, 16389, 73825, 56535, 60200, 30897, 35709]"
120337,"[61276, 81620, 93609, 66216, 102938, 23833, 67595, 38492, 88854, 2118]"
120338,"[79928, 7579, 56604, 105585, 75681, 41223, 53229, 47291, 76302, 8819]"
120339,"[57056, 81279, 88986, 46015, 90032, 17654, 107969, 72727, 16564, 37217]"
120340,"[70537, 96296, 17417, 76591, 63495, 3215, 52926, 80567, 44129, 98126]"
120341,"[80122, 47858, 18762, 87839, 45519, 33057, 61324, 24402, 37804, 39892]"
120342,"[1933, 35306, 612, 97143, 99262, 31217, 9450, 11470, 39102, 76497]"
120343,"[73598, 16204, 56058, 76571, 156, 95396, 74010, 96586, 35705, 63428]"
120344,"[94312, 70783, 57406, 23418, 33434, 11253, 80, 106300, 19011, 41817]"
120345,"[35136, 70240, 100992, 47053, 38837, 9090, 63257, 6525, 103577, 55461]"
120346,"[22735, 41152, 91888, 65820, 28988, 106476, 20772, 58364, 104415, 77537]"
120347,"[9937, 93181, 67876, 108491, 22746, 66466, 60919, 90755, 33479, 73751]"
120348,"[52900, 10865, 54537, 53573, 63784, 3692, 75996, 55020, 50999, 89221]"
120349,"[101850, 4588, 43960, 103112, 72369, 109385, 61992, 41884, 25968, 50035]"
120350,"[72636, 53139, 44771, 10494, 67358, 11319, 98810, 64809, 25541, 99570]"
120351,"[17231, 103059, 13218, 29774, 15082, 89646, 40518, 33925, 8389, 27546]"
120352,"[15652, 53662, 95122, 72100, 21220, 109394, 36656, 98934, 73655, 60043]"
120353,"[29983, 8064, 84532, 88650, 91113, 22092, 12842, 70526, 107527, 40160]"
120354,"[50488, 88084, 59923, 84133, 90241, 68602, 76720, 98407, 63407, 5309]"
120355,"[54374, 47908, 96870, 11963, 60504, 30219, 15424, 6729, 21785, 101785]"
120356,"[84933, 46449, 63580, 66252, 49175, 10140, 52965, 79747, 43051, 108621]"
120357,"[15974, 83375, 86653, 88963, 102372, 67572, 1062, 44707, 22914, 103240]"
120358,"[83595, 22383, 55860, 78439, 95108, 27059, 56046, 99458, 103007, 54457]"
120359,"[82017, 23896, 45328, 69430, 37935, 91879, 2676, 16984, 106658, 30149]"
120360,"[55335, 61520, 64490, 24397, 2747, 31806, 108828, 34659, 78522, 55349]"
120361,"[16107, 28803, 73503, 97134, 37132, 28084, 85914, 24737, 2175, 98991]"
120362,"[89543, 78073, 99108, 105793, 26208, 77508, 80023, 54330, 56194, 2037]"
120363,"[57462, 16682, 80530, 60706, 95740, 16619, 55253, 67561, 45446, 79942]"
120364,"[16067, 19880, 10979, 1912, 18642, 6876, 51260, 41033, 10022, 37062]"
120365,"[96290, 55082, 22666, 80464, 99516, 16066, 8832, 68618, 13581, 107503]"
120366,"[40311, 57632, 23825, 95197, 19355, 20902, 73096, 97105, 59617, 102669]"
120367,"[71257, 72353, 38218, 89357, 57123, 101278, 14525, 12291, 25625, 79793]"
120368,"[69413, 14718, 33241, 74533, 69786, 79579, 56186, 52043, 50255, 89750]"
120369,"[49817, 33586, 9323, 16763, 21231, 102005, 35842, 61070, 103497, 6773]"
120370,"[1700, 107997, 77199, 6921, 34728, 37574, 16460, 17457, 94481, 78592]"
120371,"[108769, 22468, 64440, 99647, 103613, 96394, 14319, 17740, 57961, 101490]"
120372,"[70194, 85214, 91077, 11264, 77389, 21986, 89701, 41166, 16064, 94811]"
120373,"[24554, 12918, 86808, 57436, 21592, 5528, 26628, 5990, 18528, 51568]"
120374,"[69621, 8932, 9251, 78108, 24707, 16371, 37826, 50107, 38058, 23836]"
120375,"[6512, 29464, 88314, 104331, 106450, 101686, 45719, 17409, 66458, 73072]"
120376,"[7779, 1475, 24769, 78388, 59558, 8870, 30899, 15103, 56243, 16951]"
120377,"[65417, 34728, 42189, 17457, 91492, 92374, 106799, 102625, 80332, 15008]"
120378,"[66873, 43270, 82690, 31099, 7588, 14309, 37893, 51268, 29721, 87666]"
120379,"[5556, 86180, 54763, 105064, 1691, 88129, 83800, 68944, 30250, 62045]"
120380,"[8595, 90851, 38287, 27194, 56578, 108065, 101516, 27275, 67396, 86100]"
120381,"[56753, 42351, 45322, 61380, 92369, 33064, 72514, 79751, 71700, 72627]"
120382,"[85601, 39426, 99211, 75493, 30443, 30624, 108588, 97098, 28923, 70028]"
120383,"[11613, 34494, 77438, 100956, 101207, 39158, 98005, 6891, 97181, 59031]"
120384,"[82433, 104457, 63323, 23322, 12360, 2598, 32996, 41811, 26023, 57520]"
120385,"[124, 36282, 2157, 109448, 80664, 87368, 70484, 62499, 94310, 64563]"
120386,"[105336, 81003, 47718, 102811, 69329, 64569, 69479, 53315, 66960, 46811]"
120387,"[26199, 37505, 77006, 62133, 67767, 29225, 92812, 3089, 52790, 9566]"
120388,"[81964, 67481, 87607, 22803, 10549, 70846, 84564, 42630, 49669, 11604]"
120389,"[28422, 1367, 27955, 21724, 95136, 74584, 7356, 55597, 17840, 91103]"
120390,"[43236, 51136, 32987, 4618, 28961, 79956, 66219, 34136, 68229, 57556]"
120391,"[74228, 30085, 102351, 101497, 56627, 52997, 20531, 19982, 90737, 51038]"
120392,"[35864, 96229, 33608, 93793, 3442, 24232, 20621, 96675, 53270, 93882]"
120393,"[34815, 87152, 108256, 32871, 98910, 86893, 28499, 85646, 14546, 85168]"
120394,"[44048, 62048, 18469, 88744, 68660, 86793, 72502, 74864, 17373, 68811]"
120395,"[45529, 38325, 12200, 99581, 14307, 52091, 45473, 86502, 22268, 29530]"
120396,"[109575, 31801, 109572, 21775, 80044, 97583, 95343, 26002, 97473, 103681]"
120397,"[67935, 93088, 4701, 45264, 15312, 42409, 77410, 42187, 21383, 85029]"
120398,"[34843, 4351, 49366, 6597, 15840, 72084, 107248, 60838, 61901, 2840]"
120399,"[18241, 16941, 23117, 92687, 38285, 77529, 65499, 23667, 60949, 69916]"
120400,"[76573, 52116, 61325, 75160, 90814, 27401, 64337, 50875, 91798, 66022]"
120401,"[5873, 40195, 75738, 93780, 5320, 43351, 60735, 76568, 33173, 34719]"
120402,"[92155, 65594, 73230, 91146, 81737, 54336, 18594, 105086, 12366, 5240]"
120403,"[34738, 67389, 106095, 80183, 4824, 70655, 96549, 57776, 43869, 56390]"
120404,"[21689, 35945, 7997, 12010, 65427, 90247, 13037, 27802, 100817, 92420]"
120405,"[26705, 9154, 70392, 12245, 57080, 103874, 49681, 87886, 65819, 62483]"
120406,"[6319, 101508, 4057, 2000, 45302, 25175, 56971, 50476, 7051, 58534]"
120407,"[68442, 16586, 25488, 81570, 27586, 24936, 52976, 103409, 19496, 19271]"
120408,"[16885, 32475, 29590, 63242, 81298, 24841, 58322, 3702, 48726, 92916]"
120409,"[100817, 103044, 57542, 15015, 26845, 51148, 101373, 13037, 27802, 11448]"
120410,"[57640, 38254, 48468, 73203, 43986, 55829, 99834, 25250, 98250, 5146]"
120411,"[32207, 98725, 26345, 28717, 58120, 68964, 7310, 29753, 108740, 17415]"
120412,"[8152, 39848, 11761, 108210, 105540, 59289, 42662, 34446, 75573, 52409]"
120413,"[50480, 108405, 59776, 956, 107919, 30155, 26563, 6000, 8907, 108523]"
120414,"[11447, 37630, 68255, 107762, 40531, 86300, 3498, 68114, 80679, 78841]"
120415,"[23131, 26879, 50540, 4067, 1573, 66629, 61163, 101670, 55095, 424]"
120416,"[45308, 29840, 103920, 53257, 91965, 101168, 34071, 77090, 51792, 74534]"
120417,"[95459, 77777, 92069, 26973, 9490, 49459, 46657, 26635, 37883, 63631]"
120418,"[56139, 40746, 58479, 19791, 22957, 37398, 108903, 45696, 91314, 36031]"
120419,"[69896, 11508, 34622, 8907, 46356, 34733, 36632, 82969, 12972, 39135]"
120420,"[72254, 79701, 28640, 107953, 59541, 2851, 87343, 19897, 44274, 104522]"
120421,"[73052, 100829, 16435, 58772, 5499, 48865, 44965, 9048, 39480, 103519]"
120422,"[64290, 89989, 88917, 13676, 1314, 26747, 86156, 65233, 50664, 65063]"
120423,"[69935, 39497, 97289, 82534, 79219, 29172, 36641, 57529, 26383, 49218]"
120424,"[65384, 24806, 55267, 36707, 50721, 1105, 93422, 23660, 11156, 40238]"
120425,"[45803, 40378, 73118, 103632, 93482, 36802, 15423, 74385, 29406, 14737]"
120426,"[94744, 105889, 72555, 62839, 72441, 75566, 86064, 10798, 38312, 73760]"
120427,"[46828, 87430, 36620, 64070, 77301, 33663, 51857, 14322, 69119, 86037]"
120428,"[41654, 5959, 9561, 60510, 92121, 87410, 58105, 23373, 69697, 71746]"
120429,"[7986, 25701, 72926, 91623, 98504, 10295, 63760, 19688, 74714, 100805]"
120430,"[26647, 21342, 1700, 65417, 31489, 103312, 102678, 107997, 47289, 86102]"
120431,"[61603, 73672, 64617, 101096, 24795, 24970, 39268, 86435, 84897, 93738]"
120432,"[60249, 63726, 52711, 4432, 55934, 71052, 37186, 1810, 99447, 43933]"
120433,"[71233, 39266, 55870, 78069, 16487, 41040, 58825, 56754, 85159, 47488]"
120434,"[76442, 109641, 34429, 47108, 71473, 30867, 23275, 90974, 45784, 3679]"
120435,"[67780, 52616, 28335, 68369, 97379, 17080, 55251, 27400, 31615, 94247]"
120436,"[59149, 60555, 55673, 88605, 40168, 14907, 92451, 79014, 10619, 60151]"
120437,"[34009, 42191, 72761, 96039, 79268, 72292, 71096, 26270, 105034, 109060]"
120438,"[74908, 25374, 65666, 92966, 77128, 74668, 99015, 64708, 7485, 79387]"
120439,"[5742, 15554, 100339, 49704, 33425, 19556, 99549, 97773, 19923, 63630]"
120440,"[28907, 6386, 1986, 89403, 99396, 103466, 30047, 37969, 28416, 47080]"
120441,"[82685, 97239, 75719, 1818, 499, 8706, 26745, 100795, 89364, 88964]"
120442,"[45697, 19800, 4816, 104145, 65272, 80867, 85729, 85657, 11789, 81855]"
120443,"[16546, 61218, 81443, 67997, 48037, 63472, 984, 98943, 57551, 96180]"
120444,"[17125, 72922, 12673, 23996, 23636, 104156, 29708, 63509, 55698, 17222]"
120445,"[60441, 58486, 75134, 92088, 2877, 72199, 23833, 57751, 18707, 108214]"
120446,"[55138, 16321, 82563, 79529, 7623, 15634, 77346, 3969, 106675, 18010]"
120447,"[33441, 73712, 92395, 26479, 89643, 13892, 19667, 82647, 55160, 69375]"
120448,"[4974, 29632, 10816, 14584, 5776, 53436, 76717, 3710, 100056, 25093]"
120449,"[56261, 73903, 94248, 21396, 81757, 104907, 86830, 28861, 27500, 90227]"
120450,"[27012, 45354, 21889, 81833, 30243, 94219, 83216, 95838, 65833, 35714]"
120451,"[24754, 14485, 99900, 2993, 40312, 69393, 30118, 109761, 12611, 88262]"
120452,"[34988, 55456, 99631, 11241, 43939, 40679, 59256, 19426, 47990, 31098]"
120453,"[70178, 81606, 13683, 23134, 21249, 95076, 63201, 1641, 53557, 28034]"
120454,"[37749, 12102, 107031, 105769, 77436, 31433, 95554, 38762, 88559, 90202]"
120455,"[104947, 55864, 72020, 13284, 59602, 104010, 47790, 71390, 98131, 92206]"
120456,"[79999, 103433, 59958, 17072, 88352, 37018, 81038, 32843, 11247, 71615]"
120457,"[36588, 75658, 108222, 33641, 62244, 108045, 77494, 28099, 88392, 47663]"
120458,"[92247, 61805, 105506, 65367, 9639, 19414, 12387, 60946, 50330, 86550]"
120459,"[3512, 106642, 64851, 50664, 65063, 64290, 1314, 99348, 41501, 42215]"
120460,"[21561, 91095, 46082, 101756, 41533, 27842, 23678, 59860, 15551, 67798]"
120461,"[58915, 43861, 90014, 9213, 90754, 61356, 82108, 71556, 33652, 83721]"
120462,"[39141, 14939, 74898, 106843, 42798, 89112, 22537, 28107, 6838, 38225]"
120463,"[70888, 31097, 102207, 69096, 89739, 36027, 58654, 48496, 25999, 40547]"
120464,"[107649, 75961, 35926, 20409, 13678, 84696, 63106, 108448, 23397, 22231]"
120465,"[96266, 17342, 46121, 67867, 65657, 6530, 95575, 76145, 89722, 69280]"
120466,"[61927, 6827, 26720, 74309, 104424, 56649, 23020, 105709, 44125, 48892]"
120467,"[108493, 37538, 67832, 92554, 52011, 13952, 104463, 80522, 84504, 7003]"
120468,"[24637, 19567, 88718, 86705, 35731, 89319, 9563, 71364, 50130, 73589]"
120469,"[69936, 94402, 19158, 95829, 91947, 75044, 86842, 94044, 71577, 37506]"
120470,"[35046, 69331, 82976, 58634, 23038, 46886, 94139, 10154, 62661, 99269]"
120471,"[70966, 6993, 83141, 29803, 32180, 46897, 73281, 34164, 30301, 70575]"
120472,"[98437, 40733, 47911, 70359, 77969, 84956, 61318, 63139, 42273, 94413]"
120473,"[34083, 19534, 32585, 35192, 5062, 35536, 61680, 18681, 98767, 25287]"
120474,"[88030, 64088, 50339, 46526, 44987, 96947, 20619, 79750, 31536, 31823]"
120475,"[12469, 92398, 101603, 88711, 988, 12497, 87642, 4060, 46942, 102591]"
120476,"[54757, 15486, 74962, 21397, 54116, 46537, 34265, 87143, 56187, 18289]"
120477,"[86247, 88995, 83854, 100609, 48522, 20199, 77725, 77047, 80398, 57799]"
120478,"[59734, 76104, 62597, 106834, 77131, 15243, 105938, 67623, 3721, 48746]"
120479,"[23139, 34121, 37354, 103923, 76939, 78125, 32536, 32532, 107737, 22871]"
120480,"[94491, 74748, 98166, 10121, 30816, 75640, 23303, 52929, 62709, 23918]"
120481,"[27872, 104588, 74389, 31428, 33290, 99534, 5095, 25380, 14191, 27709]"
120482,"[39196, 87127, 39824, 80053, 39111, 83495, 41253, 81365, 75977, 68251]"
120483,"[77061, 108921, 102603, 94093, 86515, 74487, 44573, 19542, 95967, 90556]"
120484,"[53762, 95612, 34600, 57219, 83897, 63902, 51400, 97348, 109168, 43517]"
120485,"[18584, 80859, 42996, 87048, 45046, 50374, 62170, 106008, 76970, 107109]"
120486,"[68590, 109433, 108300, 50477, 23032, 108856, 88005, 54488, 22773, 90521]"
120487,"[29474, 73936, 106502, 72050, 21419, 40405, 6143, 1499, 60106, 86834]"
120488,"[91135, 104971, 49133, 67775, 24829, 93614, 34033, 100475, 35552, 93725]"
120489,"[81551, 20562, 19478, 44541, 5174, 56062, 79021, 51754, 25791, 20862]"
120490,"[44462, 105429, 39744, 41249, 97425, 14382, 43968, 1023, 26039, 52202]"
120491,"[49894, 72848, 60047, 28030, 41058, 27504, 27296, 103145, 91242, 109361]"
120492,"[67173, 104992, 42222, 85840, 109501, 52499, 87182, 31749, 25459, 71256]"
120493,"[54378, 4302, 74330, 76376, 81816, 37968, 84738, 47030, 107779, 60391]"
120494,"[66641, 106347, 102994, 26291, 28958, 42501, 48570, 1591, 101280, 65718]"
120495,"[105374, 82208, 67523, 58184, 102601, 77155, 69770, 56243, 16951, 11839]"
120496,"[19581, 41573, 80408, 25634, 78694, 42640, 75688, 80039, 29508, 27685]"
120497,"[25608, 62028, 51067, 108497, 99544, 41918, 59295, 106199, 1053, 56012]"
120498,"[39815, 107761, 90616, 32835, 59550, 81938, 16865, 75374, 33210, 79726]"
120499,"[35754, 19520, 73309, 51684, 79174, 16197, 7514, 72690, 80887, 64679]"
120500,"[54266, 45248, 3352, 13825, 19122, 21812, 52127, 33858, 93798, 53009]"
120501,"[36958, 88429, 40979, 94528, 58739, 89520, 71807, 79760, 4886, 12259]"
120502,"[107525, 51892, 74136, 98466, 88326, 12548, 13117, 77862, 88824, 87102]"
120503,"[10019, 46480, 102142, 95999, 123, 104853, 89488, 71078, 50006, 109197]"
120504,"[27529, 104331, 64890, 104867, 12922, 88314, 18526, 69161, 98388, 11913]"
120505,"[70542, 20363, 40446, 52385, 85500, 8944, 56048, 109644, 83664, 42976]"
120506,"[79397, 69024, 18365, 95052, 22455, 60946, 63615, 61155, 10837, 29009]"
120507,"[63339, 57535, 7425, 84277, 83081, 58051, 31651, 12028, 41530, 83472]"
120508,"[13480, 3157, 10685, 19337, 47534, 44573, 27304, 87230, 95967, 40298]"
120509,"[34555, 1032, 37248, 76688, 59928, 43291, 108372, 30956, 26158, 103751]"
120510,"[38112, 86151, 33131, 53876, 33217, 39905, 34351, 66300, 62515, 15923]"
120511,"[75469, 62428, 90342, 56409, 97523, 32399, 99056, 11446, 73290, 24958]"
120512,"[55547, 108989, 57176, 35192, 61680, 38644, 53109, 26780, 97182, 46845]"
120513,"[96725, 74332, 79809, 67907, 74330, 4302, 91634, 97355, 53940, 1493]"
120514,"[25459, 31749, 23058, 35927, 96079, 1255, 51293, 3864, 38528, 88257]"
120515,"[79763, 27360, 51958, 27049, 35385, 48634, 62264, 97210, 106935, 93406]"
120516,"[57518, 21440, 27109, 46884, 56106, 6091, 4889, 25639, 63302, 63207]"
120517,"[59284, 23359, 90446, 6562, 56742, 72216, 37198, 10691, 89008, 103205]"
120518,"[14697, 14910, 64165, 968, 32745, 3573, 87573, 46647, 14493, 12415]"
120519,"[52787, 15037, 36724, 89554, 84275, 108724, 66887, 87602, 10586, 10986]"
120520,"[98887, 15473, 57610, 88705, 17605, 72314, 42855, 74570, 7932, 105532]"
120521,"[75254, 11666, 56906, 62866, 82290, 23566, 79282, 23211, 95414, 81127]"
120522,"[64684, 66867, 102230, 63896, 54464, 109507, 35614, 17650, 40464, 58910]"
120523,"[18983, 45609, 32691, 99762, 106218, 55324, 52203, 44242, 4270, 107326]"
120524,"[65280, 88677, 77228, 90012, 78195, 83282, 293, 63005, 86806, 15373]"
120525,"[43638, 94994, 23436, 55197, 5690, 25622, 85483, 57954, 38910, 91509]"
120526,"[16306, 42407, 21450, 80937, 20991, 6257, 16786, 34967, 50107, 67530]"
120527,"[28653, 5249, 95370, 80409, 106420, 92291, 65268, 53546, 86806, 59243]"
120528,"[67664, 76241, 38410, 51290, 51734, 106403, 57318, 28839, 5529, 2305]"
120529,"[105639, 83538, 102967, 79458, 2505, 90022, 59906, 99019, 53793, 67437]"
120530,"[63325, 7406, 85571, 17622, 71839, 105449, 24533, 98829, 60412, 25807]"
120531,"[72574, 56056, 73341, 75621, 3785, 69461, 36269, 24602, 97590, 95373]"
120532,"[101085, 84994, 41893, 89051, 20446, 27422, 93415, 40949, 37563, 71808]"
120533,"[104623, 10715, 1979, 91605, 1566, 92657, 9959, 36527, 80272, 12700]"
120534,"[26048, 14472, 47375, 54321, 16093, 40325, 49320, 2583, 48313, 59863]"
120535,"[39528, 104621, 15670, 2038, 71744, 41962, 105806, 33055, 21046, 16336]"
120536,"[64222, 45785, 37619, 92592, 50370, 74125, 105333, 58293, 18496, 21790]"
120537,"[74342, 28593, 28330, 38861, 6346, 74270, 94288, 62490, 107916, 84878]"
120538,"[59354, 90616, 33210, 3214, 41828, 56339, 51645, 68718, 93910, 103450]"
120539,"[55061, 96202, 94365, 100946, 90039, 25627, 2515, 98673, 39518, 100918]"
120540,"[80223, 18953, 54210, 60417, 9671, 31495, 68082, 29982, 60583, 50527]"
120541,"[85796, 99997, 44500, 79425, 76739, 25344, 71964, 69176, 18635, 905]"
120542,"[49389, 76277, 2464, 105905, 72166, 49816, 25052, 96413, 101535, 85002]"
120543,"[3901, 1761, 66337, 96384, 104556, 67645, 59279, 84618, 70690, 38344]"
120544,"[83800, 70626, 2785, 54763, 84108, 19953, 30250, 35137, 42469, 99204]"
120545,"[91123, 62683, 51139, 83397, 8667, 9849, 76779, 64274, 92564, 94409]"
120546,"[60466, 39387, 60915, 93851, 98222, 59081, 73464, 38152, 31569, 22835]"
120547,"[5789, 93505, 76326, 96526, 62113, 38782, 76009, 25971, 60379, 100705]"
120548,"[13328, 94785, 51969, 84969, 81841, 61981, 5670, 43760, 41290, 105960]"
120549,"[45163, 98151, 11505, 96045, 61224, 93387, 74884, 8034, 11997, 28284]"
120550,"[68936, 106490, 75613, 45615, 22000, 67475, 49342, 73818, 84256, 10346]"
120551,"[97961, 2385, 20747, 83752, 69566, 15364, 64705, 90094, 82919, 55187]"
120552,"[16815, 18523, 54650, 21981, 23754, 53396, 61816, 10516, 11198, 56103]"
120553,"[84064, 66502, 33175, 86580, 78945, 84368, 4273, 83599, 45759, 94140]"
120554,"[59547, 21050, 68948, 17670, 41311, 4167, 24830, 42837, 60312, 9223]"
120555,"[6813, 31372, 93072, 77129, 95066, 55356, 47715, 82865, 14989, 52838]"
120556,"[44091, 38903, 109254, 52683, 4237, 22933, 77004, 93733, 54313, 60865]"
120557,"[29742, 63008, 90400, 92174, 94483, 38607, 41925, 41034, 109480, 105808]"
120558,"[16178, 38706, 4744, 58789, 70900, 15321, 15668, 62511, 109210, 50276]"
120559,"[63114, 87210, 4440, 51140, 92045, 64228, 17020, 105732, 26486, 56838]"
120560,"[44008, 17075, 104864, 37513, 12934, 83892, 26137, 101530, 83295, 103627]"
120561,"[27105, 35364, 30299, 106485, 85513, 98197, 44188, 77262, 51450, 70034]"
120562,"[99381, 76865, 41, 57450, 68532, 44968, 84548, 11166, 7036, 23015]"
120563,"[44625, 33675, 48589, 47031, 65448, 12654, 107702, 87644, 105210, 64099]"
120564,"[63805, 80739, 26888, 109298, 31909, 43703, 63660, 36694, 18871, 42538]"
120565,"[23342, 58501, 46349, 91774, 16661, 25161, 7532, 107899, 41895, 104166]"
120566,"[52598, 37957, 27065, 57052, 35380, 67068, 29599, 95906, 56939, 41909]"
120567,"[76294, 26855, 87744, 75089, 53592, 86188, 35673, 42346, 108113, 31847]"
120568,"[10490, 8190, 94827, 15283, 98463, 34484, 109305, 45064, 2421, 35815]"
120569,"[47111, 105140, 82935, 96761, 92828, 72940, 54999, 33343, 80320, 105095]"
120570,"[97700, 34914, 23805, 53795, 43634, 94176, 66645, 76862, 33876, 9862]"
120571,"[63167, 59560, 103710, 31266, 63617, 102176, 30825, 62428, 5842, 2356]"
120572,"[47100, 72279, 30947, 3509, 27906, 76663, 10949, 84797, 41430, 30263]"
120573,"[60700, 101423, 90016, 18560, 92398, 97525, 89705, 100815, 108801, 100530]"
120574,"[74434, 25644, 46078, 107279, 41469, 94542, 103406, 52987, 31172, 47532]"
120575,"[26501, 54900, 33054, 12666, 19247, 5458, 83631, 71954, 86972, 22779]"
120576,"[469, 52445, 15459, 99105, 25466, 14973, 56917, 91949, 87970, 69617]"
120577,"[38234, 34008, 56800, 18418, 17150, 55957, 78201, 66147, 45099, 3234]"
120578,"[103955, 71791, 68920, 7953, 67131, 85169, 9694, 93013, 102566, 20081]"
120579,"[67431, 75016, 45416, 47848, 79692, 31142, 44893, 63139, 87547, 98437]"
120580,"[39532, 108830, 14011, 79199, 16068, 37373, 19888, 60759, 2707, 73538]"
120581,"[45189, 50794, 82374, 102616, 95252, 66699, 42713, 56306, 63576, 87538]"
120582,"[14418, 59554, 69695, 13071, 105094, 47968, 39310, 93285, 109169, 16083]"
120583,"[43794, 89904, 74324, 53169, 69747, 75864, 30755, 90341, 12048, 29131]"
120584,"[76268, 12934, 19290, 83254, 36991, 15758, 39353, 73283, 91012, 79677]"
120585,"[61355, 83919, 6758, 2097, 81546, 11132, 21892, 66933, 74318, 9447]"
120586,"[48865, 73052, 100829, 5499, 102917, 9048, 66460, 104819, 102241, 81325]"
120587,"[52490, 20234, 96194, 60075, 108274, 33534, 39517, 15338, 74075, 103867]"
120588,"[58672, 48390, 34356, 45305, 9855, 97338, 12177, 31059, 24156, 20155]"
120589,"[22383, 9352, 108427, 88033, 11379, 26219, 106198, 90307, 26809, 25179]"
120590,"[17753, 92613, 54233, 31010, 15676, 28057, 67036, 13390, 95009, 22546]"
120591,"[8193, 63559, 52059, 38427, 109282, 47549, 48839, 35817, 18624, 90875]"
120592,"[57231, 37026, 39697, 80521, 36849, 50731, 27923, 64235, 22528, 66465]"
120593,"[23492, 102210, 378, 56327, 108944, 3207, 104330, 69148, 8298, 56685]"
120594,"[102720, 4725, 93639, 95137, 78148, 47010, 105093, 28061, 3138, 35382]"
120595,"[109171, 17656, 52663, 88609, 106350, 88916, 86725, 22063, 59998, 40135]"
120596,"[316, 12919, 60840, 76454, 89531, 76761, 106217, 14192, 99881, 78096]"
120597,"[17739, 83433, 15305, 73743, 82995, 85939, 20008, 43056, 66789, 99112]"
120598,"[33291, 78939, 24972, 80360, 99229, 102866, 20093, 31493, 22501, 97452]"
120599,"[22026, 54593, 86259, 64837, 37437, 75376, 23763, 43311, 66851, 28043]"
120600,"[79001, 78215, 58726, 28830, 72038, 87414, 29362, 40019, 1497, 93732]"
120601,"[88198, 81085, 106316, 44574, 100442, 58253, 102332, 54247, 50594, 92847]"
120602,"[108841, 28848, 48625, 26671, 208, 1040, 9266, 39557, 59427, 30149]"
120603,"[102404, 90593, 50650, 93383, 54868, 89109, 3557, 5323, 92114, 96366]"
120604,"[100901, 87132, 2230, 105236, 28953, 87292, 83052, 82889, 54540, 47264]"
120605,"[86961, 40034, 106564, 26479, 55160, 12698, 32139, 68549, 43964, 70458]"
120606,"[30382, 106480, 81563, 86564, 57345, 12096, 33087, 32362, 103081, 40127]"
120607,"[30363, 46436, 68662, 62144, 7843, 4553, 24490, 7197, 28913, 76724]"
120608,"[10826, 27132, 109580, 16599, 48053, 43851, 82623, 24157, 100090, 87521]"
120609,"[15183, 108278, 107690, 94109, 2338, 31785, 8745, 49722, 8993, 31279]"
120610,"[85261, 105741, 80742, 54714, 49346, 45693, 81459, 46580, 87630, 109133]"
120611,"[40105, 86347, 7018, 43973, 27598, 31538, 58478, 58887, 62645, 70457]"
120612,"[65842, 74417, 61354, 38916, 104836, 17348, 109431, 1591, 4759, 93637]"
120613,"[72473, 15822, 43995, 27115, 106957, 11793, 13604, 52993, 14018, 18384]"
120614,"[76113, 49885, 108213, 73005, 3828, 27775, 75621, 46711, 95373, 58603]"
120615,"[101533, 71971, 15965, 104670, 13781, 48922, 22395, 104698, 6489, 75327]"
120616,"[37994, 88217, 80728, 99289, 45634, 56440, 104865, 3263, 86773, 66930]"
120617,"[21643, 80249, 106804, 73072, 16312, 74025, 19615, 65506, 49110, 103113]"
120618,"[40254, 70084, 31160, 38893, 38783, 13439, 95523, 47671, 51351, 7826]"
120619,"[1983, 99223, 5711, 53796, 17486, 601, 55624, 107002, 40943, 66065]"
120620,"[105557, 9998, 44336, 25483, 5315, 105309, 14029, 62439, 91302, 4469]"
120621,"[33775, 16500, 79460, 61515, 73853, 8379, 21304, 27247, 70051, 49067]"
120622,"[65571, 49021, 78417, 9284, 20509, 27500, 101792, 23585, 23420, 8574]"
120623,"[18915, 14509, 12987, 16948, 40, 70046, 46710, 79999, 17072, 65427]"
120624,"[6057, 26762, 97952, 100392, 53867, 71329, 65464, 67744, 25719, 89717]"
120625,"[86470, 18635, 78272, 25344, 11845, 54676, 60236, 6107, 2171, 21105]"
120626,"[40385, 85443, 23704, 18221, 88877, 6466, 100388, 103295, 65895, 70574]"
120627,"[62270, 35229, 91769, 73603, 10674, 22404, 83941, 48943, 108578, 23812]"
120628,"[73373, 55781, 75974, 94117, 56196, 55207, 26685, 104174, 27297, 63742]"
120629,"[59554, 16025, 105094, 14418, 93285, 39310, 1115, 21301, 1798, 23646]"
120630,"[73356, 10131, 38311, 67234, 102232, 1577, 45124, 46894, 58286, 47397]"
120631,"[88782, 93270, 42462, 27403, 64356, 63827, 88607, 76034, 92049, 53877]"
120632,"[29266, 5697, 63345, 6872, 38026, 85897, 83075, 52337, 13591, 22184]"
120633,"[95926, 106598, 105575, 4157, 87767, 66490, 55239, 83262, 72590, 66285]"
120634,"[3580, 20796, 14617, 14152, 104445, 6646, 14668, 72683, 868, 88471]"
120635,"[39020, 55792, 23584, 69001, 52488, 60413, 8214, 57497, 105897, 75511]"
120636,"[24022, 20903, 84755, 98446, 26546, 101133, 13166, 43924, 31807, 58999]"
120637,"[94064, 31265, 34, 15400, 100362, 61907, 53169, 99412, 25884, 49848]"
120638,"[9820, 24444, 92006, 47556, 78485, 77006, 41395, 105414, 72545, 68197]"
120639,"[43765, 80284, 77509, 69872, 21607, 99987, 59045, 38690, 109044, 40380]"
120640,"[25611, 58476, 51732, 81112, 99834, 21514, 96849, 76148, 25334, 12076]"
120641,"[27623, 31405, 69959, 15913, 54335, 67417, 37510, 64684, 1539, 6956]"
120642,"[3824, 79973, 69142, 103543, 49005, 63828, 96588, 73133, 8242, 41373]"
120643,"[64567, 19131, 43967, 22695, 9222, 46189, 15394, 57738, 31635, 49357]"
120644,"[11607, 49015, 97947, 107984, 3070, 31213, 30626, 14628, 33039, 61929]"
120645,"[32178, 9226, 9287, 85792, 20471, 77255, 40999, 79834, 28539, 35961]"
120646,"[47003, 107722, 89652, 3656, 60962, 90212, 35120, 22794, 101113, 99091]"
120647,"[95397, 23543, 84631, 92676, 63170, 47135, 58374, 79060, 807, 63461]"
120648,"[99404, 34899, 74879, 33184, 17173, 62101, 103139, 2496, 23118, 66445]"
120649,"[49049, 83508, 45590, 58552, 66469, 60122, 41483, 109302, 95389, 79571]"
120650,"[86968, 106602, 37933, 91281, 35804, 11201, 102950, 93479, 66940, 48652]"
120651,"[92304, 40431, 48094, 59834, 71832, 28611, 49768, 85352, 84320, 38483]"
120652,"[102169, 21093, 35654, 89424, 52570, 7150, 71223, 70388, 91532, 15191]"
120653,"[6256, 68643, 101495, 57023, 62650, 33079, 15226, 84586, 85869, 73825]"
120654,"[103315, 25801, 86192, 80468, 26012, 74940, 3566, 105222, 63059, 106993]"
120655,"[43334, 15964, 66910, 74615, 109203, 103341, 37196, 96431, 93869, 64196]"
120656,"[96895, 40267, 72845, 20884, 91197, 105515, 16681, 37016, 40699, 61523]"
120657,"[85867, 4748, 86361, 108169, 33064, 74441, 17389, 42351, 25452, 29728]"
120658,"[46370, 30754, 22964, 30776, 42532, 43883, 54684, 34224, 84601, 7232]"
120659,"[87212, 24476, 25707, 34411, 41126, 45520, 42835, 44388, 98902, 6237]"
120660,"[18720, 15792, 3756, 31134, 102600, 7049, 33330, 92350, 68676, 91640]"
120661,"[49269, 57574, 86607, 93955, 11058, 6429, 77423, 67736, 70432, 103919]"
120662,"[66796, 102606, 31648, 49205, 102764, 51636, 26252, 66329, 34589, 94548]"
120663,"[97228, 4411, 34140, 109132, 102118, 35531, 85123, 78690, 74265, 107029]"
120664,"[78477, 59498, 12091, 13179, 22786, 7601, 77197, 91074, 58043, 10081]"
120665,"[87781, 2301, 57262, 19574, 97818, 50376, 73781, 38388, 62300, 107639]"
120666,"[53262, 101940, 12451, 51947, 17402, 7967, 65046, 98519, 72611, 18979]"
120667,"[92001, 83184, 77693, 107640, 52183, 68172, 53717, 109614, 106217, 94367]"
120668,"[12316, 89561, 94235, 69437, 70789, 50921, 73134, 14821, 67183, 10188]"
120669,"[64774, 108807, 22330, 77833, 32968, 67149, 105460, 32344, 101176, 82987]"
120670,"[32586, 62138, 92862, 108598, 104441, 55917, 17481, 9351, 95750, 28399]"
120671,"[56698, 40232, 64140, 49380, 47539, 34042, 56095, 72651, 71574, 69259]"
120672,"[27658, 21801, 54906, 63907, 38921, 18625, 60061, 35883, 96119, 62634]"
120673,"[15517, 61247, 94970, 58078, 48363, 105709, 34062, 97210, 42989, 84127]"
120674,"[66405, 41513, 62234, 102163, 50683, 52641, 28773, 19049, 58926, 12715]"
120675,"[53296, 73171, 43237, 62702, 91845, 94327, 103599, 36550, 17377, 17851]"
120676,"[83228, 18796, 41871, 75111, 69008, 91327, 82465, 28374, 10739, 71521]"
120677,"[50030, 53834, 30253, 92180, 59711, 1120, 55021, 95392, 27188, 55136]"
120678,"[62202, 91118, 46853, 56530, 78951, 34860, 64269, 1027, 11736, 10735]"
120679,"[40691, 77847, 49359, 83578, 105949, 90381, 101979, 42599, 68710, 109396]"
120680,"[102571, 52577, 33708, 46695, 72416, 33986, 64438, 60461, 44781, 95066]"
120681,"[3531, 78324, 91262, 36780, 29084, 100292, 5757, 27999, 12449, 73036]"
120682,"[109310, 16635, 104138, 58128, 53741, 72625, 29135, 81515, 66628, 39798]"
120683,"[72449, 55185, 47431, 15830, 23357, 37766, 6261, 94461, 45270, 9300]"
120684,"[75508, 63672, 47022, 34312, 67370, 5850, 72695, 98482, 35360, 38208]"
120685,"[46766, 85376, 11715, 49454, 59335, 37626, 64728, 71239, 49353, 38500]"
120686,"[107610, 47530, 31216, 76291, 56584, 10725, 66038, 28000, 77871, 46783]"
120687,"[98685, 33650, 59010, 36554, 20350, 95791, 75150, 31478, 46125, 98682]"
120688,"[71185, 3904, 106618, 72733, 50002, 72076, 21119, 49341, 26135, 57514]"
120689,"[6213, 88576, 75598, 94244, 21542, 94753, 51818, 8175, 60229, 92094]"
120690,"[55216, 2824, 19829, 46352, 3569, 19007, 102141, 66428, 83841, 103403]"
120691,"[12330, 34620, 59920, 43299, 16614, 28502, 16269, 51236, 18254, 932]"
120692,"[38879, 76301, 58553, 109617, 12269, 38877, 54904, 92918, 59888, 97460]"
120693,"[39261, 2614, 33578, 18316, 39795, 97483, 49840, 29099, 95995, 108100]"
120694,"[108986, 53212, 13406, 27262, 935, 67627, 86528, 48958, 80197, 51360]"
120695,"[933, 69084, 39924, 93679, 53791, 80164, 39058, 96858, 20148, 49136]"
120696,"[96567, 764, 31062, 4771, 78938, 35086, 6562, 14546, 61192, 95634]"
120697,"[35470, 41688, 97746, 103470, 29576, 104181, 88204, 64826, 34386, 4675]"
120698,"[39319, 45157, 87543, 59632, 109711, 14244, 91917, 62916, 61763, 96787]"
120699,"[67398, 21204, 72664, 52413, 25082, 57002, 55849, 13028, 24987, 14491]"
120700,"[37975, 4740, 62814, 70986, 70689, 59955, 19925, 72505, 108093, 87695]"
120701,"[24256, 106626, 97785, 15385, 52078, 45283, 1717, 10799, 26031, 47769]"
120702,"[73994, 63692, 27366, 13339, 84513, 109037, 67741, 107598, 27699, 96355]"
120703,"[4705, 62203, 90446, 70507, 6562, 95634, 61192, 59284, 11620, 9380]"
120704,"[7364, 51989, 25035, 104738, 22927, 32213, 37655, 34859, 30929, 21353]"
120705,"[93228, 83112, 33674, 90511, 8195, 29512, 96009, 61329, 63628, 4055]"
120706,"[27625, 83303, 1519, 39276, 48182, 39949, 109112, 13924, 18828, 5276]"
120707,"[63500, 80013, 22428, 6373, 52774, 50363, 78033, 2327, 8540, 87110]"
120708,"[16266, 105431, 13020, 77292, 82509, 5139, 97487, 66601, 5848, 90513]"
120709,"[41917, 17210, 54731, 27377, 54112, 45465, 21143, 69223, 44334, 41440]"
120710,"[106950, 27085, 38465, 19346, 55935, 24171, 32530, 55984, 31079, 109559]"
120711,"[41704, 84558, 23479, 5613, 101935, 45233, 93755, 75931, 7890, 84306]"
120712,"[56359, 66997, 16427, 83724, 85202, 48435, 82101, 16776, 47614, 16140]"
120713,"[68910, 17350, 95621, 77035, 26733, 60420, 28514, 70334, 78008, 73495]"
120714,"[77703, 25813, 9536, 61833, 51256, 79399, 68142, 13235, 97905, 42435]"
120715,"[65116, 94930, 59384, 9235, 43061, 16522, 76202, 33828, 83538, 73979]"
120716,"[84864, 84881, 7382, 22001, 107404, 99578, 45823, 38516, 52244, 86573]"
120717,"[2005, 50782, 25753, 31091, 81946, 73062, 8190, 82074, 50069, 98463]"
120718,"[100852, 26137, 14827, 84809, 103827, 69092, 101875, 46943, 1724, 3067]"
120719,"[39448, 57879, 83720, 39175, 15434, 105601, 26071, 21203, 47919, 32833]"
120720,"[71091, 7064, 21919, 83792, 45119, 77776, 98009, 95817, 48415, 85089]"
120721,"[9876, 59830, 43447, 77715, 103307, 37656, 65480, 63256, 15102, 85996]"
120722,"[107257, 102551, 57833, 55228, 94409, 102536, 31605, 82388, 65694, 90056]"
120723,"[95587, 15997, 62304, 21680, 86138, 107258, 96872, 16544, 3550, 36751]"
120724,"[24825, 101851, 9245, 15855, 57864, 92878, 11765, 29500, 82961, 97214]"
120725,"[83786, 44658, 68884, 74072, 41522, 25977, 6878, 84101, 36338, 97945]"
120726,"[101528, 102402, 104101, 93644, 97460, 59888, 80672, 87629, 92093, 76301]"
120727,"[94439, 44049, 101254, 9104, 49080, 27055, 72252, 33988, 60265, 74887]"
120728,"[13368, 101579, 94430, 33821, 86996, 386, 81646, 18288, 9699, 87759]"
120729,"[45819, 61332, 65205, 63890, 64473, 36607, 49974, 101952, 24814, 9406]"
120730,"[104901, 89730, 55841, 9457, 99547, 24401, 21118, 66212, 15334, 8641]"
120731,"[107595, 20018, 25240, 21806, 51168, 79550, 90226, 101961, 31551, 60882]"
120732,"[5826, 67453, 9327, 47964, 62887, 105559, 37674, 45523, 17430, 12342]"
120733,"[28520, 82544, 101496, 49610, 41212, 81066, 50465, 40626, 80086, 82138]"
120734,"[74847, 76241, 90885, 37773, 960, 80828, 21613, 45457, 91345, 23560]"
120735,"[98860, 44691, 8988, 45718, 26826, 30979, 82553, 80490, 89894, 50459]"
120736,"[81988, 68931, 107628, 73053, 29297, 57962, 57236, 93720, 68503, 3699]"
120737,"[86697, 24133, 33433, 42177, 73109, 55791, 9816, 14441, 57286, 59662]"
120738,"[23560, 8861, 55468, 34921, 60841, 57013, 45457, 82289, 97511, 109216]"
120739,"[84481, 56511, 66941, 66685, 46182, 94803, 102062, 7716, 89014, 78922]"
120740,"[72918, 92347, 83577, 45092, 50903, 77279, 30104, 39514, 40815, 84405]"
120741,"[32510, 67510, 24688, 9550, 34836, 107954, 96420, 21063, 46561, 32672]"
120742,"[25768, 52124, 29827, 21462, 109402, 36012, 7642, 79689, 92386, 38894]"
120743,"[7298, 42579, 83045, 51677, 31601, 108275, 80342, 68830, 2386, 69393]"
120744,"[18333, 12904, 90134, 112, 32511, 16517, 63776, 39805, 101001, 23465]"
120745,"[28131, 63702, 71763, 25606, 58224, 44876, 28066, 81027, 68529, 1632]"
120746,"[34139, 101442, 62880, 75597, 7831, 19849, 59060, 85442, 42079, 52115]"
120747,"[49538, 39795, 38908, 44003, 95995, 88051, 67847, 1522, 29099, 108100]"
120748,"[19047, 81286, 36820, 106269, 26476, 9229, 44257, 18338, 35502, 3982]"
120749,"[47427, 109049, 8182, 53867, 15232, 15357, 41414, 93029, 85718, 27858]"
120750,"[5913, 32348, 101291, 106157, 80754, 33636, 54337, 78727, 10896, 73602]"
120751,"[55704, 22930, 61385, 65887, 47372, 18810, 61232, 105328, 3842, 20635]"
120752,"[64321, 36729, 90047, 41837, 1292, 18723, 83777, 9873, 23834, 53346]"
